date,sku_id,category,units_sold,units_received,closing_stock,lead_time_days,is_new_sku,sold_lag_1,sold_lag_7,sold_roll_mean_7,sold_roll_mean_14,sold_roll_mean_7_prev,demand_trend,day_of_week,days_of_cover
2026-01-01,SKU-1000,Snacks,110.0,0,403.0,7,False,,,,,,,3,
2026-01-02,SKU-1000,Snacks,278.0,0,125.0,7,False,110.0,,,,,,4,
2026-01-03,SKU-1000,Snacks,121.0,903,907.0,7,False,278.0,,,,,,5,
2026-01-04,SKU-1000,Snacks,75.0,0,832.0,7,False,121.0,,,,,,6,
2026-01-05,SKU-1000,Snacks,71.0,0,761.0,7,False,75.0,,,,,,0,
2026-01-06,SKU-1000,Snacks,103.0,0,658.0,7,False,71.0,,,,,,1,
2026-01-07,SKU-1000,Snacks,133.0,0,525.0,7,False,103.0,,,,,,2,
2026-01-08,SKU-1000,Snacks,106.0,0,419.0,7,False,133.0,110.0,127.28571428571429,,,,3,3.291806958473625
2026-01-09,SKU-1000,Snacks,112.0,0,307.0,7,False,106.0,278.0,126.71428571428571,,,,4,2.422773393461105
2026-01-10,SKU-1000,Snacks,142.0,761,926.0,7,False,112.0,121.0,103.0,,,,5,8.990291262135923
2026-01-11,SKU-1000,Snacks,14.0,0,912.0,7,False,142.0,75.0,106.0,,,,6,8.60377358490566
2026-01-12,SKU-1000,Snacks,71.0,0,841.0,7,False,14.0,71.0,97.28571428571429,,,,0,8.644640234948605
2026-01-13,SKU-1000,Snacks,132.0,0,709.0,7,False,71.0,103.0,97.28571428571429,,,,1,7.2878120411160054
2026-01-14,SKU-1000,Snacks,119.0,896,1486.0,7,False,132.0,133.0,101.42857142857143,,,,2,14.650704225352113
2026-01-15,SKU-1000,Snacks,143.0,0,1343.0,7,False,119.0,106.0,99.42857142857143,113.35714285714286,127.28571428571429,-27.85714285714286,3,13.507183908045977
2026-01-16,SKU-1000,Snacks,137.0,0,1206.0,7,False,143.0,112.0,104.71428571428571,115.71428571428571,126.71428571428571,-22.0,4,11.517053206002728
2026-01-17,SKU-1000,Snacks,78.0,0,1128.0,7,False,137.0,142.0,108.28571428571429,105.64285714285714,103.0,5.285714285714292,5,10.41688654353562
2026-01-18,SKU-1000,Snacks,122.0,0,1006.0,7,False,78.0,14.0,99.14285714285714,102.57142857142857,106.0,-6.857142857142861,6,10.146974063400577
2026-01-19,SKU-1000,Snacks,71.0,0,935.0,7,False,122.0,71.0,114.57142857142857,105.92857142857143,97.28571428571429,17.285714285714278,0,8.160847880299253
2026-01-20,SKU-1000,Snacks,105.0,0,830.0,7,False,71.0,132.0,114.57142857142857,105.92857142857143,97.28571428571429,17.285714285714278,1,7.2443890274314215
2026-01-21,SKU-1000,Snacks,122.0,0,708.0,7,False,105.0,119.0,110.71428571428571,106.07142857142857,101.42857142857143,9.285714285714278,2,6.39483870967742
2026-01-22,SKU-1000,Snacks,82.0,0,626.0,7,False,122.0,143.0,111.14285714285714,105.28571428571429,99.42857142857143,11.714285714285708,3,5.632390745501286
2026-01-23,SKU-1000,Snacks,112.0,0,514.0,7,False,82.0,137.0,102.42857142857143,103.57142857142857,104.71428571428571,-2.2857142857142776,4,5.01813110181311
2026-01-24,SKU-1000,Snacks,124.0,0,390.0,7,False,112.0,78.0,98.85714285714286,103.57142857142857,108.28571428571429,-9.42857142857143,5,3.945086705202312
2026-01-25,SKU-1000,Snacks,83.0,1000,1307.0,7,False,124.0,122.0,105.42857142857143,102.28571428571429,99.14285714285714,6.285714285714292,6,12.397018970189702
2026-01-26,SKU-1000,Snacks,181.0,0,1126.0,7,False,83.0,71.0,99.85714285714286,107.21428571428571,114.57142857142857,-14.714285714285708,0,11.276108726752502
2026-01-27,SKU-1000,Snacks,116.0,0,1010.0,7,False,181.0,105.0,115.57142857142857,115.07142857142857,114.57142857142857,1.0,1,8.739184177997528
2026-01-28,SKU-1000,Snacks,79.0,0,931.0,7,False,116.0,122.0,117.14285714285714,113.92857142857143,110.71428571428571,6.428571428571431,2,7.947560975609757
2026-01-29,SKU-1000,Snacks,97.0,0,834.0,7,False,79.0,82.0,111.0,111.07142857142857,111.14285714285714,-0.1428571428571388,3,7.513513513513513
2026-01-30,SKU-1000,Snacks,90.0,0,744.0,7,False,97.0,112.0,113.14285714285714,107.78571428571429,102.42857142857143,10.714285714285708,4,6.575757575757576
2026-01-31,SKU-1000,Snacks,122.0,0,622.0,7,False,90.0,124.0,110.0,104.42857142857143,98.85714285714286,11.142857142857139,5,5.654545454545454
2026-02-01,SKU-1000,Snacks,76.0,0,546.0,7,False,122.0,83.0,109.71428571428571,107.57142857142857,105.42857142857143,4.285714285714278,6,4.9765625
2026-02-02,SKU-1000,Snacks,106.0,0,440.0,7,False,76.0,181.0,108.71428571428571,104.28571428571429,99.85714285714286,8.857142857142847,0,4.0473061760841
2026-02-03,SKU-1000,Snacks,106.0,0,334.0,7,False,106.0,116.0,98.0,106.78571428571429,115.57142857142857,-17.57142857142857,1,3.4081632653061225
2026-02-04,SKU-1000,Snacks,108.0,0,226.0,7,False,106.0,79.0,96.57142857142857,106.85714285714286,117.14285714285714,-20.57142857142857,2,2.3402366863905324
2026-02-05,SKU-1000,Snacks,92.0,0,134.0,7,False,108.0,97.0,100.71428571428571,105.85714285714286,111.0,-10.285714285714292,3,1.3304964539007094
2026-02-06,SKU-1000,Snacks,93.0,0,41.0,7,False,92.0,90.0,100.0,106.57142857142857,113.14285714285714,-13.142857142857139,4,0.41
2026-02-07,SKU-1000,Snacks,111.0,0,0.0,7,False,93.0,122.0,100.42857142857143,105.21428571428571,110.0,-9.57142857142857,5,0.0
2026-02-08,SKU-1000,Snacks,89.0,0,0.0,7,False,111.0,76.0,98.85714285714286,104.28571428571429,109.71428571428571,-10.857142857142847,6,0.0
2026-02-09,SKU-1000,Snacks,137.0,0,0.0,7,False,89.0,106.0,100.71428571428571,104.71428571428571,108.71428571428571,-8.0,0,0.0
2026-02-10,SKU-1000,Snacks,89.0,822,733.0,7,False,137.0,106.0,105.14285714285714,101.57142857142857,98.0,7.142857142857139,1,6.971467391304348
2026-02-11,SKU-1000,Snacks,133.0,1132,1732.0,7,False,89.0,108.0,102.71428571428571,99.64285714285714,96.57142857142857,6.142857142857139,2,16.862308762169683
2026-02-12,SKU-1000,Snacks,112.0,0,1620.0,7,False,133.0,92.0,106.28571428571429,103.5,100.71428571428571,5.571428571428584,3,15.241935483870966
2026-02-13,SKU-1000,Snacks,118.0,0,1502.0,7,False,112.0,93.0,109.14285714285714,104.57142857142857,100.0,9.142857142857139,4,13.761780104712042
2026-02-14,SKU-1000,Snacks,104.0,0,1502.0,7,False,118.0,111.0,112.71428571428571,106.57142857142857,100.42857142857143,12.285714285714278,5,13.325728770595692
2026-02-14,SKU-1000,Snacks,104.0,0,1502.0,7,False,104.0,89.0,111.71428571428571,105.28571428571429,98.85714285714286,12.857142857142847,5,13.445012787723785
2026-02-15,SKU-1000,Snacks,105.0,0,1293.0,7,False,104.0,137.0,113.85714285714286,107.28571428571429,100.71428571428571,13.142857142857153,6,11.35633626097867
2026-02-16,SKU-1000,Snacks,125.0,0,1168.0,7,False,105.0,89.0,109.28571428571429,107.21428571428571,105.14285714285714,4.142857142857153,0,10.687581699346405
2026-02-17,SKU-1000,Snacks,143.0,0,1025.0,7,False,125.0,133.0,114.42857142857143,108.57142857142857,102.71428571428571,11.714285714285722,1,8.957553058676654
2026-02-18,SKU-1000,Snacks,86.0,0,939.0,7,False,143.0,112.0,115.85714285714286,111.07142857142857,106.28571428571429,9.57142857142857,2,8.104808877928484
2026-02-19,SKU-1000,Snacks,81.0,0,858.0,7,False,86.0,118.0,112.14285714285714,110.64285714285714,109.14285714285714,3.0,3,7.650955414012739
2026-02-20,SKU-1000,Snacks,105.0,0,753.0,7,False,81.0,104.0,106.85714285714286,109.78571428571429,112.71428571428571,-5.857142857142847,4,7.0467914438502675
2026-02-21,SKU-1000,Snacks,92.0,0,661.0,7,False,105.0,104.0,107.0,109.35714285714286,111.71428571428571,-4.714285714285708,5,6.177570093457944
2026-02-22,SKU-1000,Snacks,113.0,978,1526.0,7,False,92.0,105.0,105.28571428571429,109.57142857142857,113.85714285714286,-8.57142857142857,6,14.493894165535956
2026-02-23,SKU-1000,Snacks,58.0,0,1468.0,7,False,113.0,125.0,106.42857142857143,107.85714285714286,109.28571428571429,-2.857142857142861,0,13.793288590604027
2026-02-24,SKU-1000,Snacks,109.0,0,1359.0,7,False,58.0,143.0,96.85714285714286,105.64285714285714,114.42857142857143,-17.57142857142857,1,14.030973451327434
2026-02-25,SKU-1000,Snacks,139.0,0,1220.0,7,False,109.0,86.0,92.0,103.92857142857143,115.85714285714286,-23.85714285714286,2,13.26086956521739
2026-02-26,SKU-1000,Snacks,110.0,0,1110.0,7,False,139.0,81.0,99.57142857142857,105.85714285714286,112.14285714285714,-12.57142857142857,3,11.14777618364419
2026-02-27,SKU-1000,Snacks,64.0,0,1046.0,7,False,110.0,105.0,103.71428571428571,105.28571428571429,106.85714285714286,-3.142857142857153,4,10.085399449035814
2026-02-28,SKU-1000,Snacks,57.0,0,989.0,7,False,64.0,92.0,97.85714285714286,102.42857142857143,107.0,-9.142857142857139,5,10.106569343065694
2026-03-01,SKU-1000,Snacks,97.0,0,892.0,7,False,57.0,113.0,92.85714285714286,99.07142857142857,105.28571428571429,-12.42857142857143,6,9.606153846153846
2026-03-02,SKU-1000,Snacks,97.0,0,728.0,7,False,97.0,58.0,90.57142857142857,98.5,106.42857142857143,-15.857142857142861,0,8.037854889589905
2026-03-03,SKU-1000,Snacks,156.0,939,1511.0,7,False,97.0,109.0,96.14285714285714,96.5,96.85714285714286,-0.7142857142857224,1,15.716196136701338
2026-03-04,SKU-1000,Snacks,76.0,0,1435.0,7,False,156.0,139.0,102.85714285714286,97.42857142857143,92.0,10.857142857142861,2,13.951388888888888
2026-03-04,SKU-1000,Snacks,76.0,0,1435.0,7,False,76.0,110.0,93.85714285714286,96.71428571428571,99.57142857142857,-5.714285714285708,2,15.289193302891933
2026-03-05,SKU-1000,Snacks,66.0,0,1369.0,7,False,76.0,64.0,89.0,96.35714285714286,103.71428571428571,-14.714285714285708,3,15.382022471910112
2026-03-06,SKU-1000,Snacks,75.0,0,1294.0,7,False,66.0,57.0,89.28571428571429,93.57142857142857,97.85714285714286,-8.57142857142857,4,14.492799999999999
2026-03-07,SKU-1000,Snacks,136.0,0,1158.0,7,False,75.0,97.0,91.85714285714286,92.35714285714286,92.85714285714286,-1.0,5,12.606531881804043
2026-03-08,SKU-1000,Snacks,113.0,0,1045.0,7,False,136.0,97.0,97.42857142857143,94.0,90.57142857142857,6.857142857142861,6,10.725806451612902
2026-03-09,SKU-1000,Snacks,89.0,0,956.0,7,False,113.0,156.0,99.71428571428571,97.92857142857143,96.14285714285714,3.5714285714285694,0,9.587392550143267
2026-03-10,SKU-1000,Snacks,197.0,0,759.0,7,False,89.0,76.0,90.14285714285714,96.5,102.85714285714286,-12.714285714285722,1,8.419968304278923
2026-03-11,SKU-1000,Snacks,120.0,0,639.0,7,False,197.0,76.0,107.42857142857143,100.64285714285714,93.85714285714286,13.57142857142857,2,5.94813829787234
2026-03-12,SKU-1000,Snacks,113.0,0,639.0,7,False,120.0,66.0,113.71428571428571,101.35714285714286,89.0,24.714285714285708,3,5.619346733668342
2026-03-13,SKU-1000,Snacks,95.0,0,431.0,7,False,113.0,75.0,120.42857142857143,104.85714285714286,89.28571428571429,31.14285714285714,4,3.578884934756821
2026-03-14,SKU-1000,Snacks,91.0,0,340.0,7,False,95.0,136.0,123.28571428571429,107.57142857142857,91.85714285714286,31.42857142857143,5,2.757821552723059
2026-03-15,SKU-1000,Snacks,118.0,1120,1342.0,7,False,91.0,113.0,116.85714285714286,107.14285714285714,97.42857142857143,19.42857142857143,6,11.484107579462103
2026-03-16,SKU-1000,Snacks,140.0,0,1202.0,7,False,118.0,89.0,117.57142857142857,108.64285714285714,99.71428571428571,17.85714285714286,0,10.223572296476306
2026-03-17,SKU-1000,Snacks,109.0,0,1093.0,7,False,140.0,197.0,124.85714285714286,107.5,90.14285714285714,34.71428571428572,1,8.754004576659039
2026-03-18,SKU-1000,Snacks,77.0,0,1016.0,7,False,109.0,120.0,112.28571428571429,109.85714285714286,107.42857142857143,4.857142857142861,2,9.048346055979643
2026-03-19,SKU-1000,Snacks,56.0,0,960.0,7,False,77.0,113.0,106.14285714285714,109.92857142857143,113.71428571428571,-7.571428571428569,3,9.044414535666219
2026-03-20,SKU-1000,Snacks,151.0,0,809.0,7,False,56.0,95.0,98.0,109.21428571428571,120.42857142857143,-22.42857142857143,4,8.255102040816327
2026-03-21,SKU-1000,Snacks,85.0,0,724.0,7,False,151.0,91.0,106.0,114.64285714285714,123.28571428571429,-17.285714285714292,5,6.830188679245283
2026-03-22,SKU-1000,Snacks,108.0,0,616.0,7,False,85.0,118.0,105.14285714285714,111.0,116.85714285714286,-11.714285714285722,6,5.858695652173913
2026-03-23,SKU-1000,Snacks,123.0,0,493.0,7,False,108.0,140.0,103.71428571428571,110.64285714285714,117.57142857142857,-13.857142857142861,0,4.753443526170799
2026-03-24,SKU-1000,Snacks,94.0,0,399.0,7,False,123.0,109.0,101.28571428571429,113.07142857142857,124.85714285714286,-23.57142857142857,1,3.93935119887165
2026-03-25,SKU-1000,Snacks,107.0,0,292.0,7,False,94.0,77.0,99.14285714285714,105.71428571428571,112.28571428571429,-13.142857142857153,2,2.9452449567723344
2026-03-26,SKU-1000,Snacks,96.0,1114,1310.0,7,False,107.0,56.0,103.42857142857143,104.78571428571429,106.14285714285714,-2.714285714285708,3,12.66574585635359
2026-03-27,SKU-1000,Snacks,134.0,0,1176.0,7,False,96.0,151.0,109.14285714285714,103.57142857142857,98.0,11.142857142857139,4,10.774869109947645
2026-03-28,SKU-1000,Snacks,182.0,0,994.0,7,False,134.0,85.0,106.71428571428571,106.35714285714286,106.0,0.7142857142857082,5,9.31459170013387
2026-03-29,SKU-1000,Snacks,105.0,0,889.0,7,False,182.0,108.0,120.57142857142857,112.85714285714286,105.14285714285714,15.42857142857143,6,7.373222748815166
2026-03-30,SKU-1000,Snacks,117.0,0,772.0,7,False,105.0,123.0,120.14285714285714,111.92857142857143,103.71428571428571,16.42857142857143,0,6.425683709869204
2026-03-31,SKU-1000,Snacks,139.0,0,633.0,7,False,117.0,94.0,119.28571428571429,110.28571428571429,101.28571428571429,18.0,1,5.3065868263473055
2026-04-01,SKU-1000,Snacks,128.0,0,505.0,7,False,139.0,107.0,125.71428571428571,112.42857142857143,99.14285714285714,26.57142857142857,2,4.017045454545455
2026-04-02,SKU-1000,Snacks,124.0,898,1279.0,7,False,128.0,96.0,128.71428571428572,116.07142857142857,103.42857142857143,25.285714285714292,3,9.936736958934517
2026-04-03,SKU-1000,Snacks,108.0,0,1171.0,7,False,124.0,134.0,132.71428571428572,120.92857142857143,109.14285714285714,23.571428571428584,4,8.823466092572659
2026-04-04,SKU-1000,Snacks,91.0,0,1080.0,7,False,108.0,182.0,129.0,117.85714285714286,106.71428571428571,22.285714285714292,5,8.372093023255815
2026-04-05,SKU-1000,Snacks,72.0,0,1080.0,7,False,91.0,105.0,116.0,118.28571428571429,120.57142857142857,-4.571428571428569,6,9.310344827586206
2026-04-06,SKU-1000,Snacks,86.0,0,922.0,7,False,72.0,117.0,111.28571428571429,115.71428571428571,120.14285714285714,-8.857142857142847,0,8.284980744544287
2026-04-07,SKU-1000,Snacks,86.0,0,811.0,7,False,86.0,139.0,106.85714285714286,113.07142857142857,119.28571428571429,-12.42857142857143,1,7.589572192513368
2026-04-08,SKU-1000,Snacks,100.0,0,711.0,7,False,86.0,128.0,99.28571428571429,112.5,125.71428571428571,-26.428571428571416,2,7.16115107913669
2026-04-09,SKU-1000,Snacks,155.0,0,556.0,7,False,100.0,124.0,95.28571428571429,112.0,128.71428571428572,-33.42857142857143,3,5.835082458770614
2026-04-10,SKU-1000,Snacks,119.0,1012,1449.0,7,False,155.0,108.0,99.71428571428571,116.21428571428571,132.71428571428572,-33.000000000000014,4,14.531518624641835
2026-04-11,SKU-1000,Snacks,80.0,0,1369.0,7,False,119.0,91.0,101.28571428571429,115.14285714285714,129.0,-27.714285714285708,5,13.516220028208744
2026-04-12,SKU-1000,Snacks,123.0,0,1246.0,7,False,80.0,72.0,99.71428571428571,107.85714285714286,116.0,-16.285714285714292,6,12.49570200573066
2026-04-13,SKU-1000,Snacks,92.0,0,1154.0,7,False,123.0,86.0,107.0,109.14285714285714,111.28571428571429,-4.285714285714292,0,10.785046728971963
2026-04-14,SKU-1000,Snacks,105.0,0,1049.0,7,False,92.0,86.0,107.85714285714286,107.35714285714286,106.85714285714286,1.0,1,9.725827814569536
2026-04-15,SKU-1000,Snacks,117.0,0,932.0,7,False,105.0,100.0,110.57142857142857,104.92857142857143,99.28571428571429,11.285714285714278,2,8.428940568475452
2026-04-16,SKU-1000,Snacks,118.0,0,814.0,7,False,117.0,155.0,113.0,104.14285714285714,95.28571428571429,17.714285714285708,3,7.20353982300885
2026-04-17,SKU-1000,Snacks,135.0,0,679.0,7,False,118.0,119.0,107.71428571428571,103.71428571428571,99.71428571428571,8.0,4,6.3037135278514596
2026-04-18,SKU-1000,Snacks,156.0,0,523.0,7,False,135.0,80.0,110.0,105.64285714285714,101.28571428571429,8.714285714285708,5,4.754545454545455
2026-04-19,SKU-1000,Snacks,149.0,0,374.0,7,False,156.0,123.0,120.85714285714286,110.28571428571429,99.71428571428571,21.142857142857153,6,3.094562647754137
2026-04-20,SKU-1000,Snacks,119.0,0,255.0,7,False,149.0,92.0,124.57142857142857,115.78571428571429,107.0,17.57142857142857,0,2.0470183486238533
2026-04-21,SKU-1000,Snacks,99.0,0,156.0,7,False,119.0,105.0,128.42857142857142,118.14285714285714,107.85714285714286,20.571428571428555,1,1.2146829810901003
2026-04-22,SKU-1000,Snacks,76.0,0,80.0,7,False,99.0,117.0,127.57142857142857,119.07142857142857,110.57142857142857,17.0,2,0.6270996640537514
2026-04-23,SKU-1000,Snacks,102.0,0,0.0,7,False,76.0,118.0,121.71428571428571,117.35714285714286,113.0,8.714285714285708,3,0.0
2026-04-24,SKU-1000,Snacks,117.0,0,0.0,7,False,102.0,135.0,119.42857142857143,113.57142857142857,107.71428571428571,11.714285714285722,4,0.0
2026-04-25,SKU-1000,Snacks,76.0,909,833.0,7,False,117.0,156.0,116.85714285714286,113.42857142857143,110.0,6.857142857142861,5,7.128361858190709
2026-04-26,SKU-1000,Snacks,124.0,0,709.0,7,False,76.0,149.0,105.42857142857143,113.14285714285714,120.85714285714286,-15.42857142857143,6,6.724932249322493
2026-04-27,SKU-1000,Snacks,125.0,907,1491.0,7,False,124.0,119.0,101.85714285714286,113.21428571428571,124.57142857142857,-22.714285714285708,0,14.638148667601682
2026-04-28,SKU-1000,Snacks,128.0,0,1363.0,7,False,125.0,99.0,102.71428571428571,115.57142857142857,128.42857142857142,-25.714285714285708,1,13.269819193324063
2026-04-29,SKU-1000,Snacks,42.0,0,1321.0,7,False,128.0,76.0,106.85714285714286,117.21428571428571,127.57142857142857,-20.714285714285708,2,12.36229946524064
2026-04-30,SKU-1000,Snacks,142.0,0,1179.0,7,False,42.0,102.0,102.0,111.85714285714286,121.71428571428571,-19.714285714285708,3,11.558823529411764
2026-05-01,SKU-1000,Snacks,101.0,0,1078.0,7,False,142.0,117.0,107.71428571428571,113.57142857142857,119.42857142857143,-11.714285714285722,4,10.007957559681698
2026-05-02,SKU-1000,Snacks,109.0,0,969.0,7,False,101.0,76.0,105.42857142857143,111.14285714285714,116.85714285714286,-11.42857142857143,5,9.191056910569106
2026-05-03,SKU-1000,Snacks,80.0,0,889.0,7,False,109.0,124.0,110.14285714285714,107.78571428571429,105.42857142857143,4.714285714285708,6,8.071335927367056
2026-05-04,SKU-1000,Snacks,149.0,0,740.0,7,False,80.0,125.0,103.85714285714286,102.85714285714286,101.85714285714286,2.0,0,7.125171939477304
2026-05-05,SKU-1000,Snacks,89.0,0,651.0,7,False,149.0,128.0,107.28571428571429,105.0,102.71428571428571,4.571428571428584,1,6.067909454061251
2026-05-06,SKU-1000,Snacks,108.0,892,1435.0,7,False,89.0,42.0,101.71428571428571,104.28571428571429,106.85714285714286,-5.142857142857153,2,14.108146067415731
2026-05-07,SKU-1000,Snacks,102.0,0,1333.0,7,False,108.0,142.0,111.14285714285714,106.57142857142857,102.0,9.142857142857139,3,11.993573264781492
2026-05-08,SKU-1000,Snacks,62.0,0,1271.0,7,False,102.0,101.0,105.42857142857143,106.57142857142857,107.71428571428571,-2.2857142857142776,4,12.055555555555555
2026-05-09,SKU-1000,Snacks,86.0,0,1185.0,7,False,62.0,109.0,99.85714285714286,102.64285714285714,105.42857142857143,-5.571428571428569,5,11.866952789699571
2026-05-10,SKU-1000,Snacks,93.0,0,1092.0,7,False,86.0,80.0,96.57142857142857,103.35714285714286,110.14285714285714,-13.57142857142857,6,11.307692307692308
2026-05-11,SKU-1000,Snacks,112.0,0,980.0,7,False,93.0,149.0,98.42857142857143,101.14285714285714,103.85714285714286,-5.428571428571431,0,9.95645863570392
2026-05-12,SKU-1000,Snacks,142.0,0,838.0,7,False,112.0,89.0,93.14285714285714,100.21428571428571,107.28571428571429,-14.142857142857153,1,8.996932515337424
2026-05-13,SKU-1000,Snacks,97.0,0,741.0,7,False,142.0,108.0,100.71428571428571,101.21428571428571,101.71428571428571,-1.0,2,7.357446808510638
2026-05-14,SKU-1000,Snacks,150.0,761,1352.0,7,False,97.0,102.0,99.14285714285714,105.14285714285714,111.14285714285714,-12.0,3,13.636887608069165
2026-05-15,SKU-1000,Snacks,111.0,0,1241.0,7,False,150.0,62.0,106.0,105.71428571428571,105.42857142857143,0.5714285714285694,4,11.70754716981132
2026-05-16,SKU-1000,Snacks,90.0,0,1151.0,7,False,111.0,86.0,113.0,106.42857142857143,99.85714285714286,13.142857142857139,5,10.185840707964601
2026-05-17,SKU-1000,Snacks,127.0,0,1024.0,7,False,90.0,93.0,113.57142857142857,105.07142857142857,96.57142857142857,17.0,6,9.016352201257861
2026-05-18,SKU-1000,Snacks,130.0,0,894.0,7,False,127.0,112.0,118.42857142857143,108.42857142857143,98.42857142857143,20.0,0,7.548854041013269
2026-05-19,SKU-1000,Snacks,89.0,0,805.0,7,False,130.0,142.0,121.0,107.07142857142857,93.14285714285714,27.85714285714286,1,6.652892561983471
2026-05-20,SKU-1000,Snacks,96.0,0,709.0,7,False,89.0,97.0,113.42857142857143,107.07142857142857,100.71428571428571,12.714285714285722,2,6.250629722921914
2026-05-21,SKU-1000,Snacks,111.0,0,598.0,7,False,96.0,150.0,113.28571428571429,106.21428571428571,99.14285714285714,14.142857142857153,3,5.278688524590164
2026-05-22,SKU-1000,Snacks,94.0,1055,1559.0,7,False,111.0,111.0,107.71428571428571,106.85714285714286,106.0,1.7142857142857082,4,14.473474801061009
2026-05-23,SKU-1000,Snacks,88.0,0,1471.0,7,False,94.0,90.0,105.28571428571429,109.14285714285714,113.0,-7.714285714285708,5,13.971506105834463
2026-05-24,SKU-1000,Snacks,168.0,0,1303.0,7,False,88.0,127.0,105.0,109.28571428571429,113.57142857142857,-8.57142857142857,6,12.40952380952381
2026-05-25,SKU-1000,Snacks,115.0,0,1188.0,7,False,168.0,130.0,110.85714285714286,114.64285714285714,118.42857142857143,-7.571428571428569,0,10.716494845360824
2026-05-26,SKU-1000,Snacks,136.0,0,1052.0,7,False,115.0,89.0,108.71428571428571,114.85714285714286,121.0,-12.285714285714292,1,9.676741130091985
2026-05-27,SKU-1000,Snacks,122.0,0,930.0,7,False,136.0,96.0,115.42857142857143,114.42857142857143,113.42857142857143,2.0,2,8.056930693069306
2026-05-28,SKU-1000,Snacks,99.0,0,831.0,7,False,122.0,111.0,119.14285714285714,116.21428571428571,113.28571428571429,5.857142857142847,3,6.974820143884893
2026-05-29,SKU-1000,Snacks,155.0,0,676.0,7,False,99.0,94.0,117.42857142857143,112.57142857142857,107.71428571428571,9.714285714285722,4,5.75669099756691
2026-05-30,SKU-1000,Snacks,108.0,773,1341.0,7,False,155.0,88.0,126.14285714285714,115.71428571428571,105.28571428571429,20.857142857142847,5,10.630804077010193
2026-05-31,SKU-1000,Snacks,65.0,0,1276.0,7,False,108.0,168.0,129.0,117.0,105.0,24.0,6,9.891472868217054
2026-06-01,SKU-1000,Snacks,141.0,0,1135.0,7,False,65.0,115.0,114.28571428571429,112.57142857142857,110.85714285714286,3.4285714285714306,0,9.93125
2026-06-02,SKU-1000,Snacks,179.0,0,956.0,7,False,141.0,136.0,118.0,113.35714285714286,108.71428571428571,9.285714285714292,1,8.101694915254237
2026-06-03,SKU-1000,Snacks,84.0,0,872.0,7,False,179.0,122.0,124.14285714285714,119.78571428571429,115.42857142857143,8.714285714285708,2,7.0241657077100115
2026-06-04,SKU-1000,Snacks,139.0,0,733.0,7,False,84.0,99.0,118.71428571428571,118.92857142857143,119.14285714285714,-0.4285714285714306,3,6.174488567990373
2026-06-05,SKU-1000,Snacks,139.0,0,634.0,7,False,139.0,155.0,124.42857142857143,120.92857142857143,117.42857142857143,7.0,4,5.095292766934558
2026-06-06,SKU-1000,Snacks,70.0,0,564.0,7,False,139.0,108.0,122.14285714285714,124.14285714285714,126.14285714285714,-4.0,5,4.617543859649123
2026-06-07,SKU-1000,Snacks,70.0,880,1374.0,7,False,70.0,65.0,116.71428571428571,122.85714285714286,129.0,-12.285714285714292,6,11.77233782129743
2026-06-08,SKU-1000,Snacks,92.0,0,1282.0,7,False,70.0,141.0,117.42857142857143,115.85714285714286,114.28571428571429,3.142857142857139,0,10.91727493917275
2026-06-09,SKU-1000,Snacks,106.0,0,1176.0,7,False,92.0,179.0,110.42857142857143,114.21428571428571,118.0,-7.571428571428569,1,10.649417852522639
2026-06-10,SKU-1000,Snacks,120.0,0,1056.0,7,False,106.0,84.0,100.0,112.07142857142857,124.14285714285714,-24.14285714285714,2,10.56
2026-06-11,SKU-1000,Snacks,112.0,0,944.0,7,False,120.0,139.0,105.14285714285714,111.92857142857143,118.71428571428571,-13.57142857142857,3,8.978260869565217
2026-06-12,SKU-1000,Snacks,152.0,0,792.0,7,False,112.0,139.0,101.28571428571429,112.85714285714286,124.42857142857143,-23.14285714285714,4,7.819464033850493
2026-06-13,SKU-1000,Snacks,109.0,0,683.0,7,False,152.0,70.0,103.14285714285714,112.64285714285714,122.14285714285714,-19.0,5,6.621883656509696
2026-06-14,SKU-1000,Snacks,115.0,0,568.0,7,False,109.0,70.0,108.71428571428571,112.71428571428571,116.71428571428571,-8.0,6,5.2247043363994745
2026-06-15,SKU-1000,Snacks,126.0,0,442.0,7,False,115.0,92.0,115.14285714285714,116.28571428571429,117.42857142857143,-2.285714285714292,0,3.838709677419355
2026-06-16,SKU-1000,Snacks,121.0,0,321.0,7,False,126.0,106.0,120.0,115.21428571428571,110.42857142857143,9.57142857142857,1,2.675
2026-06-17,SKU-1000,Snacks,78.0,0,243.0,7,False,121.0,120.0,122.14285714285714,111.07142857142857,100.0,22.14285714285714,2,1.9894736842105263
2026-06-18,SKU-1000,Snacks,148.0,0,95.0,7,False,78.0,112.0,116.14285714285714,110.64285714285714,105.14285714285714,11.0,3,0.8179581795817958
2026-06-19,SKU-1000,Snacks,72.0,0,23.0,7,False,148.0,152.0,121.28571428571429,111.28571428571429,101.28571428571429,20.0,4,0.1896348645465253
2026-06-20,SKU-1000,Snacks,64.0,944,903.0,7,False,72.0,109.0,109.85714285714286,106.5,103.14285714285714,6.714285714285722,5,8.219765929778934
2026-06-21,SKU-1000,Snacks,74.0,0,829.0,7,False,64.0,115.0,103.42857142857143,106.07142857142857,108.71428571428571,-5.285714285714278,6,8.015193370165745
2026-06-22,SKU-1000,Snacks,103.0,0,726.0,7,False,74.0,126.0,97.57142857142857,106.35714285714286,115.14285714285714,-17.57142857142857,0,7.440702781844802
2026-06-23,SKU-1000,Snacks,50.0,0,676.0,7,False,103.0,121.0,94.28571428571429,107.14285714285714,120.0,-25.714285714285708,1,7.169696969696969
2026-06-24,SKU-1000,Snacks,59.0,0,617.0,7,False,50.0,78.0,84.14285714285714,103.14285714285714,122.14285714285714,-38.0,2,7.33276740237691
2026-06-25,SKU-1000,Snacks,136.0,0,617.0,7,False,59.0,148.0,81.42857142857143,98.78571428571429,116.14285714285714,-34.71428571428571,3,7.577192982456141
2026-06-26,SKU-1000,Snacks,60.0,0,421.0,7,False,136.0,72.0,79.71428571428571,100.5,121.28571428571429,-41.571428571428584,4,5.281362007168459
2026-06-27,SKU-1000,Snacks,168.0,0,253.0,7,False,60.0,64.0,78.0,93.92857142857143,109.85714285714286,-31.85714285714286,5,3.2435897435897436
2026-06-28,SKU-1000,Snacks,151.0,0,102.0,7,False,168.0,74.0,92.85714285714286,98.14285714285714,103.42857142857143,-10.57142857142857,6,1.0984615384615384
2026-06-29,SKU-1000,Snacks,116.0,0,0.0,7,False,151.0,103.0,103.85714285714286,100.71428571428571,97.57142857142857,6.285714285714292,0,0.0
2026-01-01,SKU-1001,Beverages,453.0,0,3108.0,5,False,,,,,,,3,
2026-01-02,SKU-1001,Beverages,453.0,0,2655.0,5,False,453.0,,,,,,4,
2026-01-03,SKU-1001,Beverages,340.0,0,2315.0,5,False,453.0,,,,,,5,
2026-01-04,SKU-1001,Beverages,373.0,0,1942.0,5,False,340.0,,,,,,6,
2026-01-05,SKU-1001,Beverages,445.0,0,1497.0,5,False,373.0,,,,,,0,
2026-01-06,SKU-1001,Beverages,468.0,3067,4096.0,5,False,445.0,,,,,,1,
2026-01-07,SKU-1001,Beverages,450.0,0,3646.0,5,False,468.0,,,,,,2,
2026-01-08,SKU-1001,Beverages,435.0,0,3211.0,5,False,450.0,453.0,426.0,,,,3,7.537558685446009
2026-01-09,SKU-1001,Beverages,457.0,0,2754.0,5,False,435.0,453.0,423.42857142857144,,,,4,6.504048582995951
2026-01-10,SKU-1001,Beverages,393.0,0,2361.0,5,False,457.0,340.0,424.0,,,,5,5.568396226415095
2026-01-11,SKU-1001,Beverages,342.0,0,2019.0,5,False,393.0,373.0,431.57142857142856,,,,6,4.6782522343594835
2026-01-12,SKU-1001,Beverages,424.0,0,1595.0,5,False,342.0,445.0,427.14285714285717,,,,0,3.734113712374582
2026-01-13,SKU-1001,Beverages,502.0,0,1093.0,5,False,424.0,468.0,424.14285714285717,,,,1,2.5769619400471537
2026-01-14,SKU-1001,Beverages,475.0,3066,3684.0,5,False,502.0,450.0,429.0,,,,2,8.587412587412587
2026-01-15,SKU-1001,Beverages,479.0,0,3205.0,5,False,475.0,435.0,432.57142857142856,429.2857142857143,426.0,6.571428571428555,3,7.409180977542933
2026-01-16,SKU-1001,Beverages,511.0,0,2694.0,5,False,479.0,457.0,438.85714285714283,431.14285714285717,423.42857142857144,15.428571428571388,4,6.138671875
2026-01-17,SKU-1001,Beverages,436.0,0,2258.0,5,False,511.0,393.0,446.57142857142856,435.2857142857143,424.0,22.571428571428555,5,5.056301983365323
2026-01-18,SKU-1001,Beverages,379.0,0,1879.0,5,False,436.0,342.0,452.7142857142857,442.14285714285717,431.57142857142856,21.142857142857167,6,4.150520668980751
2026-01-19,SKU-1001,Beverages,479.0,2631,4031.0,5,False,379.0,424.0,458.0,442.57142857142856,427.14285714285717,30.857142857142833,0,8.801310043668122
2026-01-20,SKU-1001,Beverages,443.0,0,3588.0,5,False,479.0,502.0,465.85714285714283,445.0,424.14285714285717,41.714285714285666,1,7.701931922723092
2026-01-21,SKU-1001,Beverages,503.0,0,3085.0,5,False,443.0,475.0,457.42857142857144,443.2142857142857,429.0,28.428571428571445,2,6.7442223610243595
2026-01-22,SKU-1001,Beverages,414.0,0,2671.0,5,False,503.0,479.0,461.42857142857144,447.0,432.57142857142856,28.85714285714289,3,5.788544891640867
2026-01-23,SKU-1001,Beverages,393.0,0,2278.0,5,False,414.0,511.0,452.14285714285717,445.5,438.85714285714283,13.285714285714334,4,5.03823064770932
2026-01-24,SKU-1001,Beverages,359.0,0,1919.0,5,False,393.0,436.0,435.2857142857143,440.92857142857144,446.57142857142856,-11.285714285714278,5,4.4085986215950115
2026-01-25,SKU-1001,Beverages,436.0,0,1483.0,5,False,359.0,379.0,424.2857142857143,438.5,452.7142857142857,-28.428571428571445,6,3.4952861952861953
2026-01-26,SKU-1001,Beverages,435.0,0,1048.0,5,False,436.0,479.0,432.42857142857144,445.2142857142857,458.0,-25.571428571428555,0,2.4235216385860587
2026-01-27,SKU-1001,Beverages,468.0,0,580.0,5,False,435.0,443.0,426.14285714285717,446.0,465.85714285714283,-39.714285714285666,1,1.3610459269192088
2026-01-28,SKU-1001,Beverages,501.0,0,79.0,5,False,468.0,503.0,429.7142857142857,443.57142857142856,457.42857142857144,-27.714285714285722,2,0.18384308510638298
2026-01-29,SKU-1001,Beverages,518.0,0,0.0,5,False,501.0,414.0,429.42857142857144,445.42857142857144,461.42857142857144,-32.0,3,0.0
2026-01-30,SKU-1001,Beverages,403.0,0,0.0,5,False,518.0,393.0,444.2857142857143,448.2142857142857,452.14285714285717,-7.85714285714289,4,0.0
2026-01-31,SKU-1001,Beverages,407.0,2562,2155.0,5,False,403.0,359.0,445.7142857142857,440.5,435.2857142857143,10.428571428571445,5,4.834935897435897
2026-02-01,SKU-1001,Beverages,135.0,0,2020.0,5,False,407.0,436.0,452.57142857142856,438.42857142857144,424.2857142857143,28.285714285714278,6,4.463383838383838
2026-02-02,SKU-1001,Beverages,471.0,0,1549.0,5,False,135.0,435.0,409.57142857142856,421.0,432.42857142857144,-22.85714285714289,0,3.7820020927799094
2026-02-03,SKU-1001,Beverages,366.0,2691,3874.0,5,False,471.0,468.0,414.7142857142857,420.42857142857144,426.14285714285717,-11.428571428571445,1,9.341370995521874
2026-02-04,SKU-1001,Beverages,460.0,0,3414.0,5,False,366.0,501.0,400.14285714285717,414.92857142857144,429.7142857142857,-29.571428571428555,2,8.53195287397358
2026-02-05,SKU-1001,Beverages,441.0,0,2973.0,5,False,460.0,518.0,394.2857142857143,411.85714285714283,429.42857142857144,-35.14285714285717,3,7.540217391304348
2026-02-06,SKU-1001,Beverages,1068.0,0,1905.0,5,False,441.0,403.0,383.2857142857143,413.7857142857143,444.2857142857143,-61.0,4,4.97018263138278
2026-02-07,SKU-1001,Beverages,446.0,0,1459.0,5,False,1068.0,407.0,478.2857142857143,462.0,445.7142857142857,32.571428571428555,5,3.0504778972520907
2026-02-08,SKU-1001,Beverages,507.0,3180,4132.0,5,False,446.0,135.0,483.85714285714283,468.2142857142857,452.57142857142856,31.285714285714278,6,8.539710658399764
2026-02-09,SKU-1001,Beverages,439.0,0,3693.0,5,False,507.0,471.0,537.0,473.2857142857143,409.57142857142856,127.42857142857144,0,6.877094972067039
2026-02-10,SKU-1001,Beverages,462.0,0,3231.0,5,False,439.0,366.0,532.4285714285714,473.57142857142856,414.7142857142857,117.71428571428572,1,6.068419640461497
2026-02-11,SKU-1001,Beverages,447.0,0,2784.0,5,False,462.0,460.0,546.1428571428571,473.14285714285717,400.14285714285717,145.99999999999994,2,5.09756735547999
2026-02-12,SKU-1001,Beverages,343.0,0,2441.0,5,False,447.0,441.0,544.2857142857143,469.2857142857143,394.2857142857143,150.00000000000006,3,4.4847769028871385
2026-02-13,SKU-1001,Beverages,464.0,0,1977.0,5,False,343.0,1068.0,530.2857142857143,456.7857142857143,383.2857142857143,147.00000000000006,4,3.7281788793103443
2026-02-14,SKU-1001,Beverages,352.0,2366,3991.0,5,False,464.0,446.0,444.0,461.14285714285717,478.2857142857143,-34.28571428571428,5,8.98873873873874
2026-02-15,SKU-1001,Beverages,382.0,0,3609.0,5,False,352.0,507.0,430.57142857142856,457.2142857142857,483.85714285714283,-53.28571428571428,6,8.381884538818845
2026-02-16,SKU-1001,Beverages,745.0,0,2864.0,5,False,382.0,439.0,412.7142857142857,474.85714285714283,537.0,-124.28571428571428,0,6.939425406715126
2026-02-17,SKU-1001,Beverages,416.0,0,2448.0,5,False,745.0,462.0,456.42857142857144,494.42857142857144,532.4285714285714,-76.0,1,5.363380281690141
2026-02-18,SKU-1001,Beverages,455.0,0,1993.0,5,False,416.0,447.0,449.85714285714283,498.0,546.1428571428571,-96.28571428571428,2,4.430295331851382
2026-02-19,SKU-1001,Beverages,442.0,0,1551.0,5,False,455.0,343.0,451.0,497.64285714285717,544.2857142857143,-93.28571428571433,3,3.4390243902439024
2026-02-20,SKU-1001,Beverages,381.0,2288,3458.0,5,False,442.0,464.0,465.14285714285717,497.7142857142857,530.2857142857143,-65.14285714285717,4,7.434275184275184
2026-02-21,SKU-1001,Beverages,426.0,0,3032.0,5,False,381.0,352.0,453.2857142857143,448.64285714285717,444.0,9.285714285714278,5,6.688937913646392
2026-02-22,SKU-1001,Beverages,422.0,0,2610.0,5,False,426.0,382.0,463.85714285714283,447.2142857142857,430.57142857142856,33.28571428571428,6,5.626732368340006
2026-02-23,SKU-1001,Beverages,387.0,0,2223.0,5,False,422.0,745.0,469.57142857142856,441.14285714285717,412.7142857142857,56.85714285714283,0,4.734104046242774
2026-02-24,SKU-1001,Beverages,433.0,0,1790.0,5,False,387.0,416.0,418.42857142857144,437.42857142857144,456.42857142857144,-38.0,1,4.277910549675657
2026-02-25,SKU-1001,Beverages,409.0,0,1381.0,5,False,433.0,455.0,420.85714285714283,435.35714285714283,449.85714285714283,-29.0,2,3.281398506449423
2026-02-26,SKU-1001,Beverages,379.0,3148,4150.0,5,False,409.0,442.0,414.2857142857143,432.64285714285717,451.0,-36.71428571428572,3,10.017241379310345
2026-02-27,SKU-1001,Beverages,401.0,0,3749.0,5,False,379.0,381.0,405.2857142857143,435.2142857142857,465.14285714285717,-59.85714285714289,4,9.25026436376454
2026-02-28,SKU-1001,Beverages,391.0,0,3358.0,5,False,401.0,426.0,408.14285714285717,430.7142857142857,453.2857142857143,-45.14285714285711,5,8.227511375568778
2026-03-01,SKU-1001,Beverages,460.0,0,2898.0,5,False,391.0,422.0,403.14285714285717,433.5,463.85714285714283,-60.714285714285666,6,7.188518781006378
2026-03-02,SKU-1001,Beverages,412.0,0,2486.0,5,False,460.0,387.0,408.57142857142856,439.07142857142856,469.57142857142856,-61.0,0,6.084615384615385
2026-03-03,SKU-1001,Beverages,445.0,0,2041.0,5,False,412.0,433.0,412.14285714285717,415.2857142857143,418.42857142857144,-6.285714285714278,1,4.952166377816291
2026-03-04,SKU-1001,Beverages,399.0,0,1642.0,5,False,445.0,409.0,413.85714285714283,417.35714285714283,420.85714285714283,-7.0,2,3.967552640662755
2026-03-05,SKU-1001,Beverages,114.0,0,1528.0,5,False,399.0,379.0,412.42857142857144,413.35714285714283,414.2857142857143,-1.8571428571428328,3,3.704883962590925
2026-03-06,SKU-1001,Beverages,114.0,3198,4295.0,5,False,114.0,401.0,374.57142857142856,389.92857142857144,405.2857142857143,-30.714285714285722,4,11.466437833714721
2026-03-07,SKU-1001,Beverages,439.0,0,3856.0,5,False,114.0,391.0,333.57142857142856,370.85714285714283,408.14285714285717,-74.57142857142861,5,11.559743040685225
2026-03-08,SKU-1001,Beverages,387.0,0,3469.0,5,False,439.0,460.0,340.42857142857144,371.7857142857143,403.14285714285717,-62.71428571428572,6,10.190096516995384
2026-03-09,SKU-1001,Beverages,437.0,0,3032.0,5,False,387.0,412.0,330.0,369.2857142857143,408.57142857142856,-78.57142857142856,0,9.187878787878788
2026-03-10,SKU-1001,Beverages,437.0,0,2595.0,5,False,437.0,445.0,333.57142857142856,372.85714285714283,412.14285714285717,-78.57142857142861,1,7.779443254817988
2026-03-11,SKU-1001,Beverages,409.0,0,2186.0,5,False,437.0,399.0,332.42857142857144,373.14285714285717,413.85714285714283,-81.42857142857139,2,6.575848732273313
2026-03-12,SKU-1001,Beverages,412.0,0,1774.0,5,False,409.0,114.0,333.85714285714283,373.14285714285717,412.42857142857144,-78.57142857142861,3,5.313649978605049
2026-03-13,SKU-1001,Beverages,522.0,2482,3734.0,5,False,412.0,114.0,376.42857142857144,375.5,374.57142857142856,1.8571428571428896,4,9.91954459203036
2026-03-14,SKU-1001,Beverages,382.0,0,3352.0,5,False,522.0,439.0,434.7142857142857,384.14285714285717,333.57142857142856,101.14285714285717,5,7.710811698981268
2026-03-15,SKU-1001,Beverages,414.0,0,2938.0,5,False,382.0,387.0,426.57142857142856,383.5,340.42857142857144,86.14285714285711,6,6.887474882786337
2026-03-16,SKU-1001,Beverages,434.0,0,2504.0,5,False,414.0,437.0,430.42857142857144,380.2142857142857,330.0,100.42857142857144,0,5.817457683372054
2026-03-17,SKU-1001,Beverages,536.0,0,1968.0,5,False,434.0,437.0,430.0,381.7857142857143,333.57142857142856,96.42857142857144,1,4.576744186046511
2026-03-18,SKU-1001,Beverages,495.0,0,1473.0,5,False,536.0,409.0,444.14285714285717,388.2857142857143,332.42857142857144,111.71428571428572,2,3.3165004824702473
2026-03-19,SKU-1001,Beverages,490.0,3237,4220.0,5,False,495.0,412.0,456.42857142857144,395.14285714285717,333.85714285714283,122.57142857142861,3,9.245696400625977
2026-03-20,SKU-1001,Beverages,371.0,0,3849.0,5,False,490.0,522.0,467.57142857142856,422.0,376.42857142857144,91.14285714285711,4,8.231897341888176
2026-03-21,SKU-1001,Beverages,395.0,0,3454.0,5,False,371.0,382.0,446.0,440.35714285714283,434.7142857142857,11.285714285714278,5,7.744394618834081
2026-03-22,SKU-1001,Beverages,457.0,0,2997.0,5,False,395.0,414.0,447.85714285714283,437.2142857142857,426.57142857142856,21.285714285714278,6,6.691866028708135
2026-03-23,SKU-1001,Beverages,478.0,0,2519.0,5,False,457.0,434.0,454.0,442.2142857142857,430.42857142857144,23.571428571428555,0,5.548458149779735
2026-03-24,SKU-1001,Beverages,496.0,0,2023.0,5,False,478.0,536.0,460.2857142857143,445.14285714285717,430.0,30.285714285714278,1,4.395096213531968
2026-03-25,SKU-1001,Beverages,474.0,0,1549.0,5,False,496.0,495.0,454.57142857142856,449.35714285714283,444.14285714285717,10.428571428571388,2,3.407605279698303
2026-03-26,SKU-1001,Beverages,448.0,0,1101.0,5,False,474.0,490.0,451.57142857142856,454.0,456.42857142857144,-4.85714285714289,3,2.438152483391332
2026-03-27,SKU-1001,Beverages,447.0,0,654.0,5,False,448.0,371.0,445.57142857142856,456.57142857142856,467.57142857142856,-22.0,4,1.4677781340173133
2026-03-28,SKU-1001,Beverages,387.0,0,267.0,5,False,447.0,395.0,456.42857142857144,451.2142857142857,446.0,10.428571428571445,5,0.5849765258215962
2026-03-29,SKU-1001,Beverages,398.0,0,0.0,5,False,387.0,457.0,455.2857142857143,451.57142857142856,447.85714285714283,7.428571428571445,6,0.0
2026-03-30,SKU-1001,Beverages,492.0,0,0.0,5,False,398.0,478.0,446.85714285714283,450.42857142857144,454.0,-7.142857142857167,0,0.0
2026-03-31,SKU-1001,Beverages,470.0,3149,2679.0,5,False,492.0,496.0,448.85714285714283,454.57142857142856,460.2857142857143,-11.428571428571445,1,5.968491406747295
2026-04-01,SKU-1001,Beverages,498.0,0,2181.0,5,False,470.0,474.0,445.14285714285717,449.85714285714283,454.57142857142856,-9.428571428571388,2,4.899550706033376
2026-04-02,SKU-1001,Beverages,452.0,0,1729.0,5,False,498.0,448.0,448.57142857142856,450.07142857142856,451.57142857142856,-3.0,3,3.8544585987261146
2026-04-03,SKU-1001,Beverages,452.0,0,1328.0,5,False,452.0,447.0,449.14285714285717,447.35714285714283,445.57142857142856,3.571428571428612,4,2.956743002544529
2026-04-04,SKU-1001,Beverages,312.0,0,1016.0,5,False,452.0,387.0,449.85714285714283,453.14285714285717,456.42857142857144,-6.571428571428612,5,2.2584947602413465
2026-04-05,SKU-1001,Beverages,376.0,2520,3160.0,5,False,312.0,398.0,439.14285714285717,447.2142857142857,455.2857142857143,-16.14285714285711,6,7.1958360442420295
2026-04-06,SKU-1001,Beverages,466.0,0,2694.0,5,False,376.0,492.0,436.0,441.42857142857144,446.85714285714283,-10.857142857142833,0,6.178899082568807
2026-04-07,SKU-1001,Beverages,380.0,0,2314.0,5,False,466.0,470.0,432.2857142857143,440.57142857142856,448.85714285714283,-16.571428571428555,1,5.352941176470589
2026-04-08,SKU-1001,Beverages,416.0,0,1898.0,5,False,380.0,498.0,419.42857142857144,432.2857142857143,445.14285714285717,-25.714285714285722,2,4.525204359673024
2026-04-09,SKU-1001,Beverages,443.0,0,1455.0,5,False,416.0,452.0,407.7142857142857,428.14285714285717,448.57142857142856,-40.85714285714283,3,3.568675543097407
2026-04-10,SKU-1001,Beverages,389.0,0,1066.0,5,False,443.0,452.0,406.42857142857144,427.7857142857143,449.14285714285717,-42.71428571428572,4,2.622847100175747
2026-04-11,SKU-1001,Beverages,445.0,2436,3057.0,5,False,389.0,312.0,397.42857142857144,423.64285714285717,449.85714285714283,-52.42857142857139,5,7.6919482386772104
2026-04-12,SKU-1001,Beverages,469.0,0,2588.0,5,False,445.0,376.0,416.42857142857144,427.7857142857143,439.14285714285717,-22.714285714285722,6,6.214751286449399
2026-04-13,SKU-1001,Beverages,415.0,0,2173.0,5,False,469.0,466.0,429.7142857142857,432.85714285714283,436.0,-6.285714285714278,0,5.0568484042553195
2026-04-14,SKU-1001,Beverages,454.0,0,1719.0,5,False,415.0,380.0,422.42857142857144,427.35714285714283,432.2857142857143,-9.857142857142833,1,4.069327020629015
2026-04-15,SKU-1001,Beverages,451.0,3090,4358.0,5,False,454.0,416.0,433.0,426.2142857142857,419.42857142857144,13.571428571428555,2,10.064665127020785
2026-04-16,SKU-1001,Beverages,401.0,0,3957.0,5,False,451.0,443.0,438.0,422.85714285714283,407.7142857142857,30.285714285714278,3,9.034246575342467
2026-04-17,SKU-1001,Beverages,510.0,0,3447.0,5,False,401.0,389.0,432.0,419.2142857142857,406.42857142857144,25.571428571428555,4,7.979166666666667
2026-04-18,SKU-1001,Beverages,436.0,0,3011.0,5,False,510.0,445.0,449.2857142857143,423.35714285714283,397.42857142857144,51.85714285714283,5,6.70174880763116
2026-04-19,SKU-1001,Beverages,428.0,0,2583.0,5,False,436.0,469.0,448.0,432.2142857142857,416.42857142857144,31.571428571428555,6,5.765625
2026-04-20,SKU-1001,Beverages,477.0,0,2106.0,5,False,428.0,415.0,442.14285714285717,435.92857142857144,429.7142857142857,12.428571428571445,0,4.763166397415185
2026-04-21,SKU-1001,Beverages,498.0,2944,4552.0,5,False,477.0,454.0,451.0,436.7142857142857,422.42857142857144,28.571428571428555,1,10.093126385809313
2026-04-22,SKU-1001,Beverages,427.0,0,4125.0,5,False,498.0,451.0,457.2857142857143,445.14285714285717,433.0,24.285714285714278,2,9.02061855670103
2026-04-23,SKU-1001,Beverages,307.0,0,3818.0,5,False,427.0,401.0,453.85714285714283,445.92857142857144,438.0,15.857142857142833,3,8.41233868429336
2026-04-24,SKU-1001,Beverages,387.0,0,3431.0,5,False,307.0,510.0,440.42857142857144,436.2142857142857,432.0,8.428571428571445,4,7.790139474537788
2026-04-25,SKU-1001,Beverages,342.0,0,3089.0,5,False,387.0,436.0,422.85714285714283,436.07142857142856,449.2857142857143,-26.428571428571445,5,7.305067567567568
2026-04-26,SKU-1001,Beverages,425.0,0,2664.0,5,False,342.0,428.0,409.42857142857144,428.7142857142857,448.0,-38.571428571428555,6,6.506629448709002
2026-04-27,SKU-1001,Beverages,450.0,0,2214.0,5,False,425.0,477.0,409.0,425.57142857142856,442.14285714285717,-33.14285714285717,0,5.41320293398533
2026-04-28,SKU-1001,Beverages,490.0,0,1724.0,5,False,450.0,498.0,405.14285714285717,428.07142857142856,451.0,-45.85714285714283,1,4.255289139633286
2026-04-29,SKU-1001,Beverages,439.0,3101,4386.0,5,False,490.0,427.0,404.0,430.64285714285717,457.2857142857143,-53.28571428571428,2,10.856435643564357
2026-04-30,SKU-1001,Beverages,468.0,0,3918.0,5,False,439.0,307.0,405.7142857142857,429.7857142857143,453.85714285714283,-48.14285714285711,3,9.657042253521126
2026-05-01,SKU-1001,Beverages,393.0,0,3525.0,5,False,468.0,387.0,428.7142857142857,434.57142857142856,440.42857142857144,-11.714285714285722,4,8.222259246917694
2026-05-02,SKU-1001,Beverages,119.0,0,3406.0,5,False,393.0,342.0,429.57142857142856,426.2142857142857,422.85714285714283,6.714285714285722,5,7.928832723644829
2026-05-03,SKU-1001,Beverages,415.0,0,2991.0,5,False,119.0,425.0,397.7142857142857,403.57142857142856,409.42857142857144,-11.714285714285722,6,7.520474137931035
2026-05-04,SKU-1001,Beverages,436.0,0,2555.0,5,False,415.0,450.0,396.2857142857143,402.64285714285717,409.0,-12.714285714285722,0,6.447368421052632
2026-05-05,SKU-1001,Beverages,447.0,0,2108.0,5,False,436.0,490.0,394.2857142857143,399.7142857142857,405.14285714285717,-10.85714285714289,1,5.346376811594203
2026-05-06,SKU-1001,Beverages,476.0,0,1632.0,5,False,447.0,439.0,388.14285714285717,396.07142857142856,404.0,-15.857142857142833,2,4.204637467795362
2026-05-07,SKU-1001,Beverages,455.0,0,1177.0,5,False,476.0,468.0,393.42857142857144,399.57142857142856,405.7142857142857,-12.285714285714278,3,2.9916485112563542
2026-05-08,SKU-1001,Beverages,435.0,0,742.0,5,False,455.0,393.0,391.57142857142856,410.14285714285717,428.7142857142857,-37.14285714285717,4,1.8949288580809924
2026-05-09,SKU-1001,Beverages,384.0,0,358.0,5,False,435.0,119.0,397.57142857142856,413.57142857142856,429.57142857142856,-32.0,5,0.9004671218109954
2026-05-10,SKU-1001,Beverages,412.0,0,0.0,5,False,384.0,415.0,435.42857142857144,416.57142857142856,397.7142857142857,37.71428571428572,6,0.0
2026-05-11,SKU-1001,Beverages,428.0,0,0.0,5,False,412.0,436.0,435.0,415.64285714285717,396.2857142857143,38.71428571428572,0,0.0
2026-05-12,SKU-1001,Beverages,375.0,0,0.0,5,False,428.0,447.0,433.85714285714283,414.07142857142856,394.2857142857143,39.571428571428555,1,0.0
2026-05-13,SKU-1001,Beverages,414.0,2285,1871.0,5,False,375.0,476.0,423.57142857142856,405.85714285714283,388.14285714285717,35.42857142857139,2,4.417200674536256
2026-05-14,SKU-1001,Beverages,441.0,3238,4668.0,5,False,414.0,455.0,414.7142857142857,404.07142857142856,393.42857142857144,21.285714285714278,3,11.255942128832242
2026-05-15,SKU-1001,Beverages,411.0,0,4257.0,5,False,441.0,435.0,412.7142857142857,402.14285714285717,391.57142857142856,21.142857142857167,4,10.314641744548286
2026-05-16,SKU-1001,Beverages,359.0,0,3898.0,5,False,411.0,384.0,409.2857142857143,403.42857142857144,397.57142857142856,11.714285714285722,5,9.5239092495637
2026-05-17,SKU-1001,Beverages,441.0,0,3457.0,5,False,359.0,412.0,405.7142857142857,420.57142857142856,435.42857142857144,-29.714285714285722,6,8.520774647887324
2026-05-18,SKU-1001,Beverages,425.0,0,3032.0,5,False,441.0,428.0,409.85714285714283,422.42857142857144,435.0,-25.142857142857167,0,7.397699546880447
2026-05-19,SKU-1001,Beverages,499.0,0,2533.0,5,False,425.0,375.0,409.42857142857144,421.64285714285717,433.85714285714283,-24.428571428571388,1,6.186671318911374
2026-05-20,SKU-1001,Beverages,451.0,0,2082.0,5,False,499.0,414.0,427.14285714285717,425.35714285714283,423.57142857142856,3.571428571428612,2,4.874247491638796
2026-05-21,SKU-1001,Beverages,477.0,0,1605.0,5,False,451.0,441.0,432.42857142857144,423.57142857142856,414.7142857142857,17.714285714285722,3,3.711595639246779
2026-05-22,SKU-1001,Beverages,446.0,0,1159.0,5,False,477.0,411.0,437.57142857142856,425.14285714285717,412.7142857142857,24.857142857142833,4,2.6487104146261835
2026-05-23,SKU-1001,Beverages,446.0,2947,3660.0,5,False,446.0,359.0,442.57142857142856,425.92857142857144,409.2857142857143,33.28571428571428,5,8.269851517107812
2026-05-24,SKU-1001,Beverages,425.0,0,3235.0,5,False,446.0,441.0,455.0,430.35714285714283,405.7142857142857,49.28571428571428,6,7.1098901098901095
2026-05-25,SKU-1001,Beverages,404.0,0,2831.0,5,False,425.0,425.0,452.7142857142857,431.2857142857143,409.85714285714283,42.85714285714289,0,6.253392237298832
2026-05-26,SKU-1001,Beverages,459.0,0,2372.0,5,False,404.0,499.0,449.7142857142857,429.57142857142856,409.42857142857144,40.28571428571428,1,5.274459974587039
2026-05-27,SKU-1001,Beverages,454.0,0,1918.0,5,False,459.0,451.0,444.0,435.57142857142856,427.14285714285717,16.857142857142833,2,4.31981981981982
2026-05-28,SKU-1001,Beverages,446.0,2957,4429.0,5,False,454.0,477.0,444.42857142857144,438.42857142857144,432.42857142857144,12.0,3,9.965605914496946
2026-05-29,SKU-1001,Beverages,433.0,0,3996.0,5,False,446.0,446.0,440.0,438.7857142857143,437.57142857142856,2.428571428571445,4,9.081818181818182
2026-05-30,SKU-1001,Beverages,418.0,0,3578.0,5,False,433.0,446.0,438.14285714285717,440.35714285714283,442.57142857142856,-4.428571428571388,5,8.16628627323117
2026-05-31,SKU-1001,Beverages,496.0,0,3082.0,5,False,418.0,425.0,434.14285714285717,444.57142857142856,455.0,-20.857142857142833,6,7.099045738729845
2026-06-01,SKU-1001,Beverages,789.0,0,2293.0,5,False,496.0,404.0,444.2857142857143,448.5,452.7142857142857,-8.428571428571445,0,5.161093247588425
2026-06-02,SKU-1001,Beverages,449.0,0,2293.0,5,False,789.0,459.0,499.2857142857143,474.5,449.7142857142857,49.571428571428555,1,4.592560801144492
2026-06-03,SKU-1001,Beverages,436.0,0,1408.0,5,False,449.0,454.0,497.85714285714283,470.92857142857144,444.0,53.85714285714283,2,2.8281205164992826
2026-06-04,SKU-1001,Beverages,487.0,2893,3814.0,5,False,436.0,446.0,495.2857142857143,469.85714285714283,444.42857142857144,50.85714285714283,3,7.700605710989328
2026-06-05,SKU-1001,Beverages,442.0,0,3372.0,5,False,487.0,433.0,501.14285714285717,470.57142857142856,440.0,61.14285714285717,4,6.728620296465222
2026-06-06,SKU-1001,Beverages,466.0,0,2906.0,5,False,442.0,418.0,502.42857142857144,470.2857142857143,438.14285714285717,64.28571428571428,5,5.783906738697754
2026-06-07,SKU-1001,Beverages,420.0,0,2486.0,5,False,466.0,496.0,509.2857142857143,471.7142857142857,434.14285714285717,75.14285714285711,6,4.881346423562412
2026-06-08,SKU-1001,Beverages,437.0,0,2049.0,5,False,420.0,789.0,498.42857142857144,471.35714285714283,444.2857142857143,54.14285714285717,0,4.110920034393809
2026-06-09,SKU-1001,Beverages,498.0,0,1551.0,5,False,437.0,449.0,448.14285714285717,473.7142857142857,499.2857142857143,-51.14285714285711,1,3.460949952183615
2026-06-10,SKU-1001,Beverages,437.0,0,1114.0,5,False,498.0,436.0,455.14285714285717,476.5,497.85714285714283,-42.714285714285666,2,2.4475831763967357
2026-06-11,SKU-1001,Beverages,427.0,0,687.0,5,False,437.0,487.0,455.2857142857143,475.2857142857143,495.2857142857143,-40.0,3,1.5089425792281141
2026-06-12,SKU-1001,Beverages,417.0,3288,3558.0,5,False,427.0,442.0,446.7142857142857,473.92857142857144,501.14285714285717,-54.428571428571445,4,7.964822513591302
2026-06-13,SKU-1001,Beverages,478.0,0,3080.0,5,False,417.0,466.0,443.14285714285717,472.7857142857143,502.42857142857144,-59.28571428571428,5,6.950354609929078
2026-06-14,SKU-1001,Beverages,429.0,0,2651.0,5,False,478.0,420.0,444.85714285714283,477.07142857142856,509.2857142857143,-64.42857142857144,6,5.959216441875402
2026-06-15,SKU-1001,Beverages,392.0,0,2259.0,5,False,429.0,437.0,446.14285714285717,472.2857142857143,498.42857142857144,-52.28571428571428,0,5.063400576368876
2026-06-16,SKU-1001,Beverages,475.0,0,1784.0,5,False,392.0,498.0,439.7142857142857,443.92857142857144,448.14285714285717,-8.428571428571445,1,4.057179987004548
2026-06-17,SKU-1001,Beverages,492.0,0,1292.0,5,False,475.0,437.0,436.42857142857144,445.7857142857143,455.14285714285717,-18.714285714285722,2,2.960392798690671
2026-06-18,SKU-1001,Beverages,383.0,0,909.0,5,False,492.0,427.0,444.2857142857143,449.7857142857143,455.2857142857143,-11.0,3,2.0459807073954983
2026-06-19,SKU-1001,Beverages,494.0,2845,3260.0,5,False,383.0,417.0,438.0,442.35714285714283,446.7142857142857,-8.714285714285722,4,7.442922374429224
2026-06-20,SKU-1001,Beverages,453.0,0,2807.0,5,False,494.0,478.0,449.0,446.07142857142856,443.14285714285717,5.857142857142833,5,6.251670378619154
2026-06-21,SKU-1001,Beverages,457.0,0,2350.0,5,False,453.0,429.0,445.42857142857144,445.14285714285717,444.85714285714283,0.571428571428612,6,5.275817831943553
2026-06-22,SKU-1001,Beverages,410.0,0,1940.0,5,False,457.0,392.0,449.42857142857144,447.7857142857143,446.14285714285717,3.2857142857142776,0,4.31659249841068
2026-06-23,SKU-1001,Beverages,430.0,3150,4660.0,5,False,410.0,475.0,452.0,445.85714285714283,439.7142857142857,12.285714285714278,1,10.309734513274336
2026-06-24,SKU-1001,Beverages,497.0,0,4163.0,5,False,430.0,492.0,445.57142857142856,441.0,436.42857142857144,9.14285714285711,2,9.343058672651491
2026-06-25,SKU-1001,Beverages,331.0,0,3832.0,5,False,497.0,383.0,446.2857142857143,445.2857142857143,444.2857142857143,2.0,3,8.586427656850192
2026-06-26,SKU-1001,Beverages,368.0,0,3464.0,5,False,331.0,494.0,438.85714285714283,438.42857142857144,438.0,0.8571428571428328,4,7.893229166666667
2026-06-27,SKU-1001,Beverages,442.0,0,3022.0,5,False,368.0,453.0,420.85714285714283,434.92857142857144,449.0,-28.142857142857167,5,7.1805838424983035
2026-06-28,SKU-1001,Beverages,409.0,0,2613.0,5,False,442.0,457.0,419.2857142857143,432.35714285714283,445.42857142857144,-26.142857142857167,6,6.232027257240205
2026-06-29,SKU-1001,Beverages,381.0,0,2232.0,5,False,409.0,410.0,412.42857142857144,430.92857142857144,449.42857142857144,-37.0,0,5.411846207135435
2026-01-01,SKU-1002,Sugar,245.0,0,1722.0,3,False,,,,,,,3,
2026-01-02,SKU-1002,Sugar,146.0,0,1576.0,3,False,245.0,,,,,,4,
2026-01-03,SKU-1002,Sugar,243.0,0,1333.0,3,False,146.0,,,,,,5,
2026-01-04,SKU-1002,Sugar,269.0,0,1064.0,3,False,243.0,,,,,,6,
2026-01-05,SKU-1002,Sugar,225.0,0,839.0,3,False,269.0,,,,,,0,
2026-01-06,SKU-1002,Sugar,222.0,0,617.0,3,False,225.0,,,,,,1,
2026-01-07,SKU-1002,Sugar,302.0,0,315.0,3,False,222.0,,,,,,2,
2026-01-08,SKU-1002,Sugar,466.0,0,0.0,3,False,302.0,245.0,236.0,,,,3,0.0
2026-01-09,SKU-1002,Sugar,216.0,703,487.0,3,False,466.0,146.0,267.57142857142856,,,,4,1.820074746396156
2026-01-10,SKU-1002,Sugar,153.0,0,334.0,3,False,216.0,243.0,277.57142857142856,,,,5,1.2032938754503346
2026-01-11,SKU-1002,Sugar,193.0,977,1118.0,3,False,153.0,269.0,264.7142857142857,,,,6,4.223421478683217
2026-01-12,SKU-1002,Sugar,209.0,0,909.0,3,False,193.0,225.0,253.85714285714286,,,,0,3.5807540799099606
2026-01-13,SKU-1002,Sugar,416.0,0,493.0,3,False,209.0,222.0,251.57142857142858,,,,1,1.9596819988642815
2026-01-14,SKU-1002,Sugar,252.0,922,1163.0,3,False,416.0,302.0,279.2857142857143,,,,2,4.164194373401535
2026-01-15,SKU-1002,Sugar,239.0,0,924.0,3,False,252.0,466.0,272.14285714285717,254.07142857142858,236.0,36.14285714285717,3,3.3952755905511807
2026-01-16,SKU-1002,Sugar,237.0,0,687.0,3,False,239.0,216.0,239.71428571428572,253.64285714285714,267.57142857142856,-27.857142857142833,4,2.865911799761621
2026-01-17,SKU-1002,Sugar,174.0,0,513.0,3,False,237.0,153.0,242.71428571428572,260.14285714285717,277.57142857142856,-34.85714285714283,5,2.1135962330782814
2026-01-18,SKU-1002,Sugar,194.0,755,1074.0,3,False,174.0,193.0,245.71428571428572,255.21428571428572,264.7142857142857,-19.0,6,4.370930232558139
2026-01-19,SKU-1002,Sugar,234.0,0,840.0,3,False,194.0,209.0,245.85714285714286,249.85714285714286,253.85714285714286,-8.0,0,3.4166182452062754
2026-01-20,SKU-1002,Sugar,216.0,0,624.0,3,False,234.0,416.0,249.42857142857142,250.5,251.57142857142858,-2.142857142857167,1,2.5017182130584192
2026-01-21,SKU-1002,Sugar,234.0,874,1264.0,3,False,216.0,252.0,220.85714285714286,250.07142857142858,279.2857142857143,-58.428571428571416,2,5.723156532988357
2026-01-22,SKU-1002,Sugar,260.0,0,1004.0,3,False,234.0,239.0,218.28571428571428,245.21428571428572,272.14285714285717,-53.85714285714289,3,4.5994764397905765
2026-01-23,SKU-1002,Sugar,252.0,0,752.0,3,False,260.0,237.0,221.28571428571428,230.5,239.71428571428572,-18.428571428571445,4,3.398321497740478
2026-01-24,SKU-1002,Sugar,262.0,0,490.0,3,False,252.0,174.0,223.42857142857142,233.07142857142858,242.71428571428572,-19.285714285714306,5,2.1930946291560103
2026-01-25,SKU-1002,Sugar,199.0,0,291.0,3,False,262.0,194.0,236.0,240.85714285714286,245.71428571428572,-9.714285714285722,6,1.2330508474576272
2026-01-26,SKU-1002,Sugar,225.0,0,66.0,3,False,199.0,234.0,236.71428571428572,241.28571428571428,245.85714285714286,-9.142857142857139,0,0.27881713940856967
2026-01-27,SKU-1002,Sugar,188.0,0,0.0,3,False,225.0,216.0,235.42857142857142,242.42857142857142,249.42857142857142,-14.0,1,0.0
2026-01-28,SKU-1002,Sugar,255.0,0,0.0,3,False,188.0,234.0,231.42857142857142,226.14285714285714,220.85714285714286,10.571428571428555,2,0.0
2026-01-29,SKU-1002,Sugar,228.0,0,0.0,3,False,255.0,260.0,234.42857142857142,226.35714285714286,218.28571428571428,16.14285714285714,3,0.0
2026-01-30,SKU-1002,Sugar,228.0,818,561.0,3,False,228.0,252.0,229.85714285714286,225.57142857142858,221.28571428571428,8.571428571428584,4,2.4406463642013674
2026-01-31,SKU-1002,Sugar,192.0,0,369.0,3,False,228.0,262.0,226.42857142857142,224.92857142857142,223.42857142857142,3.0,5,1.6296529968454259
2026-02-01,SKU-1002,Sugar,198.0,0,171.0,3,False,192.0,199.0,216.42857142857142,226.21428571428572,236.0,-19.571428571428584,6,0.7900990099009901
2026-02-02,SKU-1002,Sugar,237.0,0,0.0,3,False,198.0,225.0,216.28571428571428,226.5,236.71428571428572,-20.428571428571445,0,0.0
2026-02-03,SKU-1002,Sugar,230.0,0,0.0,3,False,237.0,188.0,218.0,226.71428571428572,235.42857142857142,-17.428571428571416,1,0.0
2026-02-04,SKU-1002,Sugar,232.0,962,730.0,3,False,230.0,255.0,224.0,227.71428571428572,231.42857142857142,-7.428571428571416,2,3.2589285714285716
2026-02-05,SKU-1002,Sugar,257.0,0,473.0,3,False,232.0,228.0,220.71428571428572,227.57142857142858,234.42857142857142,-13.714285714285694,3,2.143042071197411
2026-02-06,SKU-1002,Sugar,205.0,870,1138.0,3,False,257.0,228.0,224.85714285714286,227.35714285714286,229.85714285714286,-5.0,4,5.060991105463787
2026-02-07,SKU-1002,Sugar,241.0,0,897.0,3,False,205.0,192.0,221.57142857142858,224.0,226.42857142857142,-4.857142857142833,5,4.048355899419729
2026-02-08,SKU-1002,Sugar,229.0,0,668.0,3,False,241.0,198.0,228.57142857142858,222.5,216.42857142857142,12.142857142857167,6,2.9225
2026-02-09,SKU-1002,Sugar,268.0,0,400.0,3,False,229.0,237.0,233.0,224.64285714285714,216.28571428571428,16.714285714285722,0,1.7167381974248928
2026-02-10,SKU-1002,Sugar,219.0,0,181.0,3,False,268.0,230.0,237.42857142857142,227.71428571428572,218.0,19.428571428571416,1,0.7623345367027677
2026-02-11,SKU-1002,Sugar,216.0,799,764.0,3,False,219.0,232.0,235.85714285714286,229.92857142857142,224.0,11.857142857142861,2,3.2392489400363416
2026-02-12,SKU-1002,Sugar,226.0,0,538.0,3,False,216.0,257.0,233.57142857142858,227.14285714285714,220.71428571428572,12.857142857142861,3,2.3033639143730884
2026-02-13,SKU-1002,Sugar,203.0,0,335.0,3,False,226.0,205.0,229.14285714285714,227.0,224.85714285714286,4.285714285714278,4,1.4619700748129676
2026-02-14,SKU-1002,Sugar,188.0,0,147.0,3,False,203.0,241.0,228.85714285714286,225.21428571428572,221.57142857142858,7.285714285714278,5,0.6423220973782772
2026-02-15,SKU-1002,Sugar,194.0,857,810.0,3,False,188.0,229.0,221.28571428571428,224.92857142857142,228.57142857142858,-7.285714285714306,6,3.660426081342802
2026-02-16,SKU-1002,Sugar,212.0,0,598.0,3,False,194.0,268.0,216.28571428571428,224.64285714285714,233.0,-16.714285714285722,0,2.7648612945838837
2026-02-17,SKU-1002,Sugar,585.0,0,13.0,3,False,212.0,219.0,208.28571428571428,222.85714285714286,237.42857142857142,-29.14285714285714,1,0.062414266117969824
2026-02-18,SKU-1002,Sugar,280.0,0,0.0,3,False,585.0,216.0,260.57142857142856,248.21428571428572,235.85714285714286,24.714285714285694,2,0.0
2026-02-19,SKU-1002,Sugar,234.0,0,0.0,3,False,280.0,226.0,269.7142857142857,251.64285714285714,233.57142857142858,36.14285714285714,3,0.0
2026-02-20,SKU-1002,Sugar,260.0,0,0.0,3,False,234.0,203.0,270.85714285714283,250.0,229.14285714285714,41.714285714285694,4,0.0
2026-02-21,SKU-1002,Sugar,165.0,855,690.0,3,False,260.0,188.0,279.0,253.92857142857142,228.85714285714286,50.14285714285714,5,2.4731182795698925
2026-02-22,SKU-1002,Sugar,182.0,784,1292.0,3,False,165.0,194.0,275.7142857142857,248.5,221.28571428571428,54.428571428571445,6,4.686010362694301
2026-02-23,SKU-1002,Sugar,259.0,0,1033.0,3,False,182.0,212.0,274.0,245.14285714285714,216.28571428571428,57.71428571428572,0,3.77007299270073
2026-02-24,SKU-1002,Sugar,183.0,0,850.0,3,False,259.0,585.0,280.7142857142857,244.5,208.28571428571428,72.42857142857144,1,3.0279898218829517
2026-02-25,SKU-1002,Sugar,235.0,0,615.0,3,False,183.0,280.0,223.28571428571428,241.92857142857142,260.57142857142856,-37.28571428571428,2,2.7543186180422268
2026-02-26,SKU-1002,Sugar,222.0,0,393.0,3,False,235.0,234.0,216.85714285714286,243.28571428571428,269.7142857142857,-52.85714285714286,3,1.8122529644268774
2026-02-27,SKU-1002,Sugar,435.0,0,0.0,3,False,222.0,260.0,215.14285714285714,243.0,270.85714285714283,-55.714285714285694,4,0.0
2026-02-28,SKU-1002,Sugar,185.0,0,0.0,3,False,435.0,165.0,240.14285714285714,259.57142857142856,279.0,-38.85714285714286,5,0.0
2026-03-01,SKU-1002,Sugar,209.0,0,0.0,3,False,185.0,182.0,243.0,259.35714285714283,275.7142857142857,-32.71428571428572,6,0.0
2026-03-02,SKU-1002,Sugar,228.0,0,0.0,3,False,209.0,259.0,246.85714285714286,260.42857142857144,274.0,-27.14285714285714,0,0.0
2026-03-03,SKU-1002,Sugar,241.0,698,457.0,3,False,228.0,183.0,242.42857142857142,261.57142857142856,280.7142857142857,-38.285714285714306,1,1.8850913376546847
2026-03-04,SKU-1002,Sugar,235.0,828,1050.0,3,False,241.0,235.0,250.71428571428572,237.0,223.28571428571428,27.428571428571445,2,4.188034188034188
2026-03-05,SKU-1002,Sugar,206.0,0,844.0,3,False,235.0,222.0,250.71428571428572,233.78571428571428,216.85714285714286,33.85714285714286,3,3.366381766381766
2026-03-06,SKU-1002,Sugar,241.0,0,603.0,3,False,206.0,435.0,248.42857142857142,231.78571428571428,215.14285714285714,33.28571428571428,4,2.427257044278321
2026-03-07,SKU-1002,Sugar,198.0,0,405.0,3,False,241.0,185.0,220.71428571428572,230.42857142857142,240.14285714285714,-19.428571428571416,5,1.8349514563106795
2026-03-08,SKU-1002,Sugar,287.0,0,118.0,3,False,198.0,209.0,222.57142857142858,232.78571428571428,243.0,-20.428571428571416,6,0.5301668806161746
2026-03-09,SKU-1002,Sugar,261.0,0,0.0,3,False,287.0,228.0,233.71428571428572,240.28571428571428,246.85714285714286,-13.142857142857139,0,0.0
2026-03-10,SKU-1002,Sugar,242.0,0,0.0,3,False,261.0,241.0,238.42857142857142,240.42857142857142,242.42857142857142,-4.0,1,0.0
2026-03-11,SKU-1002,Sugar,242.0,0,0.0,3,False,242.0,235.0,238.57142857142858,244.64285714285714,250.71428571428572,-12.142857142857139,2,0.0
2026-03-12,SKU-1002,Sugar,213.0,0,0.0,3,False,242.0,206.0,239.57142857142858,245.14285714285714,250.71428571428572,-11.142857142857139,3,0.0
2026-03-13,SKU-1002,Sugar,239.0,0,0.0,3,False,213.0,241.0,240.57142857142858,244.5,248.42857142857142,-7.857142857142833,4,0.0
2026-03-14,SKU-1002,Sugar,214.0,916,702.0,3,False,239.0,198.0,240.28571428571428,230.5,220.71428571428572,19.571428571428555,5,2.9215219976218787
2026-03-15,SKU-1002,Sugar,214.0,0,514.0,3,False,214.0,287.0,242.57142857142858,232.57142857142858,222.57142857142858,20.0,6,2.1189634864546525
2026-03-16,SKU-1002,Sugar,46.0,0,468.0,3,False,214.0,261.0,232.14285714285714,232.92857142857142,233.71428571428572,-1.5714285714285836,0,2.016
2026-03-17,SKU-1002,Sugar,283.0,0,185.0,3,False,46.0,242.0,201.42857142857142,219.92857142857142,238.42857142857142,-37.0,1,0.9184397163120568
2026-03-18,SKU-1002,Sugar,243.0,0,0.0,3,False,283.0,242.0,207.28571428571428,222.92857142857142,238.57142857142858,-31.285714285714306,2,0.0
2026-03-19,SKU-1002,Sugar,230.0,684,454.0,3,False,243.0,213.0,207.42857142857142,223.5,239.57142857142858,-32.14285714285717,3,2.1887052341597797
2026-03-20,SKU-1002,Sugar,208.0,0,246.0,3,False,230.0,239.0,209.85714285714286,225.21428571428572,240.57142857142858,-30.714285714285722,4,1.1722260040844112
2026-03-21,SKU-1002,Sugar,244.0,732,734.0,3,False,208.0,214.0,205.42857142857142,222.85714285714286,240.28571428571428,-34.85714285714286,5,3.573018080667594
2026-03-22,SKU-1002,Sugar,238.0,0,496.0,3,False,244.0,214.0,209.71428571428572,226.14285714285714,242.57142857142858,-32.85714285714286,6,2.3651226158038146
2026-03-23,SKU-1002,Sugar,207.0,0,289.0,3,False,238.0,46.0,213.14285714285714,222.64285714285714,232.14285714285714,-19.0,0,1.3558981233243967
2026-03-24,SKU-1002,Sugar,276.0,0,13.0,3,False,207.0,283.0,236.14285714285714,218.78571428571428,201.42857142857142,34.71428571428572,1,0.055051421657592255
2026-03-25,SKU-1002,Sugar,185.0,798,626.0,3,False,276.0,243.0,235.14285714285714,221.21428571428572,207.28571428571428,27.85714285714286,2,2.66221142162819
2026-03-26,SKU-1002,Sugar,268.0,0,358.0,3,False,185.0,230.0,226.85714285714286,217.14285714285714,207.42857142857142,19.428571428571445,3,1.5780856423173804
2026-03-27,SKU-1002,Sugar,268.0,0,80.0,3,False,268.0,208.0,232.28571428571428,221.07142857142858,209.85714285714286,22.428571428571416,4,0.34440344403444034
2026-03-28,SKU-1002,Sugar,216.0,0,0.0,3,False,268.0,244.0,240.85714285714286,223.14285714285714,205.42857142857142,35.428571428571445,5,0.0
2026-03-29,SKU-1002,Sugar,211.0,945,734.0,3,False,216.0,238.0,236.85714285714286,223.28571428571428,209.71428571428572,27.14285714285714,6,3.0989143546441493
2026-03-30,SKU-1002,Sugar,269.0,0,465.0,3,False,211.0,207.0,233.0,223.07142857142858,213.14285714285714,19.85714285714286,0,1.9957081545064377
2026-03-31,SKU-1002,Sugar,218.0,0,247.0,3,False,269.0,276.0,241.85714285714286,239.0,236.14285714285714,5.714285714285722,1,1.0212640283520378
2026-04-01,SKU-1002,Sugar,286.0,967,928.0,3,False,218.0,185.0,233.57142857142858,234.35714285714286,235.14285714285714,-1.5714285714285552,2,3.9730886850152904
2026-04-02,SKU-1002,Sugar,262.0,0,666.0,3,False,286.0,268.0,248.0,237.42857142857142,226.85714285714286,21.14285714285714,3,2.685483870967742
2026-04-03,SKU-1002,Sugar,234.0,953,1385.0,3,False,262.0,268.0,247.14285714285714,239.71428571428572,232.28571428571428,14.857142857142861,4,5.604046242774567
2026-04-04,SKU-1002,Sugar,263.0,0,1122.0,3,False,234.0,216.0,242.28571428571428,241.57142857142858,240.85714285714286,1.4285714285714164,5,4.630896226415095
2026-04-05,SKU-1002,Sugar,207.0,0,915.0,3,False,263.0,211.0,249.0,242.92857142857142,236.85714285714286,12.142857142857139,6,3.674698795180723
2026-04-06,SKU-1002,Sugar,244.0,0,671.0,3,False,207.0,269.0,248.42857142857142,240.71428571428572,233.0,15.428571428571416,0,2.700977573317999
2026-04-07,SKU-1002,Sugar,174.0,0,497.0,3,False,244.0,218.0,244.85714285714286,243.35714285714286,241.85714285714286,3.0,1,2.02975495915986
2026-04-08,SKU-1002,Sugar,174.0,0,219.0,3,False,174.0,286.0,238.57142857142858,236.07142857142858,233.57142857142858,5.0,2,0.9179640718562874
2026-04-09,SKU-1002,Sugar,303.0,0,0.0,3,False,174.0,262.0,222.57142857142858,235.28571428571428,248.0,-25.428571428571416,3,0.0
2026-04-10,SKU-1002,Sugar,163.0,0,0.0,3,False,303.0,234.0,228.42857142857142,237.78571428571428,247.14285714285714,-18.714285714285722,4,0.0
2026-04-11,SKU-1002,Sugar,202.0,744,542.0,3,False,163.0,263.0,218.28571428571428,230.28571428571428,242.28571428571428,-24.0,5,2.4829842931937174
2026-04-12,SKU-1002,Sugar,251.0,0,291.0,3,False,202.0,207.0,209.57142857142858,229.28571428571428,249.0,-39.428571428571416,6,1.3885480572597135
2026-04-13,SKU-1002,Sugar,282.0,0,9.0,3,False,251.0,244.0,215.85714285714286,232.14285714285714,248.42857142857142,-32.571428571428555,0,0.04169424222369292
2026-04-14,SKU-1002,Sugar,266.0,0,0.0,3,False,282.0,174.0,221.28571428571428,233.07142857142858,244.85714285714286,-23.571428571428584,1,0.0
2026-04-15,SKU-1002,Sugar,364.0,857,493.0,3,False,266.0,174.0,234.42857142857142,236.5,238.57142857142858,-4.142857142857167,2,2.1029859841560024
2026-04-16,SKU-1002,Sugar,275.0,0,218.0,3,False,364.0,303.0,261.57142857142856,242.07142857142858,222.57142857142858,38.99999999999997,3,0.8334243582741672
2026-04-17,SKU-1002,Sugar,201.0,0,17.0,3,False,275.0,163.0,257.57142857142856,243.0,228.42857142857142,29.14285714285714,4,0.06600110926234055
2026-04-18,SKU-1002,Sugar,106.0,0,0.0,3,False,201.0,202.0,263.0,240.64285714285714,218.28571428571428,44.71428571428572,5,0.0
2026-04-19,SKU-1002,Sugar,254.0,0,0.0,3,False,106.0,251.0,249.28571428571428,229.42857142857142,209.57142857142858,39.714285714285694,6,0.0
2026-04-20,SKU-1002,Sugar,237.0,0,0.0,3,False,254.0,282.0,249.71428571428572,232.78571428571428,215.85714285714286,33.85714285714286,0,0.0
2026-04-21,SKU-1002,Sugar,221.0,0,0.0,3,False,237.0,266.0,243.28571428571428,232.28571428571428,221.28571428571428,22.0,1,0.0
2026-04-22,SKU-1002,Sugar,284.0,0,0.0,3,False,221.0,364.0,236.85714285714286,235.64285714285714,234.42857142857142,2.428571428571445,2,0.0
2026-04-23,SKU-1002,Sugar,274.0,0,0.0,3,False,284.0,275.0,225.42857142857142,243.5,261.57142857142856,-36.14285714285714,3,0.0
2026-04-24,SKU-1002,Sugar,217.0,0,0.0,3,False,274.0,201.0,225.28571428571428,241.42857142857142,257.57142857142856,-32.28571428571428,4,0.0
2026-04-25,SKU-1002,Sugar,253.0,690,437.0,3,False,217.0,106.0,227.57142857142858,245.28571428571428,263.0,-35.428571428571416,5,1.9202762084118015
2026-04-26,SKU-1002,Sugar,260.0,0,177.0,3,False,253.0,254.0,248.57142857142858,248.92857142857142,249.28571428571428,-0.714285714285694,6,0.7120689655172413
2026-04-27,SKU-1002,Sugar,259.0,0,0.0,3,False,260.0,237.0,249.42857142857142,249.57142857142858,249.71428571428572,-0.285714285714306,0,0.0
2026-04-28,SKU-1002,Sugar,226.0,0,0.0,3,False,259.0,221.0,252.57142857142858,247.92857142857142,243.28571428571428,9.285714285714306,1,0.0
2026-04-29,SKU-1002,Sugar,227.0,0,0.0,3,False,226.0,284.0,253.28571428571428,245.07142857142858,236.85714285714286,16.428571428571416,2,0.0
2026-04-30,SKU-1002,Sugar,304.0,0,0.0,3,False,227.0,274.0,245.14285714285714,235.28571428571428,225.42857142857142,19.714285714285722,3,0.0
2026-05-01,SKU-1002,Sugar,283.0,907,624.0,3,False,304.0,217.0,249.42857142857142,237.35714285714286,225.28571428571428,24.14285714285714,4,2.5017182130584192
2026-05-02,SKU-1002,Sugar,231.0,0,393.0,3,False,283.0,253.0,258.85714285714283,243.21428571428572,227.57142857142858,31.28571428571425,5,1.5182119205298015
2026-05-03,SKU-1002,Sugar,230.0,0,163.0,3,False,231.0,260.0,255.71428571428572,252.14285714285714,248.57142857142858,7.142857142857139,6,0.6374301675977654
2026-05-04,SKU-1002,Sugar,230.0,705,570.0,3,False,230.0,259.0,251.42857142857142,250.42857142857142,249.42857142857142,2.0,0,2.2670454545454546
2026-05-05,SKU-1002,Sugar,259.0,0,311.0,3,False,230.0,226.0,247.28571428571428,249.92857142857142,252.57142857142858,-5.285714285714306,1,1.2576545349508954
2026-05-06,SKU-1002,Sugar,263.0,734,782.0,3,False,259.0,227.0,252.0,252.64285714285714,253.28571428571428,-1.2857142857142776,2,3.1031746031746033
2026-05-07,SKU-1002,Sugar,257.0,0,525.0,3,False,263.0,304.0,257.14285714285717,251.14285714285714,245.14285714285714,12.000000000000028,3,2.0416666666666665
2026-05-08,SKU-1002,Sugar,248.0,0,277.0,3,False,257.0,283.0,250.42857142857142,249.92857142857142,249.42857142857142,1.0,4,1.1061038220193953
2026-05-09,SKU-1002,Sugar,198.0,0,79.0,3,False,248.0,231.0,245.42857142857142,252.14285714285714,258.85714285714283,-13.428571428571416,5,0.32188591385331783
2026-05-10,SKU-1002,Sugar,248.0,0,0.0,3,False,198.0,230.0,240.71428571428572,248.21428571428572,255.71428571428572,-15.0,6,0.0
2026-05-11,SKU-1002,Sugar,223.0,0,0.0,3,False,248.0,230.0,243.28571428571428,247.35714285714286,251.42857142857142,-8.142857142857139,0,0.0
2026-05-12,SKU-1002,Sugar,265.0,0,0.0,3,False,223.0,259.0,242.28571428571428,244.78571428571428,247.28571428571428,-5.0,1,0.0
2026-05-13,SKU-1002,Sugar,246.0,0,0.0,3,False,265.0,263.0,243.14285714285714,247.57142857142858,252.0,-8.857142857142861,2,0.0
2026-05-14,SKU-1002,Sugar,308.0,0,0.0,3,False,246.0,257.0,240.71428571428572,248.92857142857142,257.14285714285717,-16.428571428571445,3,0.0
2026-05-15,SKU-1002,Sugar,308.0,0,0.0,3,False,308.0,248.0,248.0,249.21428571428572,250.42857142857142,-2.4285714285714164,4,0.0
2026-05-16,SKU-1002,Sugar,261.0,0,0.0,3,False,308.0,198.0,256.57142857142856,251.0,245.42857142857142,11.142857142857139,5,0.0
2026-05-17,SKU-1002,Sugar,294.0,0,0.0,3,False,261.0,248.0,265.57142857142856,253.14285714285714,240.71428571428572,24.857142857142833,6,0.0
2026-05-18,SKU-1002,Sugar,319.0,784,465.0,3,False,294.0,223.0,272.14285714285717,257.7142857142857,243.28571428571428,28.85714285714289,0,1.7086614173228345
2026-05-19,SKU-1002,Sugar,223.0,0,242.0,3,False,319.0,265.0,285.85714285714283,264.07142857142856,242.28571428571428,43.571428571428555,1,0.846576711644178
2026-05-20,SKU-1002,Sugar,171.0,0,71.0,3,False,223.0,246.0,279.85714285714283,261.5,243.14285714285714,36.714285714285694,2,0.25370086778968864
2026-05-21,SKU-1002,Sugar,426.0,791,436.0,3,False,171.0,308.0,269.14285714285717,254.92857142857142,240.71428571428572,28.428571428571445,3,1.6199575371549892
2026-05-22,SKU-1002,Sugar,253.0,753,936.0,3,False,426.0,308.0,286.0,267.0,248.0,38.0,4,3.272727272727273
2026-05-23,SKU-1002,Sugar,202.0,0,734.0,3,False,253.0,261.0,278.14285714285717,267.35714285714283,256.57142857142856,21.571428571428612,5,2.638931689779147
2026-05-24,SKU-1002,Sugar,207.0,0,527.0,3,False,202.0,294.0,269.7142857142857,267.64285714285717,265.57142857142856,4.142857142857167,6,1.9539194915254237
2026-05-25,SKU-1002,Sugar,242.0,864,1149.0,3,False,207.0,319.0,257.2857142857143,264.7142857142857,272.14285714285717,-14.85714285714289,0,4.465852304275403
2026-05-26,SKU-1002,Sugar,309.0,0,840.0,3,False,242.0,223.0,246.28571428571428,266.07142857142856,285.85714285714283,-39.571428571428555,1,3.410672853828306
2026-05-27,SKU-1002,Sugar,329.0,0,511.0,3,False,309.0,171.0,258.57142857142856,269.2142857142857,279.85714285714283,-21.285714285714278,2,1.976243093922652
2026-05-28,SKU-1002,Sugar,244.0,951,1218.0,3,False,329.0,426.0,281.14285714285717,275.14285714285717,269.14285714285717,12.0,3,4.3323170731707314
2026-05-29,SKU-1002,Sugar,291.0,0,927.0,3,False,244.0,253.0,255.14285714285714,270.57142857142856,286.0,-30.85714285714286,4,3.6332586786114223
2026-05-30,SKU-1002,Sugar,223.0,0,704.0,3,False,291.0,202.0,260.57142857142856,269.35714285714283,278.14285714285717,-17.571428571428612,5,2.7017543859649122
2026-05-31,SKU-1002,Sugar,223.0,0,448.0,3,False,223.0,207.0,263.57142857142856,266.64285714285717,269.7142857142857,-6.142857142857167,6,1.699728997289973
2026-06-01,SKU-1002,Sugar,236.0,667,879.0,3,False,223.0,242.0,265.85714285714283,261.57142857142856,257.2857142857143,8.571428571428555,0,3.3062869425040304
2026-06-02,SKU-1002,Sugar,258.0,0,621.0,3,False,236.0,309.0,265.0,255.64285714285714,246.28571428571428,18.714285714285722,1,2.3433962264150945
2026-06-03,SKU-1002,Sugar,355.0,793,1059.0,3,False,258.0,329.0,257.7142857142857,258.14285714285717,258.57142857142856,-0.8571428571428328,2,4.10920177383592
2026-06-04,SKU-1002,Sugar,330.0,0,729.0,3,False,355.0,244.0,261.42857142857144,271.2857142857143,281.14285714285717,-19.714285714285722,3,2.7885245901639344
2026-06-05,SKU-1002,Sugar,259.0,0,470.0,3,False,330.0,291.0,273.7142857142857,264.42857142857144,255.14285714285714,18.571428571428584,4,1.7171189979123174
2026-06-06,SKU-1002,Sugar,201.0,944,1213.0,3,False,259.0,223.0,269.14285714285717,264.85714285714283,260.57142857142856,8.571428571428612,5,4.506900212314225
2026-06-07,SKU-1002,Sugar,235.0,0,978.0,3,False,201.0,223.0,266.0,264.7857142857143,263.57142857142856,2.428571428571445,6,3.6766917293233083
2026-06-08,SKU-1002,Sugar,299.0,0,679.0,3,False,235.0,236.0,267.7142857142857,266.7857142857143,265.85714285714283,1.8571428571428896,0,2.5362860192102454
2026-06-09,SKU-1002,Sugar,257.0,0,422.0,3,False,299.0,258.0,276.7142857142857,270.85714285714283,265.0,11.714285714285722,1,1.525038719669592
2026-06-10,SKU-1002,Sugar,325.0,0,97.0,3,False,257.0,355.0,276.57142857142856,267.14285714285717,257.7142857142857,18.857142857142833,2,0.3507231404958678
2026-06-11,SKU-1002,Sugar,426.0,744,415.0,3,False,325.0,330.0,272.2857142857143,266.85714285714283,261.42857142857144,10.857142857142833,3,1.5241343126967473
2026-06-12,SKU-1002,Sugar,256.0,0,159.0,3,False,426.0,259.0,286.0,279.85714285714283,273.7142857142857,12.285714285714278,4,0.5559440559440559
2026-06-13,SKU-1002,Sugar,261.0,788,686.0,3,False,256.0,201.0,285.57142857142856,277.35714285714283,269.14285714285717,16.428571428571388,5,2.4022011005502755
2026-06-14,SKU-1002,Sugar,227.0,805,1264.0,3,False,261.0,235.0,294.14285714285717,280.07142857142856,266.0,28.142857142857167,6,4.297231665857212
2026-06-15,SKU-1002,Sugar,311.0,0,953.0,3,False,227.0,299.0,293.0,280.35714285714283,267.7142857142857,25.285714285714278,0,3.2525597269624575
2026-06-16,SKU-1002,Sugar,277.0,0,676.0,3,False,311.0,257.0,294.7142857142857,285.7142857142857,276.7142857142857,18.0,1,2.2937469704314104
2026-06-17,SKU-1002,Sugar,262.0,955,1369.0,3,False,277.0,325.0,297.57142857142856,287.07142857142856,276.57142857142856,21.0,2,4.600576092174748
2026-06-18,SKU-1002,Sugar,170.0,0,1199.0,3,False,262.0,426.0,288.57142857142856,280.42857142857144,272.2857142857143,16.285714285714278,3,4.154950495049505
2026-06-19,SKU-1002,Sugar,294.0,0,905.0,3,False,170.0,256.0,252.0,269.0,286.0,-34.0,4,3.5912698412698414
2026-06-20,SKU-1002,Sugar,328.0,0,577.0,3,False,294.0,261.0,257.42857142857144,271.5,285.57142857142856,-28.14285714285711,5,2.241398446170921
2026-06-21,SKU-1002,Sugar,253.0,0,324.0,3,False,328.0,227.0,267.0,280.57142857142856,294.14285714285717,-27.142857142857167,6,1.2134831460674158
2026-06-22,SKU-1002,Sugar,235.0,899,988.0,3,False,253.0,311.0,270.7142857142857,281.85714285714283,293.0,-22.285714285714278,0,3.649604221635884
2026-06-23,SKU-1002,Sugar,336.0,0,652.0,3,False,235.0,277.0,259.85714285714283,277.2857142857143,294.7142857142857,-34.85714285714289,1,2.509070918086861
2026-06-24,SKU-1002,Sugar,311.0,0,341.0,3,False,336.0,262.0,268.2857142857143,282.92857142857144,297.57142857142856,-29.285714285714278,2,1.2710330138445154
2026-06-25,SKU-1002,Sugar,250.0,0,91.0,3,False,311.0,170.0,275.2857142857143,281.92857142857144,288.57142857142856,-13.285714285714278,3,0.33056564608199274
2026-06-26,SKU-1002,Sugar,211.0,0,0.0,3,False,250.0,294.0,286.7142857142857,269.35714285714283,252.0,34.71428571428572,4,0.0
2026-06-27,SKU-1002,Sugar,208.0,0,0.0,3,False,211.0,328.0,274.85714285714283,266.14285714285717,257.42857142857144,17.428571428571388,5,0.0
2026-06-28,SKU-1002,Sugar,209.0,0,0.0,3,False,208.0,253.0,257.7142857142857,262.35714285714283,267.0,-9.285714285714278,6,0.0
2026-06-29,SKU-1002,Sugar,238.0,897,659.0,3,False,209.0,235.0,251.42857142857142,261.07142857142856,270.7142857142857,-19.285714285714306,0,2.6210227272727273
2026-01-01,SKU-1003,Beverages,169.0,0,1804.0,7,False,,,,,,,3,
2026-01-02,SKU-1003,Beverages,240.0,0,1564.0,7,False,169.0,,,,,,4,
2026-01-03,SKU-1003,Beverages,197.0,1613,2980.0,7,False,240.0,,,,,,5,
2026-01-04,SKU-1003,Beverages,197.0,0,2812.0,7,False,197.0,,,,,,6,
2026-01-05,SKU-1003,Beverages,194.0,0,2618.0,7,False,197.0,,,,,,0,
2026-01-06,SKU-1003,Beverages,259.0,0,2359.0,7,False,194.0,,,,,,1,
2026-01-07,SKU-1003,Beverages,273.0,0,2359.0,7,False,259.0,,,,,,2,
2026-01-08,SKU-1003,Beverages,176.0,0,1910.0,7,False,273.0,169.0,218.42857142857142,,,,3,8.744277305428385
2026-01-09,SKU-1003,Beverages,162.0,0,1748.0,7,False,176.0,240.0,219.42857142857142,,,,4,7.966145833333334
2026-01-10,SKU-1003,Beverages,210.0,0,1538.0,7,False,162.0,197.0,208.28571428571428,,,,5,7.384087791495199
2026-01-11,SKU-1003,Beverages,140.0,0,1398.0,7,False,210.0,197.0,210.14285714285714,,,,6,6.652617267165194
2026-01-12,SKU-1003,Beverages,135.0,0,1263.0,7,False,140.0,194.0,202.0,,,,0,6.252475247524752
2026-01-13,SKU-1003,Beverages,222.0,0,1041.0,7,False,135.0,259.0,193.57142857142858,,,,1,5.377859778597785
2026-01-14,SKU-1003,Beverages,250.0,2198,2989.0,7,False,222.0,273.0,188.28571428571428,,,,2,15.874810318664643
2026-01-15,SKU-1003,Beverages,188.0,0,2801.0,7,False,250.0,176.0,185.0,201.71428571428572,218.42857142857142,-33.428571428571416,3,15.14054054054054
2026-01-16,SKU-1003,Beverages,233.0,0,2568.0,7,False,188.0,162.0,186.71428571428572,203.07142857142858,219.42857142857142,-32.714285714285694,4,13.75363427697016
2026-01-17,SKU-1003,Beverages,196.0,0,2372.0,7,False,233.0,210.0,196.85714285714286,202.57142857142858,208.28571428571428,-11.428571428571416,5,12.049346879535559
2026-01-18,SKU-1003,Beverages,482.0,0,1890.0,7,False,196.0,140.0,194.85714285714286,202.5,210.14285714285714,-15.285714285714278,6,9.69941348973607
2026-01-19,SKU-1003,Beverages,157.0,0,1733.0,7,False,482.0,135.0,243.71428571428572,222.85714285714286,202.0,41.71428571428572,0,7.110785463071512
2026-01-20,SKU-1003,Beverages,257.0,0,1476.0,7,False,157.0,222.0,246.85714285714286,220.21428571428572,193.57142857142858,53.28571428571428,1,5.979166666666667
2026-01-21,SKU-1003,Beverages,249.0,1542,2769.0,7,False,257.0,250.0,251.85714285714286,220.07142857142858,188.28571428571428,63.571428571428584,2,10.994327850255246
2026-01-22,SKU-1003,Beverages,251.0,0,2518.0,7,False,249.0,188.0,251.71428571428572,218.35714285714286,185.0,66.71428571428572,3,10.003405221339387
2026-01-23,SKU-1003,Beverages,201.0,0,2317.0,7,False,251.0,233.0,260.7142857142857,223.71428571428572,186.71428571428572,74.0,4,8.887123287671233
2026-01-24,SKU-1003,Beverages,171.0,0,2146.0,7,False,201.0,196.0,256.14285714285717,226.5,196.85714285714286,59.285714285714306,5,8.378137200223088
2026-01-25,SKU-1003,Beverages,200.0,0,1946.0,7,False,171.0,482.0,252.57142857142858,223.71428571428572,194.85714285714286,57.71428571428572,6,7.704751131221719
2026-01-26,SKU-1003,Beverages,247.0,0,1699.0,7,False,200.0,157.0,212.28571428571428,228.0,243.71428571428572,-31.428571428571445,0,8.003364737550472
2026-01-27,SKU-1003,Beverages,252.0,0,1699.0,7,False,247.0,257.0,225.14285714285714,236.0,246.85714285714286,-21.714285714285722,1,7.5463197969543145
2026-01-28,SKU-1003,Beverages,331.0,0,1116.0,7,False,252.0,249.0,224.42857142857142,238.14285714285714,251.85714285714286,-27.428571428571445,2,4.972628898790579
2026-01-29,SKU-1003,Beverages,215.0,0,901.0,7,False,331.0,251.0,236.14285714285714,243.92857142857142,251.71428571428572,-15.571428571428584,3,3.8154869933454325
2026-01-30,SKU-1003,Beverages,227.0,0,674.0,7,False,215.0,201.0,231.0,245.85714285714286,260.7142857142857,-29.714285714285722,4,2.9177489177489178
2026-01-31,SKU-1003,Beverages,177.0,0,497.0,7,False,227.0,171.0,234.71428571428572,245.42857142857142,256.14285714285717,-21.428571428571445,5,2.1174680462568474
2026-02-01,SKU-1003,Beverages,164.0,0,333.0,7,False,177.0,200.0,235.57142857142858,244.07142857142858,252.57142857142858,-17.0,6,1.4135839902971497
2026-02-02,SKU-1003,Beverages,188.0,0,145.0,7,False,164.0,247.0,230.42857142857142,221.35714285714286,212.28571428571428,18.14285714285714,0,0.6292622442653442
2026-02-03,SKU-1003,Beverages,234.0,2204,2115.0,7,False,188.0,252.0,222.0,223.57142857142858,225.14285714285714,-3.142857142857139,1,9.527027027027026
2026-02-04,SKU-1003,Beverages,224.0,0,1891.0,7,False,234.0,331.0,219.42857142857142,221.92857142857142,224.42857142857142,-5.0,2,8.617838541666668
2026-02-05,SKU-1003,Beverages,148.0,0,1743.0,7,False,224.0,215.0,204.14285714285714,220.14285714285714,236.14285714285714,-32.0,3,8.53813855843247
2026-02-06,SKU-1003,Beverages,326.0,0,1417.0,7,False,148.0,227.0,194.57142857142858,212.78571428571428,231.0,-36.428571428571416,4,7.282672540381791
2026-02-07,SKU-1003,Beverages,183.0,0,1234.0,7,False,326.0,177.0,208.71428571428572,221.71428571428572,234.71428571428572,-26.0,5,5.912388774811773
2026-02-08,SKU-1003,Beverages,202.0,0,1032.0,7,False,183.0,164.0,209.57142857142858,222.57142857142858,235.57142857142858,-26.0,6,4.924335378323108
2026-02-09,SKU-1003,Beverages,202.0,1740,2476.0,7,False,202.0,188.0,215.0,222.71428571428572,230.42857142857142,-15.428571428571416,0,11.516279069767442
2026-02-10,SKU-1003,Beverages,265.0,0,2211.0,7,False,202.0,234.0,217.0,219.5,222.0,-5.0,1,10.188940092165899
2026-02-11,SKU-1003,Beverages,232.0,0,1979.0,7,False,265.0,224.0,221.42857142857142,220.42857142857142,219.42857142857142,2.0,2,8.93741935483871
2026-02-12,SKU-1003,Beverages,193.0,0,1786.0,7,False,232.0,148.0,222.57142857142858,213.35714285714286,204.14285714285714,18.428571428571445,3,8.024390243902438
2026-02-13,SKU-1003,Beverages,149.0,0,1637.0,7,False,193.0,326.0,229.0,211.78571428571428,194.57142857142858,34.428571428571416,4,7.148471615720524
2026-02-14,SKU-1003,Beverages,137.0,0,1500.0,7,False,149.0,183.0,203.71428571428572,206.21428571428572,208.71428571428572,-5.0,5,7.363253856942496
2026-02-15,SKU-1003,Beverages,457.0,1528,2571.0,7,False,137.0,202.0,197.14285714285714,203.35714285714286,209.57142857142858,-12.428571428571445,6,13.041304347826086
2026-02-16,SKU-1003,Beverages,259.0,0,2312.0,7,False,457.0,202.0,233.57142857142858,224.28571428571428,215.0,18.571428571428584,0,9.898470948012232
2026-02-17,SKU-1003,Beverages,257.0,0,2055.0,7,False,259.0,265.0,241.71428571428572,229.35714285714286,217.0,24.714285714285722,1,8.50177304964539
2026-02-18,SKU-1003,Beverages,223.0,0,1832.0,7,False,257.0,232.0,240.57142857142858,231.0,221.42857142857142,19.142857142857167,2,7.61520190023753
2026-02-19,SKU-1003,Beverages,183.0,0,1649.0,7,False,223.0,193.0,239.28571428571428,230.92857142857142,222.57142857142858,16.714285714285694,3,6.891343283582089
2026-02-20,SKU-1003,Beverages,200.0,0,1449.0,7,False,183.0,149.0,237.85714285714286,233.42857142857142,229.0,8.857142857142861,4,6.091891891891891
2026-02-21,SKU-1003,Beverages,414.0,0,1035.0,7,False,200.0,137.0,245.14285714285714,224.42857142857142,203.71428571428572,41.428571428571416,5,4.2220279720279725
2026-02-22,SKU-1003,Beverages,198.0,1880,2717.0,7,False,414.0,457.0,284.7142857142857,240.92857142857142,197.14285714285714,87.57142857142858,6,9.542900150526844
2026-02-23,SKU-1003,Beverages,73.0,0,2644.0,7,False,198.0,259.0,247.71428571428572,240.64285714285714,233.57142857142858,14.142857142857139,0,10.67358708189158
2026-02-24,SKU-1003,Beverages,220.0,0,2424.0,7,False,73.0,257.0,221.14285714285714,231.42857142857142,241.71428571428572,-20.571428571428584,1,10.96124031007752
2026-02-25,SKU-1003,Beverages,162.0,0,2262.0,7,False,220.0,223.0,215.85714285714286,228.21428571428572,240.57142857142858,-24.714285714285722,2,10.479152878888153
2026-02-26,SKU-1003,Beverages,259.0,0,2003.0,7,False,162.0,183.0,207.14285714285714,223.21428571428572,239.28571428571428,-32.14285714285714,3,9.669655172413794
2026-02-27,SKU-1003,Beverages,168.0,0,1835.0,7,False,259.0,200.0,218.0,227.92857142857142,237.85714285714286,-19.85714285714286,4,8.417431192660551
2026-02-28,SKU-1003,Beverages,147.0,0,1688.0,7,False,168.0,414.0,213.42857142857142,229.28571428571428,245.14285714285714,-31.714285714285722,5,7.90896921017403
2026-03-01,SKU-1003,Beverages,213.0,0,1475.0,7,False,147.0,198.0,175.28571428571428,230.0,284.7142857142857,-109.42857142857144,6,8.414832925835372
2026-03-02,SKU-1003,Beverages,214.0,0,1261.0,7,False,213.0,73.0,177.42857142857142,212.57142857142858,247.71428571428572,-70.2857142857143,0,7.107085346215782
2026-03-03,SKU-1003,Beverages,233.0,0,1028.0,7,False,214.0,220.0,197.57142857142858,209.35714285714286,221.14285714285714,-23.571428571428555,1,5.203181489515545
2026-03-04,SKU-1003,Beverages,266.0,0,762.0,7,False,233.0,162.0,199.42857142857142,207.64285714285714,215.85714285714286,-16.428571428571445,2,3.8209169054441263
2026-03-05,SKU-1003,Beverages,253.0,0,509.0,7,False,266.0,259.0,214.28571428571428,210.71428571428572,207.14285714285714,7.142857142857139,3,2.3753333333333333
2026-03-06,SKU-1003,Beverages,234.0,0,275.0,7,False,253.0,168.0,213.42857142857142,215.71428571428572,218.0,-4.571428571428584,4,1.2884872824631861
2026-03-07,SKU-1003,Beverages,220.0,0,55.0,7,False,234.0,147.0,222.85714285714286,218.14285714285714,213.42857142857142,9.428571428571445,5,0.24679487179487178
2026-03-08,SKU-1003,Beverages,149.0,0,0.0,7,False,220.0,213.0,233.28571428571428,204.28571428571428,175.28571428571428,58.0,6,0.0
2026-03-09,SKU-1003,Beverages,185.0,1859,1674.0,7,False,149.0,214.0,224.14285714285714,200.78571428571428,177.42857142857142,46.71428571428572,0,7.468451242829828
2026-03-10,SKU-1003,Beverages,220.0,0,1454.0,7,False,185.0,233.0,220.0,208.78571428571428,197.57142857142858,22.428571428571416,1,6.609090909090909
2026-03-10,SKU-1003,Beverages,220.0,0,1454.0,7,False,220.0,266.0,218.14285714285714,208.78571428571428,199.42857142857142,18.714285714285722,1,6.66535690897184
2026-03-11,SKU-1003,Beverages,242.0,2045,3257.0,7,False,220.0,253.0,211.57142857142858,212.92857142857142,214.28571428571428,-2.714285714285694,2,15.39432815665091
2026-03-12,SKU-1003,Beverages,154.0,0,3103.0,7,False,242.0,234.0,210.0,211.71428571428572,213.42857142857142,-3.4285714285714164,3,14.776190476190477
2026-03-13,SKU-1003,Beverages,182.0,0,3103.0,7,False,154.0,220.0,198.57142857142858,210.71428571428572,222.85714285714286,-24.285714285714278,4,15.62661870503597
2026-03-14,SKU-1003,Beverages,187.0,0,2734.0,7,False,182.0,149.0,193.14285714285714,213.21428571428572,233.28571428571428,-40.14285714285714,5,14.155325443786982
2026-03-15,SKU-1003,Beverages,211.0,0,2523.0,7,False,187.0,185.0,198.57142857142858,211.35714285714286,224.14285714285714,-25.571428571428555,6,12.705755395683452
2026-03-16,SKU-1003,Beverages,154.0,0,2369.0,7,False,211.0,220.0,202.28571428571428,211.14285714285714,220.0,-17.714285714285722,0,11.711158192090396
2026-03-17,SKU-1003,Beverages,170.0,0,2199.0,7,False,154.0,220.0,192.85714285714286,205.5,218.14285714285714,-25.285714285714278,1,11.402222222222221
2026-03-18,SKU-1003,Beverages,283.0,0,1916.0,7,False,170.0,242.0,185.71428571428572,198.64285714285714,211.57142857142858,-25.85714285714286,2,10.316923076923077
2026-03-19,SKU-1003,Beverages,222.0,0,1694.0,7,False,283.0,154.0,191.57142857142858,200.78571428571428,210.0,-18.428571428571416,3,8.842654735272184
2026-03-20,SKU-1003,Beverages,154.0,0,1540.0,7,False,222.0,182.0,201.28571428571428,199.92857142857142,198.57142857142858,2.714285714285694,4,7.650816181689142
2026-03-21,SKU-1003,Beverages,155.0,1813,3198.0,7,False,154.0,187.0,197.28571428571428,195.21428571428572,193.14285714285714,4.142857142857139,5,16.209992758870385
2026-03-22,SKU-1003,Beverages,178.0,0,3020.0,7,False,155.0,211.0,192.71428571428572,195.64285714285714,198.57142857142858,-5.857142857142861,6,15.670867309117865
2026-03-23,SKU-1003,Beverages,277.0,0,2743.0,7,False,178.0,154.0,188.0,195.14285714285714,202.28571428571428,-14.285714285714278,0,14.590425531914894
2026-03-24,SKU-1003,Beverages,290.0,0,2453.0,7,False,277.0,170.0,205.57142857142858,199.21428571428572,192.85714285714286,12.714285714285722,1,11.932592077831828
2026-03-25,SKU-1003,Beverages,266.0,0,2187.0,7,False,290.0,283.0,222.71428571428572,204.21428571428572,185.71428571428572,37.0,2,9.81975625400898
2026-03-26,SKU-1003,Beverages,162.0,0,2025.0,7,False,266.0,222.0,220.28571428571428,205.92857142857142,191.57142857142858,28.714285714285694,3,9.192607003891052
2026-03-27,SKU-1003,Beverages,199.0,0,1826.0,7,False,162.0,154.0,211.71428571428572,206.5,201.28571428571428,10.428571428571445,4,8.624831309041834
2026-03-28,SKU-1003,Beverages,199.0,0,1658.0,7,False,199.0,155.0,218.14285714285714,207.71428571428572,197.28571428571428,20.85714285714286,5,7.600523903077931
2026-03-29,SKU-1003,Beverages,191.0,1827,3294.0,7,False,199.0,178.0,224.42857142857142,208.57142857142858,192.71428571428572,31.714285714285694,6,14.677275620623806
2026-03-30,SKU-1003,Beverages,201.0,0,3093.0,7,False,191.0,277.0,226.28571428571428,207.14285714285714,188.0,38.28571428571428,0,13.668560606060607
2026-03-31,SKU-1003,Beverages,234.0,0,2859.0,7,False,201.0,290.0,215.42857142857142,210.5,205.57142857142858,9.857142857142833,1,13.271220159151195
2026-04-01,SKU-1003,Beverages,248.0,0,2611.0,7,False,234.0,266.0,207.42857142857142,215.07142857142858,222.71428571428572,-15.285714285714306,2,12.587465564738293
2026-04-02,SKU-1003,Beverages,188.0,0,2423.0,7,False,248.0,162.0,204.85714285714286,212.57142857142858,220.28571428571428,-15.428571428571416,3,11.827754532775453
2026-04-03,SKU-1003,Beverages,227.0,0,2196.0,7,False,188.0,199.0,208.57142857142858,210.14285714285714,211.71428571428572,-3.142857142857139,4,10.52876712328767
2026-04-04,SKU-1003,Beverages,168.0,0,2028.0,7,False,227.0,199.0,212.57142857142858,215.35714285714286,218.14285714285714,-5.571428571428555,5,9.54032258064516
2026-04-05,SKU-1003,Beverages,216.0,0,1812.0,7,False,168.0,191.0,208.14285714285714,216.28571428571428,224.42857142857142,-16.285714285714278,6,8.705559368565545
2026-04-06,SKU-1003,Beverages,195.0,0,1617.0,7,False,216.0,201.0,211.71428571428572,219.0,226.28571428571428,-14.571428571428555,0,7.637651821862348
2026-04-07,SKU-1003,Beverages,300.0,0,1317.0,7,False,195.0,234.0,210.85714285714286,213.14285714285714,215.42857142857142,-4.571428571428555,1,6.245934959349594
2026-04-08,SKU-1003,Beverages,231.0,0,1086.0,7,False,300.0,248.0,220.28571428571428,213.85714285714286,207.42857142857142,12.857142857142861,2,4.929961089494164
2026-04-09,SKU-1003,Beverages,198.0,1640,2528.0,7,False,231.0,188.0,217.85714285714286,211.35714285714286,204.85714285714286,13.0,3,11.603934426229507
2026-04-10,SKU-1003,Beverages,83.0,0,2445.0,7,False,198.0,227.0,219.28571428571428,213.92857142857142,208.57142857142858,10.714285714285694,4,11.14983713355049
2026-04-11,SKU-1003,Beverages,85.0,0,2360.0,7,False,83.0,168.0,198.71428571428572,205.64285714285714,212.57142857142858,-13.857142857142861,5,11.876347951114306
2026-04-12,SKU-1003,Beverages,85.0,0,2164.0,7,False,85.0,216.0,186.85714285714286,197.5,208.14285714285714,-21.285714285714278,6,11.581039755351682
2026-04-13,SKU-1003,Beverages,214.0,0,1950.0,7,False,85.0,195.0,168.14285714285714,189.92857142857142,211.71428571428572,-43.571428571428584,0,11.597281223449448
2026-04-14,SKU-1003,Beverages,199.0,0,1751.0,7,False,214.0,300.0,170.85714285714286,190.85714285714286,210.85714285714286,-40.0,1,10.248327759197323
2026-04-15,SKU-1003,Beverages,197.0,0,1554.0,7,False,199.0,231.0,156.42857142857142,188.35714285714286,220.28571428571428,-63.85714285714286,2,9.934246575342467
2026-04-16,SKU-1003,Beverages,217.0,1742,3079.0,7,False,197.0,198.0,151.57142857142858,184.71428571428572,217.85714285714286,-66.28571428571428,3,20.3138548539114
2026-04-17,SKU-1003,Beverages,193.0,0,2886.0,7,False,217.0,83.0,154.28571428571428,186.78571428571428,219.28571428571428,-65.0,4,18.705555555555556
2026-04-18,SKU-1003,Beverages,173.0,0,2713.0,7,False,193.0,85.0,170.0,184.35714285714286,198.71428571428572,-28.714285714285722,5,15.958823529411765
2026-04-19,SKU-1003,Beverages,168.0,0,2545.0,7,False,173.0,85.0,182.57142857142858,184.71428571428572,186.85714285714286,-4.285714285714278,6,13.939749608763693
2026-04-20,SKU-1003,Beverages,193.0,0,2352.0,7,False,168.0,214.0,194.42857142857142,181.28571428571428,168.14285714285714,26.285714285714278,0,12.096987509184425
2026-04-21,SKU-1003,Beverages,213.0,0,2139.0,7,False,193.0,199.0,191.42857142857142,181.14285714285714,170.85714285714286,20.571428571428555,1,11.173880597014927
2026-04-22,SKU-1003,Beverages,198.0,0,1941.0,7,False,213.0,197.0,193.42857142857142,174.92857142857142,156.42857142857142,37.0,2,10.034711964549484
2026-04-23,SKU-1003,Beverages,204.0,0,1737.0,7,False,198.0,217.0,193.57142857142858,172.57142857142858,151.57142857142858,42.0,3,8.973431734317343
2026-04-24,SKU-1003,Beverages,209.0,0,1528.0,7,False,204.0,193.0,191.71428571428572,173.0,154.28571428571428,37.428571428571445,4,7.970193740685543
2026-04-25,SKU-1003,Beverages,178.0,0,1350.0,7,False,209.0,173.0,194.0,182.0,170.0,24.0,5,6.958762886597938
2026-04-26,SKU-1003,Beverages,181.0,0,1169.0,7,False,178.0,168.0,194.71428571428572,188.64285714285714,182.57142857142858,12.142857142857139,6,6.003668378576669
2026-04-27,SKU-1003,Beverages,267.0,0,902.0,7,False,181.0,193.0,196.57142857142858,195.5,194.42857142857142,2.142857142857167,0,4.588662790697674
2026-04-28,SKU-1003,Beverages,173.0,0,729.0,7,False,267.0,213.0,207.14285714285714,199.28571428571428,191.42857142857142,15.714285714285722,1,3.5193103448275864
2026-04-29,SKU-1003,Beverages,230.0,0,499.0,7,False,173.0,198.0,201.42857142857142,197.42857142857142,193.42857142857142,8.0,2,2.477304964539007
2026-04-30,SKU-1003,Beverages,254.0,1583,1828.0,7,False,230.0,204.0,206.0,199.78571428571428,193.57142857142858,12.428571428571416,3,8.87378640776699
2026-05-01,SKU-1003,Beverages,173.0,0,1655.0,7,False,254.0,209.0,213.14285714285714,202.42857142857142,191.71428571428572,21.428571428571416,4,7.764745308310992
2026-05-02,SKU-1003,Beverages,359.0,2008,3304.0,7,False,173.0,178.0,208.0,201.0,194.0,14.0,5,15.884615384615385
2026-05-03,SKU-1003,Beverages,155.0,0,3149.0,7,False,359.0,181.0,233.85714285714286,214.28571428571428,194.71428571428572,39.14285714285714,6,13.465485644471594
2026-05-04,SKU-1003,Beverages,233.0,0,2916.0,7,False,155.0,267.0,230.14285714285714,213.35714285714286,196.57142857142858,33.571428571428555,0,12.670391061452515
2026-05-05,SKU-1003,Beverages,251.0,0,2665.0,7,False,233.0,173.0,225.28571428571428,216.21428571428572,207.14285714285714,18.14285714285714,1,11.829422954977806
2026-05-06,SKU-1003,Beverages,198.0,0,2467.0,7,False,251.0,230.0,236.42857142857142,218.92857142857142,201.42857142857142,35.0,2,10.434441087613294
2026-05-07,SKU-1003,Beverages,206.0,0,2261.0,7,False,198.0,254.0,231.85714285714286,218.92857142857142,206.0,25.85714285714286,3,9.751694393099198
2026-05-08,SKU-1003,Beverages,61.0,0,2261.0,7,False,206.0,173.0,225.0,219.07142857142858,213.14285714285714,11.857142857142861,4,10.04888888888889
2026-05-09,SKU-1003,Beverages,201.0,0,1999.0,7,False,61.0,359.0,209.0,208.5,208.0,1.0,5,9.564593301435407
2026-05-10,SKU-1003,Beverages,214.0,0,1785.0,7,False,201.0,155.0,186.42857142857142,210.14285714285714,233.85714285714286,-47.428571428571445,6,9.574712643678161
2026-05-11,SKU-1003,Beverages,178.0,0,1607.0,7,False,214.0,233.0,194.85714285714286,212.5,230.14285714285714,-35.28571428571428,0,8.247067448680351
2026-05-12,SKU-1003,Beverages,205.0,0,1402.0,7,False,178.0,251.0,187.0,206.14285714285714,225.28571428571428,-38.28571428571428,1,7.497326203208556
2026-05-13,SKU-1003,Beverages,122.0,0,1280.0,7,False,205.0,198.0,180.42857142857142,208.42857142857142,236.42857142857142,-56.0,2,7.09422011084719
2026-05-14,SKU-1003,Beverages,208.0,0,1072.0,7,False,122.0,206.0,169.57142857142858,200.71428571428572,231.85714285714286,-62.28571428571428,3,6.321819713563605
2026-05-15,SKU-1003,Beverages,223.0,0,849.0,7,False,208.0,61.0,169.85714285714286,197.42857142857142,225.0,-55.14285714285714,4,4.998317914213625
2026-05-16,SKU-1003,Beverages,165.0,1986,2670.0,7,False,223.0,201.0,193.0,201.0,209.0,-16.0,5,13.83419689119171
2026-05-17,SKU-1003,Beverages,135.0,0,2535.0,7,False,165.0,214.0,187.85714285714286,187.14285714285714,186.42857142857142,1.4285714285714448,6,13.494296577946768
2026-05-18,SKU-1003,Beverages,222.0,0,2313.0,7,False,135.0,178.0,176.57142857142858,185.71428571428572,194.85714285714286,-18.285714285714278,0,13.099514563106796
2026-05-19,SKU-1003,Beverages,175.0,0,2138.0,7,False,222.0,205.0,182.85714285714286,184.92857142857142,187.0,-4.142857142857139,1,11.6921875
2026-05-20,SKU-1003,Beverages,276.0,0,1862.0,7,False,175.0,122.0,178.57142857142858,179.5,180.42857142857142,-1.8571428571428328,2,10.4272
2026-05-21,SKU-1003,Beverages,189.0,0,1673.0,7,False,276.0,208.0,200.57142857142858,185.07142857142858,169.57142857142858,31.0,3,8.341168091168091
2026-05-22,SKU-1003,Beverages,181.0,0,1492.0,7,False,189.0,223.0,197.85714285714286,183.85714285714286,169.85714285714286,28.0,4,7.5407942238267145
2026-05-23,SKU-1003,Beverages,167.0,0,1325.0,7,False,181.0,165.0,191.85714285714286,192.42857142857142,193.0,-1.1428571428571388,5,6.906180193596426
2026-05-24,SKU-1003,Beverages,50.0,0,1275.0,7,False,167.0,135.0,192.14285714285714,190.0,187.85714285714286,4.285714285714278,6,6.635687732342007
2026-05-25,SKU-1003,Beverages,258.0,0,1017.0,7,False,50.0,222.0,180.0,178.28571428571428,176.57142857142858,3.4285714285714164,0,5.65
2026-05-26,SKU-1003,Beverages,221.0,1496,2292.0,7,False,258.0,175.0,185.14285714285714,184.0,182.85714285714286,2.2857142857142776,1,12.37962962962963
2026-05-26,SKU-1003,Beverages,221.0,1496,2292.0,7,False,221.0,276.0,191.71428571428572,185.14285714285714,178.57142857142858,13.142857142857139,1,11.955290611028316
2026-05-27,SKU-1003,Beverages,241.0,0,2051.0,7,False,221.0,189.0,183.85714285714286,192.21428571428572,200.57142857142858,-16.714285714285722,2,11.155400155400155
2026-05-28,SKU-1003,Beverages,403.0,0,1648.0,7,False,241.0,181.0,191.28571428571428,194.57142857142858,197.85714285714286,-6.571428571428584,3,8.615384615384615
2026-05-29,SKU-1003,Beverages,35.0,0,1613.0,7,False,403.0,167.0,223.0,207.42857142857142,191.85714285714286,31.14285714285714,4,7.233183856502242
2026-05-30,SKU-1003,Beverages,179.0,2150,3584.0,7,False,35.0,50.0,204.14285714285714,198.14285714285714,192.14285714285714,12.0,5,17.556333100069978
2026-05-31,SKU-1003,Beverages,195.0,0,3389.0,7,False,179.0,258.0,222.57142857142858,201.28571428571428,180.0,42.571428571428584,6,15.226572528883183
2026-06-01,SKU-1003,Beverages,216.0,0,3173.0,7,False,195.0,221.0,213.57142857142858,199.35714285714286,185.14285714285714,28.428571428571445,0,14.856856187290969
2026-06-02,SKU-1003,Beverages,188.0,0,2985.0,7,False,216.0,221.0,212.85714285714286,202.28571428571428,191.71428571428572,21.14285714285714,1,14.023489932885905
2026-06-03,SKU-1003,Beverages,190.0,0,2795.0,7,False,188.0,241.0,208.14285714285714,196.0,183.85714285714286,24.285714285714278,2,13.42827728208648
2026-06-04,SKU-1003,Beverages,222.0,0,2573.0,7,False,190.0,403.0,200.85714285714286,196.07142857142858,191.28571428571428,9.571428571428584,3,12.810099573257467
2026-06-05,SKU-1003,Beverages,186.0,0,2387.0,7,False,222.0,35.0,175.0,199.0,223.0,-48.0,4,13.64
2026-06-06,SKU-1003,Beverages,181.0,0,2206.0,7,False,186.0,179.0,196.57142857142858,200.35714285714286,204.14285714285714,-7.571428571428555,5,11.222383720930232
2026-06-07,SKU-1003,Beverages,149.0,0,2057.0,7,False,181.0,195.0,196.85714285714286,209.71428571428572,222.57142857142858,-25.714285714285722,6,10.449201741654571
2026-06-08,SKU-1003,Beverages,155.0,0,1902.0,7,False,149.0,216.0,190.28571428571428,201.92857142857142,213.57142857142858,-23.285714285714306,0,9.995495495495495
2026-06-09,SKU-1003,Beverages,265.0,0,1637.0,7,False,155.0,188.0,181.57142857142858,197.21428571428572,212.85714285714286,-31.285714285714278,1,9.01573564122738
2026-06-10,SKU-1003,Beverages,208.0,1593,3022.0,7,False,265.0,190.0,192.57142857142858,200.35714285714286,208.14285714285714,-15.571428571428555,2,15.69287833827893
2026-06-11,SKU-1003,Beverages,308.0,0,2714.0,7,False,208.0,222.0,195.14285714285714,198.0,200.85714285714286,-5.714285714285722,3,13.907759882869692
2026-06-12,SKU-1003,Beverages,137.0,0,2577.0,7,False,308.0,186.0,207.42857142857142,191.21428571428572,175.0,32.428571428571416,4,12.423553719008265
2026-06-13,SKU-1003,Beverages,176.0,0,2401.0,7,False,137.0,181.0,200.42857142857142,198.5,196.57142857142858,3.857142857142833,5,11.979330007127585
2026-06-14,SKU-1003,Beverages,170.0,0,2231.0,7,False,176.0,149.0,199.71428571428572,198.28571428571428,196.85714285714286,2.857142857142861,6,11.170958512160228
2026-06-15,SKU-1003,Beverages,235.0,0,1996.0,7,False,170.0,155.0,202.71428571428572,196.5,190.28571428571428,12.428571428571445,0,9.846370683579986
2026-06-16,SKU-1003,Beverages,164.0,0,1832.0,7,False,235.0,265.0,214.14285714285714,197.85714285714286,181.57142857142858,32.571428571428555,1,8.555036691127418
2026-06-17,SKU-1003,Beverages,207.0,0,1625.0,7,False,164.0,208.0,199.71428571428572,196.14285714285714,192.57142857142858,7.142857142857139,2,8.136623748211731
2026-06-18,SKU-1003,Beverages,189.0,0,1436.0,7,False,207.0,308.0,199.57142857142858,197.35714285714286,195.14285714285714,4.428571428571445,3,7.195418754473872
2026-06-19,SKU-1003,Beverages,189.0,0,1236.0,7,False,189.0,137.0,182.57142857142858,195.0,207.42857142857142,-24.857142857142833,4,6.769953051643192
2026-06-20,SKU-1003,Beverages,128.0,1945,3053.0,7,False,189.0,176.0,190.0,195.21428571428572,200.42857142857142,-10.428571428571416,5,16.068421052631578
2026-06-21,SKU-1003,Beverages,187.0,0,2866.0,7,False,128.0,170.0,183.14285714285714,191.42857142857142,199.71428571428572,-16.571428571428584,6,15.648985959438377
2026-06-22,SKU-1003,Beverages,205.0,0,2661.0,7,False,187.0,235.0,185.57142857142858,194.14285714285714,202.71428571428572,-17.14285714285714,0,14.33949191685912
2026-06-23,SKU-1003,Beverages,211.0,0,2450.0,7,False,205.0,164.0,181.28571428571428,197.71428571428572,214.14285714285714,-32.85714285714286,1,13.51457840819543
2026-06-24,SKU-1003,Beverages,239.0,0,2211.0,7,False,211.0,207.0,188.0,193.85714285714286,199.71428571428572,-11.714285714285722,2,11.76063829787234
2026-06-25,SKU-1003,Beverages,161.0,0,2050.0,7,False,239.0,189.0,192.57142857142858,196.07142857142858,199.57142857142858,-7.0,3,10.645400593471809
2026-06-26,SKU-1003,Beverages,321.0,0,1729.0,7,False,161.0,189.0,188.57142857142858,185.57142857142858,182.57142857142858,6.0,4,9.168939393939393
2026-06-27,SKU-1003,Beverages,170.0,0,1559.0,7,False,321.0,128.0,207.42857142857142,198.71428571428572,190.0,17.428571428571416,5,7.515840220385676
2026-06-28,SKU-1003,Beverages,155.0,1802,3206.0,7,False,170.0,187.0,213.42857142857142,198.28571428571428,183.14285714285714,30.285714285714278,6,15.021419009370817
2026-06-29,SKU-1003,Beverages,159.0,0,3047.0,7,False,155.0,205.0,208.85714285714286,197.21428571428572,185.57142857142858,23.285714285714278,0,14.588919288645691
2026-01-01,SKU-1004,Beverages,286.0,0,1554.0,7,False,,,,,,,3,
2026-01-02,SKU-1004,Beverages,144.0,1625,3035.0,7,False,286.0,,,,,,4,
2026-01-03,SKU-1004,Beverages,159.0,0,2876.0,7,False,144.0,,,,,,5,
2026-01-04,SKU-1004,Beverages,131.0,0,2745.0,7,False,159.0,,,,,,6,
2026-01-05,SKU-1004,Beverages,131.0,0,2572.0,7,False,131.0,,,,,,0,
2026-01-06,SKU-1004,Beverages,240.0,0,2332.0,7,False,131.0,,,,,,1,
2026-01-07,SKU-1004,Beverages,272.0,0,2060.0,7,False,240.0,,,,,,2,
2026-01-08,SKU-1004,Beverages,196.0,0,1864.0,7,False,272.0,286.0,194.71428571428572,,,,3,9.573000733675714
2026-01-09,SKU-1004,Beverages,165.0,0,1699.0,7,False,196.0,144.0,181.85714285714286,,,,4,9.342498036135114
2026-01-10,SKU-1004,Beverages,128.0,0,1571.0,7,False,165.0,159.0,184.85714285714286,,,,5,8.498454404945903
2026-01-11,SKU-1004,Beverages,131.0,0,1440.0,7,False,128.0,131.0,180.42857142857142,,,,6,7.980997624703089
2026-01-12,SKU-1004,Beverages,192.0,0,1248.0,7,False,131.0,131.0,180.42857142857142,,,,0,6.91686460807601
2026-01-13,SKU-1004,Beverages,237.0,0,1011.0,7,False,192.0,240.0,189.14285714285714,,,,1,5.345166163141994
2026-01-14,SKU-1004,Beverages,221.0,0,790.0,7,False,237.0,272.0,188.71428571428572,,,,2,4.186222558667676
2026-01-15,SKU-1004,Beverages,229.0,1522,2083.0,7,False,221.0,196.0,181.42857142857142,188.07142857142858,194.71428571428572,-13.285714285714306,3,11.481102362204725
2026-01-16,SKU-1004,Beverages,160.0,0,1923.0,7,False,229.0,165.0,186.14285714285714,184.0,181.85714285714286,4.285714285714278,4,10.33077513430545
2026-01-17,SKU-1004,Beverages,171.0,0,1752.0,7,False,160.0,128.0,185.42857142857142,185.14285714285714,184.85714285714286,0.5714285714285552,5,9.448382126348228
2026-01-18,SKU-1004,Beverages,193.0,0,1559.0,7,False,171.0,131.0,191.57142857142858,186.0,180.42857142857142,11.142857142857167,6,8.137956748695004
2026-01-19,SKU-1004,Beverages,339.0,1457,2677.0,7,False,193.0,192.0,200.42857142857142,190.42857142857142,180.42857142857142,20.0,0,13.356379187455454
2026-01-20,SKU-1004,Beverages,206.0,0,2471.0,7,False,339.0,237.0,221.42857142857142,205.28571428571428,189.14285714285714,32.28571428571428,1,11.159354838709678
2026-01-21,SKU-1004,Beverages,202.0,0,2269.0,7,False,206.0,221.0,217.0,202.85714285714286,188.71428571428572,28.285714285714278,2,10.456221198156681
2026-01-22,SKU-1004,Beverages,244.0,0,2025.0,7,False,202.0,229.0,214.28571428571428,197.85714285714286,181.42857142857142,32.85714285714286,3,9.450000000000001
2026-01-23,SKU-1004,Beverages,152.0,0,1873.0,7,False,244.0,160.0,216.42857142857142,201.28571428571428,186.14285714285714,30.285714285714278,4,8.654125412541255
2026-01-24,SKU-1004,Beverages,130.0,0,1743.0,7,False,152.0,171.0,215.28571428571428,200.35714285714286,185.42857142857142,29.85714285714286,5,8.096217650962176
2026-01-25,SKU-1004,Beverages,164.0,0,1579.0,7,False,130.0,193.0,209.42857142857142,200.5,191.57142857142858,17.857142857142833,6,7.539563437926331
2026-01-26,SKU-1004,Beverages,171.0,0,1408.0,7,False,164.0,339.0,205.28571428571428,202.85714285714286,200.42857142857142,4.857142857142861,0,6.858733472512179
2026-01-27,SKU-1004,Beverages,178.0,0,1230.0,7,False,171.0,206.0,181.28571428571428,201.35714285714286,221.42857142857142,-40.14285714285714,1,6.784869976359339
2026-01-28,SKU-1004,Beverages,230.0,1702,2702.0,7,False,178.0,202.0,177.28571428571428,197.14285714285714,217.0,-39.71428571428572,2,15.240934730056408
2026-01-29,SKU-1004,Beverages,219.0,0,2483.0,7,False,230.0,244.0,181.28571428571428,197.78571428571428,214.28571428571428,-33.0,3,13.696611505122144
2026-01-30,SKU-1004,Beverages,183.0,0,2300.0,7,False,219.0,152.0,177.71428571428572,197.07142857142858,216.42857142857142,-38.714285714285694,4,12.942122186495176
2026-01-31,SKU-1004,Beverages,139.0,0,2161.0,7,False,183.0,130.0,182.14285714285714,198.71428571428572,215.28571428571428,-33.14285714285714,5,11.864313725490197
2026-02-01,SKU-1004,Beverages,155.0,0,2006.0,7,False,139.0,164.0,183.42857142857142,196.42857142857142,209.42857142857142,-26.0,6,10.93613707165109
2026-02-02,SKU-1004,Beverages,197.0,0,1809.0,7,False,155.0,171.0,182.14285714285714,193.71428571428572,205.28571428571428,-23.14285714285714,0,9.931764705882353
2026-02-03,SKU-1004,Beverages,192.0,0,1617.0,7,False,197.0,178.0,185.85714285714286,183.57142857142858,181.28571428571428,4.571428571428584,1,8.70023059185242
2026-02-04,SKU-1004,Beverages,265.0,0,1352.0,7,False,192.0,230.0,187.85714285714286,182.57142857142858,177.28571428571428,10.571428571428584,2,7.1969581749049425
2026-02-05,SKU-1004,Beverages,156.0,1850,3046.0,7,False,265.0,219.0,192.85714285714286,187.07142857142858,181.28571428571428,11.571428571428584,3,15.794074074074073
2026-02-06,SKU-1004,Beverages,170.0,0,2876.0,7,False,156.0,183.0,183.85714285714286,180.78571428571428,177.71428571428572,6.142857142857139,4,15.642579642579642
2026-02-07,SKU-1004,Beverages,137.0,0,2739.0,7,False,170.0,139.0,182.0,182.07142857142858,182.14285714285714,-0.1428571428571388,5,15.04945054945055
2026-02-08,SKU-1004,Beverages,181.0,0,2558.0,7,False,137.0,155.0,181.71428571428572,182.57142857142858,183.42857142857142,-1.714285714285694,6,14.077044025157232
2026-02-09,SKU-1004,Beverages,184.0,0,2374.0,7,False,181.0,197.0,185.42857142857142,183.78571428571428,182.14285714285714,3.2857142857142776,0,12.802773497688753
2026-02-10,SKU-1004,Beverages,192.0,0,2182.0,7,False,184.0,192.0,183.57142857142858,184.71428571428572,185.85714285714286,-2.2857142857142776,1,11.886381322957197
2026-02-11,SKU-1004,Beverages,223.0,0,1959.0,7,False,192.0,265.0,183.57142857142858,185.71428571428572,187.85714285714286,-4.285714285714278,2,10.671595330739299
2026-02-12,SKU-1004,Beverages,205.0,0,1754.0,7,False,223.0,156.0,177.57142857142858,185.21428571428572,192.85714285714286,-15.285714285714278,3,9.877715205148833
2026-02-13,SKU-1004,Beverages,168.0,0,1586.0,7,False,205.0,170.0,184.57142857142858,184.21428571428572,183.85714285714286,0.7142857142857224,4,8.592879256965944
2026-02-14,SKU-1004,Beverages,130.0,0,1456.0,7,False,168.0,137.0,184.28571428571428,183.14285714285714,182.0,2.2857142857142776,5,7.90077519379845
2026-02-15,SKU-1004,Beverages,150.0,1438,2744.0,7,False,130.0,181.0,183.28571428571428,182.5,181.71428571428572,1.5714285714285552,6,14.971161340607951
2026-02-16,SKU-1004,Beverages,158.0,0,2586.0,7,False,150.0,184.0,178.85714285714286,182.14285714285714,185.42857142857142,-6.571428571428555,0,14.458466453674122
2026-02-17,SKU-1004,Beverages,205.0,0,2381.0,7,False,158.0,192.0,175.14285714285714,179.35714285714286,183.57142857142858,-8.428571428571445,1,13.594616639477977
2026-02-18,SKU-1004,Beverages,189.0,0,2192.0,7,False,205.0,223.0,177.0,180.28571428571428,183.57142857142858,-6.571428571428584,2,12.384180790960452
2026-02-19,SKU-1004,Beverages,213.0,0,1979.0,7,False,189.0,205.0,172.14285714285714,174.85714285714286,177.57142857142858,-5.428571428571445,3,11.496265560165975
2026-02-20,SKU-1004,Beverages,166.0,0,1813.0,7,False,213.0,168.0,173.28571428571428,178.92857142857142,184.57142857142858,-11.285714285714306,4,10.462489694971147
2026-02-21,SKU-1004,Beverages,140.0,0,1673.0,7,False,166.0,130.0,173.0,178.64285714285714,184.28571428571428,-11.285714285714278,5,9.670520231213873
2026-02-22,SKU-1004,Beverages,156.0,0,1517.0,7,False,140.0,150.0,174.42857142857142,178.85714285714286,183.28571428571428,-8.857142857142861,6,8.696969696969697
2026-02-23,SKU-1004,Beverages,69.0,0,1448.0,7,False,156.0,158.0,175.28571428571428,177.07142857142858,178.85714285714286,-3.5714285714285836,0,8.260798696006521
2026-02-24,SKU-1004,Beverages,216.0,1717,2949.0,7,False,69.0,205.0,162.57142857142858,168.85714285714286,175.14285714285714,-12.571428571428555,1,18.139718804920914
2026-02-25,SKU-1004,Beverages,199.0,0,2750.0,7,False,216.0,189.0,164.14285714285714,170.57142857142858,177.0,-12.857142857142861,2,16.753698868581374
2026-02-26,SKU-1004,Beverages,202.0,0,2548.0,7,False,199.0,213.0,165.57142857142858,168.85714285714286,172.14285714285714,-6.571428571428555,3,15.389128559102673
2026-02-27,SKU-1004,Beverages,150.0,0,2398.0,7,False,202.0,166.0,164.0,168.64285714285714,173.28571428571428,-9.285714285714278,4,14.621951219512194
2026-02-28,SKU-1004,Beverages,128.0,0,2270.0,7,False,150.0,140.0,161.71428571428572,167.35714285714286,173.0,-11.285714285714278,5,14.037102473498232
2026-03-01,SKU-1004,Beverages,154.0,0,2116.0,7,False,128.0,156.0,160.0,167.21428571428572,174.42857142857142,-14.428571428571416,6,13.225
2026-03-02,SKU-1004,Beverages,214.0,0,1902.0,7,False,154.0,69.0,159.71428571428572,167.5,175.28571428571428,-15.571428571428555,0,11.908765652951699
2026-03-03,SKU-1004,Beverages,214.0,0,1704.0,7,False,214.0,216.0,180.42857142857142,171.5,162.57142857142858,17.857142857142833,1,9.444180522565322
2026-03-04,SKU-1004,Beverages,199.0,0,1505.0,7,False,214.0,199.0,180.14285714285714,172.14285714285714,164.14285714285714,16.0,2,8.354480570975417
2026-03-05,SKU-1004,Beverages,228.0,0,1277.0,7,False,199.0,202.0,180.14285714285714,172.85714285714286,165.57142857142858,14.571428571428555,3,7.088818398096749
2026-03-06,SKU-1004,Beverages,198.0,1843,2922.0,7,False,228.0,150.0,183.85714285714286,173.92857142857142,164.0,19.85714285714286,4,15.892773892773892
2026-03-07,SKU-1004,Beverages,124.0,0,2798.0,7,False,198.0,128.0,190.71428571428572,176.21428571428572,161.71428571428572,29.0,5,14.671161048689138
2026-03-08,SKU-1004,Beverages,149.0,0,2649.0,7,False,124.0,154.0,190.14285714285714,175.07142857142858,160.0,30.14285714285714,6,13.931630353117956
2026-03-09,SKU-1004,Beverages,169.0,0,2480.0,7,False,149.0,214.0,189.42857142857142,174.57142857142858,159.71428571428572,29.714285714285694,0,13.092006033182505
2026-03-10,SKU-1004,Beverages,227.0,0,2253.0,7,False,169.0,214.0,183.0,181.71428571428572,180.42857142857142,2.5714285714285836,1,12.311475409836065
2026-03-11,SKU-1004,Beverages,198.0,0,2055.0,7,False,227.0,199.0,184.85714285714286,182.5,180.14285714285714,4.714285714285722,2,11.116692426584235
2026-03-12,SKU-1004,Beverages,232.0,0,1823.0,7,False,198.0,228.0,184.71428571428572,182.42857142857142,180.14285714285714,4.571428571428584,3,9.869296210363496
2026-03-13,SKU-1004,Beverages,160.0,0,1663.0,7,False,232.0,198.0,185.28571428571428,184.57142857142858,183.85714285714286,1.4285714285714164,4,8.97532767925983
2026-03-14,SKU-1004,Beverages,142.0,0,1521.0,7,False,160.0,124.0,179.85714285714286,185.28571428571428,190.71428571428572,-10.857142857142861,5,8.45671167593328
2026-03-15,SKU-1004,Beverages,150.0,0,1371.0,7,False,142.0,149.0,182.42857142857142,186.28571428571428,190.14285714285714,-7.714285714285722,6,7.515270164447926
2026-03-16,SKU-1004,Beverages,160.0,1936,3147.0,7,False,150.0,169.0,182.57142857142858,186.0,189.42857142857142,-6.857142857142833,0,17.237089201877932
2026-03-17,SKU-1004,Beverages,224.0,0,2923.0,7,False,160.0,227.0,181.28571428571428,182.14285714285714,183.0,-1.7142857142857224,1,16.123719464144997
2026-03-18,SKU-1004,Beverages,212.0,0,2711.0,7,False,224.0,198.0,180.85714285714286,182.85714285714286,184.85714285714286,-4.0,2,14.989731437598737
2026-03-19,SKU-1004,Beverages,210.0,0,2501.0,7,False,212.0,232.0,182.85714285714286,183.78571428571428,184.71428571428572,-1.8571428571428612,3,13.67734375
2026-03-20,SKU-1004,Beverages,134.0,0,2367.0,7,False,210.0,160.0,179.71428571428572,182.5,185.28571428571428,-5.571428571428555,4,13.170906200317964
2026-03-21,SKU-1004,Beverages,121.0,0,2246.0,7,False,134.0,142.0,176.0,177.92857142857142,179.85714285714286,-3.857142857142861,5,12.761363636363637
2026-03-22,SKU-1004,Beverages,138.0,0,2108.0,7,False,121.0,150.0,173.0,177.71428571428572,182.42857142857142,-9.428571428571416,6,12.184971098265896
2026-03-23,SKU-1004,Beverages,202.0,0,1906.0,7,False,138.0,160.0,171.28571428571428,176.92857142857142,182.57142857142858,-11.285714285714306,0,11.127606338615513
2026-03-24,SKU-1004,Beverages,200.0,0,1706.0,7,False,202.0,224.0,177.28571428571428,179.28571428571428,181.28571428571428,-4.0,1,9.622884770346495
2026-03-25,SKU-1004,Beverages,250.0,0,1456.0,7,False,200.0,212.0,173.85714285714286,177.35714285714286,180.85714285714286,-7.0,2,8.374691865242399
2026-03-26,SKU-1004,Beverages,214.0,0,1242.0,7,False,250.0,210.0,179.28571428571428,181.07142857142858,182.85714285714286,-3.5714285714285836,3,6.927490039840638
2026-03-27,SKU-1004,Beverages,154.0,0,1088.0,7,False,214.0,134.0,179.85714285714286,179.78571428571428,179.71428571428572,0.1428571428571388,4,6.04924543288324
2026-03-28,SKU-1004,Beverages,136.0,1722,2674.0,7,False,154.0,121.0,182.71428571428572,179.35714285714286,176.0,6.714285714285722,5,14.634870992963252
2026-03-29,SKU-1004,Beverages,103.0,0,2571.0,7,False,136.0,138.0,184.85714285714286,178.92857142857142,173.0,11.857142857142861,6,13.908037094281298
2026-03-30,SKU-1004,Beverages,370.0,0,2201.0,7,False,103.0,202.0,179.85714285714286,175.57142857142858,171.28571428571428,8.571428571428584,0,12.237490071485306
2026-03-31,SKU-1004,Beverages,185.0,0,2016.0,7,False,370.0,200.0,203.85714285714286,190.57142857142858,177.28571428571428,26.571428571428584,1,9.88927820602663
2026-04-01,SKU-1004,Beverages,234.0,0,1782.0,7,False,185.0,250.0,201.71428571428572,187.78571428571428,173.85714285714286,27.85714285714286,2,8.8342776203966
2026-04-02,SKU-1004,Beverages,101.0,0,1681.0,7,False,234.0,214.0,199.42857142857142,189.35714285714286,179.28571428571428,20.14285714285714,3,8.429083094555875
2026-04-03,SKU-1004,Beverages,189.0,1910,3402.0,7,False,101.0,154.0,183.28571428571428,181.57142857142858,179.85714285714286,3.4285714285714164,4,18.561184723304756
2026-04-04,SKU-1004,Beverages,107.0,0,3295.0,7,False,189.0,136.0,188.28571428571428,185.5,182.71428571428572,5.571428571428555,5,17.5
2026-04-05,SKU-1004,Beverages,152.0,0,3143.0,7,False,107.0,103.0,184.14285714285714,184.5,184.85714285714286,-0.7142857142857224,6,17.068269976726146
2026-04-06,SKU-1004,Beverages,186.0,0,2957.0,7,False,152.0,370.0,191.14285714285714,185.5,179.85714285714286,11.285714285714278,0,15.470104633781764
2026-04-07,SKU-1004,Beverages,220.0,0,2737.0,7,False,186.0,185.0,164.85714285714286,184.35714285714286,203.85714285714286,-39.0,1,16.602253032928942
2026-04-08,SKU-1004,Beverages,207.0,0,2530.0,7,False,220.0,234.0,169.85714285714286,185.78571428571428,201.71428571428572,-31.85714285714286,2,14.894869638351556
2026-04-09,SKU-1004,Beverages,197.0,0,2333.0,7,False,207.0,101.0,166.0,182.71428571428572,199.42857142857142,-33.428571428571416,3,14.05421686746988
2026-04-10,SKU-1004,Beverages,197.0,0,2287.0,7,False,197.0,189.0,179.71428571428572,181.5,183.28571428571428,-3.571428571428555,4,12.725755166931638
2026-04-11,SKU-1004,Beverages,101.0,0,2186.0,7,False,197.0,107.0,180.85714285714286,184.57142857142858,188.28571428571428,-7.428571428571416,5,12.086887835703001
2026-04-12,SKU-1004,Beverages,126.0,0,2060.0,7,False,101.0,152.0,180.0,182.07142857142858,184.14285714285714,-4.142857142857139,6,11.444444444444445
2026-04-13,SKU-1004,Beverages,185.0,0,1875.0,7,False,126.0,186.0,176.28571428571428,183.71428571428572,191.14285714285714,-14.857142857142861,0,10.63614262560778
2026-04-14,SKU-1004,Beverages,213.0,0,1662.0,7,False,185.0,220.0,176.14285714285714,170.5,164.85714285714286,11.285714285714278,1,9.435523114355231
2026-04-15,SKU-1004,Beverages,190.0,1752,3224.0,7,False,213.0,207.0,175.14285714285714,172.5,169.85714285714286,5.285714285714278,2,18.407830342577487
2026-04-16,SKU-1004,Beverages,154.0,0,3070.0,7,False,190.0,197.0,172.71428571428572,169.35714285714286,166.0,6.714285714285722,3,17.775020678246484
2026-04-17,SKU-1004,Beverages,144.0,0,2926.0,7,False,154.0,197.0,166.57142857142858,173.14285714285714,179.71428571428572,-13.142857142857139,4,17.566037735849054
2026-04-18,SKU-1004,Beverages,119.0,0,2807.0,7,False,144.0,101.0,159.0,169.92857142857142,180.85714285714286,-21.85714285714286,5,17.654088050314467
2026-04-19,SKU-1004,Beverages,148.0,0,2659.0,7,False,119.0,126.0,161.57142857142858,170.78571428571428,180.0,-18.428571428571416,6,16.45711759504863
2026-04-20,SKU-1004,Beverages,201.0,0,2458.0,7,False,148.0,185.0,164.71428571428572,170.5,176.28571428571428,-11.571428571428555,0,14.922810060711187
2026-04-21,SKU-1004,Beverages,185.0,0,2273.0,7,False,201.0,213.0,167.0,171.57142857142858,176.14285714285714,-9.142857142857139,1,13.610778443113773
2026-04-22,SKU-1004,Beverages,185.0,0,2024.0,7,False,185.0,190.0,163.0,169.07142857142858,175.14285714285714,-12.142857142857139,2,12.417177914110429
2026-04-23,SKU-1004,Beverages,182.0,0,1842.0,7,False,185.0,154.0,162.28571428571428,167.5,172.71428571428572,-10.428571428571445,3,11.350352112676056
2026-04-24,SKU-1004,Beverages,155.0,0,1687.0,7,False,182.0,144.0,166.28571428571428,166.42857142857142,166.57142857142858,-0.285714285714306,4,10.145189003436426
2026-04-25,SKU-1004,Beverages,138.0,0,1549.0,7,False,155.0,119.0,167.85714285714286,163.42857142857142,159.0,8.857142857142861,5,9.228085106382979
2026-04-26,SKU-1004,Beverages,140.0,0,1409.0,7,False,138.0,148.0,170.57142857142858,166.07142857142858,161.57142857142858,9.0,6,8.260469011725293
2026-04-27,SKU-1004,Beverages,181.0,0,1228.0,7,False,140.0,201.0,169.42857142857142,167.07142857142858,164.71428571428572,4.714285714285694,0,7.2478920741989885
2026-04-28,SKU-1004,Beverages,231.0,0,997.0,7,False,181.0,185.0,166.57142857142858,166.78571428571428,167.0,-0.4285714285714164,1,5.985420240137221
2026-04-29,SKU-1004,Beverages,217.0,0,780.0,7,False,231.0,185.0,173.14285714285714,168.07142857142858,163.0,10.142857142857139,2,4.504950495049505
2026-04-30,SKU-1004,Beverages,199.0,1519,2100.0,7,False,217.0,182.0,177.71428571428572,170.0,162.28571428571428,15.428571428571445,3,11.816720257234726
2026-05-01,SKU-1004,Beverages,170.0,0,1930.0,7,False,199.0,155.0,180.14285714285714,173.21428571428572,166.28571428571428,13.857142857142861,4,10.713719270420302
2026-05-02,SKU-1004,Beverages,56.0,0,1874.0,7,False,170.0,138.0,182.28571428571428,175.07142857142858,167.85714285714286,14.428571428571416,5,10.280564263322885
2026-05-03,SKU-1004,Beverages,126.0,0,1748.0,7,False,56.0,140.0,170.57142857142858,170.57142857142858,170.57142857142858,0.0,6,10.24790619765494
2026-05-04,SKU-1004,Beverages,158.0,0,1590.0,7,False,126.0,181.0,168.57142857142858,169.0,169.42857142857142,-0.8571428571428328,0,9.432203389830509
2026-05-05,SKU-1004,Beverages,204.0,0,1386.0,7,False,158.0,231.0,165.28571428571428,165.92857142857142,166.57142857142858,-1.285714285714306,1,8.385479688850475
2026-05-06,SKU-1004,Beverages,234.0,0,1152.0,7,False,204.0,217.0,161.42857142857142,167.28571428571428,173.14285714285714,-11.714285714285722,2,7.136283185840709
2026-05-07,SKU-1004,Beverages,185.0,0,967.0,7,False,234.0,199.0,163.85714285714286,170.78571428571428,177.71428571428572,-13.857142857142861,3,5.9014821272885785
2026-05-08,SKU-1004,Beverages,143.0,0,824.0,7,False,185.0,170.0,161.85714285714286,171.0,180.14285714285714,-18.285714285714278,4,5.090909090909091
2026-05-09,SKU-1004,Beverages,129.0,0,695.0,7,False,143.0,56.0,158.0,170.14285714285714,182.28571428571428,-24.285714285714278,5,4.39873417721519
2026-05-10,SKU-1004,Beverages,133.0,0,562.0,7,False,129.0,126.0,168.42857142857142,169.5,170.57142857142858,-2.142857142857167,6,3.3367260390161158
2026-05-11,SKU-1004,Beverages,171.0,0,391.0,7,False,133.0,158.0,169.42857142857142,169.0,168.57142857142858,0.8571428571428328,0,2.3077571669477237
2026-05-12,SKU-1004,Beverages,187.0,0,204.0,7,False,171.0,204.0,171.28571428571428,168.28571428571428,165.28571428571428,6.0,1,1.1909924937447873
2026-05-13,SKU-1004,Beverages,189.0,0,15.0,7,False,187.0,234.0,168.85714285714286,165.14285714285714,161.42857142857142,7.428571428571445,2,0.08883248730964467
2026-05-14,SKU-1004,Beverages,215.0,0,0.0,7,False,189.0,185.0,162.42857142857142,163.14285714285714,163.85714285714286,-1.4285714285714448,3,0.0
2026-05-15,SKU-1004,Beverages,175.0,0,0.0,7,False,215.0,143.0,166.71428571428572,164.28571428571428,161.85714285714286,4.857142857142861,4,0.0
2026-05-16,SKU-1004,Beverages,125.0,0,0.0,7,False,175.0,129.0,171.28571428571428,164.64285714285714,158.0,13.285714285714278,5,0.0
2026-05-17,SKU-1004,Beverages,158.0,0,0.0,7,False,125.0,133.0,170.71428571428572,169.57142857142858,168.42857142857142,2.285714285714306,6,0.0
2026-05-18,SKU-1004,Beverages,136.0,0,0.0,7,False,158.0,171.0,174.28571428571428,171.85714285714286,169.42857142857142,4.857142857142861,0,0.0
2026-05-19,SKU-1004,Beverages,242.0,0,0.0,7,False,136.0,187.0,169.28571428571428,170.28571428571428,171.28571428571428,-2.0,1,0.0
2026-05-20,SKU-1004,Beverages,236.0,0,0.0,7,False,242.0,189.0,177.14285714285714,173.0,168.85714285714286,8.285714285714278,2,0.0
2026-05-21,SKU-1004,Beverages,227.0,0,0.0,7,False,236.0,215.0,183.85714285714286,173.14285714285714,162.42857142857142,21.428571428571445,3,0.0
2026-05-22,SKU-1004,Beverages,159.0,1765,1606.0,7,False,227.0,175.0,185.57142857142858,176.14285714285714,166.71428571428572,18.85714285714286,4,8.654349499615089
2026-05-23,SKU-1004,Beverages,138.0,0,1468.0,7,False,159.0,125.0,183.28571428571428,177.28571428571428,171.28571428571428,12.0,5,8.009353078721746
2026-05-24,SKU-1004,Beverages,144.0,1474,2798.0,7,False,138.0,158.0,185.14285714285714,177.92857142857142,170.71428571428572,14.428571428571416,6,15.112654320987655
2026-05-25,SKU-1004,Beverages,137.0,0,2661.0,7,False,144.0,136.0,183.14285714285714,178.71428571428572,174.28571428571428,8.857142857142861,0,14.529641185647426
2026-05-26,SKU-1004,Beverages,191.0,0,2470.0,7,False,137.0,242.0,183.28571428571428,176.28571428571428,169.28571428571428,14.0,1,13.47622759158223
2026-05-27,SKU-1004,Beverages,212.0,0,2258.0,7,False,191.0,236.0,176.0,176.57142857142858,177.14285714285714,-1.1428571428571388,2,12.829545454545455
2026-05-28,SKU-1004,Beverages,192.0,0,2066.0,7,False,212.0,227.0,172.57142857142858,178.21428571428572,183.85714285714286,-11.285714285714278,3,11.97185430463576
2026-05-29,SKU-1004,Beverages,180.0,0,1886.0,7,False,192.0,159.0,167.57142857142858,176.57142857142858,185.57142857142858,-18.0,4,11.254901960784313
2026-05-30,SKU-1004,Beverages,119.0,0,1767.0,7,False,180.0,138.0,170.57142857142858,176.92857142857142,183.28571428571428,-12.714285714285694,5,10.35929648241206
2026-05-31,SKU-1004,Beverages,285.0,0,1482.0,7,False,119.0,144.0,167.85714285714286,176.5,185.14285714285714,-17.285714285714278,6,8.828936170212765
2026-06-01,SKU-1004,Beverages,184.0,0,1298.0,7,False,285.0,137.0,188.0,185.57142857142858,183.14285714285714,4.857142857142861,0,6.904255319148936
2026-06-02,SKU-1004,Beverages,191.0,1341,2448.0,7,False,184.0,191.0,194.71428571428572,189.0,183.28571428571428,11.428571428571445,1,12.572267057960381
2026-06-03,SKU-1004,Beverages,202.0,0,2246.0,7,False,191.0,212.0,194.71428571428572,185.35714285714286,176.0,18.714285714285722,2,11.534849596478356
2026-06-04,SKU-1004,Beverages,80.0,0,2166.0,7,False,202.0,192.0,193.28571428571428,182.92857142857142,172.57142857142858,20.714285714285694,3,11.206208425720622
2026-06-05,SKU-1004,Beverages,142.0,0,2024.0,7,False,80.0,180.0,177.28571428571428,172.42857142857142,167.57142857142858,9.714285714285694,4,11.416599516518938
2026-06-06,SKU-1004,Beverages,119.0,0,1905.0,7,False,142.0,119.0,171.85714285714286,171.21428571428572,170.57142857142858,1.2857142857142776,5,11.084788029925187
2026-06-07,SKU-1004,Beverages,133.0,0,1772.0,7,False,119.0,285.0,171.85714285714286,169.85714285714286,167.85714285714286,4.0,6,10.310889443059018
2026-06-08,SKU-1004,Beverages,193.0,0,1579.0,7,False,133.0,184.0,150.14285714285714,169.07142857142858,188.0,-37.85714285714286,0,10.516650808753568
2026-06-09,SKU-1004,Beverages,233.0,0,1346.0,7,False,193.0,191.0,151.42857142857142,173.07142857142858,194.71428571428572,-43.285714285714306,1,8.88867924528302
2026-06-10,SKU-1004,Beverages,147.0,0,1199.0,7,False,233.0,202.0,157.42857142857142,176.07142857142858,194.71428571428572,-37.285714285714306,2,7.616152450090745
2026-06-11,SKU-1004,Beverages,154.0,0,1045.0,7,False,147.0,80.0,149.57142857142858,171.42857142857142,193.28571428571428,-43.714285714285694,3,6.986628462273161
2026-06-12,SKU-1004,Beverages,141.0,0,904.0,7,False,154.0,142.0,160.14285714285714,168.71428571428572,177.28571428571428,-17.14285714285714,4,5.644959857270295
2026-06-13,SKU-1004,Beverages,141.0,0,763.0,7,False,141.0,119.0,160.0,165.92857142857142,171.85714285714286,-11.857142857142861,5,4.76875
2026-06-14,SKU-1004,Beverages,157.0,1358,1964.0,7,False,141.0,133.0,163.14285714285714,167.5,171.85714285714286,-8.714285714285722,6,12.038528896672505
2026-06-15,SKU-1004,Beverages,170.0,0,1794.0,7,False,157.0,193.0,166.57142857142858,158.35714285714286,150.14285714285714,16.428571428571445,0,10.770154373927959
2026-06-16,SKU-1004,Beverages,189.0,0,1605.0,7,False,170.0,233.0,163.28571428571428,157.35714285714286,151.42857142857142,11.857142857142861,1,9.829396325459317
2026-06-17,SKU-1004,Beverages,173.0,0,1432.0,7,False,189.0,147.0,157.0,157.21428571428572,157.42857142857142,-0.4285714285714164,2,9.121019108280255
2026-06-18,SKU-1004,Beverages,183.0,1822,3071.0,7,False,173.0,154.0,160.71428571428572,155.14285714285714,149.57142857142858,11.142857142857139,3,19.108444444444444
2026-06-19,SKU-1004,Beverages,162.0,0,2909.0,7,False,183.0,141.0,164.85714285714286,162.5,160.14285714285714,4.714285714285722,4,17.645580589254767
2026-06-20,SKU-1004,Beverages,121.0,0,2788.0,7,False,162.0,141.0,167.85714285714286,163.92857142857142,160.0,7.857142857142861,5,16.60936170212766
2026-06-21,SKU-1004,Beverages,136.0,0,2652.0,7,False,121.0,157.0,165.0,164.07142857142858,163.14285714285714,1.8571428571428612,6,16.072727272727274
2026-06-22,SKU-1004,Beverages,177.0,0,2475.0,7,False,136.0,170.0,162.0,164.28571428571428,166.57142857142858,-4.571428571428584,0,15.277777777777779
2026-06-23,SKU-1004,Beverages,225.0,0,2250.0,7,False,177.0,189.0,163.0,163.14285714285714,163.28571428571428,-0.2857142857142776,1,13.803680981595091
2026-06-24,SKU-1004,Beverages,204.0,0,2046.0,7,False,225.0,173.0,168.14285714285714,162.57142857142858,157.0,11.142857142857139,2,12.168224299065422
2026-06-25,SKU-1004,Beverages,182.0,0,1864.0,7,False,204.0,183.0,172.57142857142858,166.64285714285714,160.71428571428572,11.857142857142861,3,10.801324503311257
2026-06-26,SKU-1004,Beverages,171.0,0,1693.0,7,False,182.0,162.0,172.42857142857142,168.64285714285714,164.85714285714286,7.571428571428555,4,9.818558409279206
2026-06-27,SKU-1004,Beverages,144.0,0,1549.0,7,False,171.0,121.0,173.71428571428572,170.78571428571428,167.85714285714286,5.857142857142861,5,8.916940789473683
2026-06-28,SKU-1004,Beverages,155.0,0,1394.0,7,False,144.0,136.0,177.0,171.0,165.0,12.0,6,7.875706214689266
2026-06-29,SKU-1004,Beverages,144.0,1645,2895.0,7,False,155.0,177.0,179.71428571428572,170.85714285714286,162.0,17.714285714285722,0,16.108903020667725
2026-01-01,SKU-1005,Pasta,83.0,1105,1803.0,10,False,,,,,,,3,
2026-01-02,SKU-1005,Pasta,91.0,0,1803.0,10,False,83.0,,,,,,4,
2026-01-03,SKU-1005,Pasta,105.0,0,1607.0,10,False,91.0,,,,,,5,
2026-01-04,SKU-1005,Pasta,81.0,0,1526.0,10,False,105.0,,,,,,6,
2026-01-05,SKU-1005,Pasta,108.0,0,1418.0,10,False,81.0,,,,,,0,
2026-01-06,SKU-1005,Pasta,100.0,0,1318.0,10,False,108.0,,,,,,1,
2026-01-07,SKU-1005,Pasta,121.0,0,1197.0,10,False,100.0,,,,,,2,
2026-01-08,SKU-1005,Pasta,104.0,0,1093.0,10,False,121.0,83.0,98.42857142857143,,,,3,11.104499274310594
2026-01-09,SKU-1005,Pasta,94.0,0,999.0,10,False,104.0,91.0,101.42857142857143,,,,4,9.849295774647887
2026-01-10,SKU-1005,Pasta,74.0,0,925.0,10,False,94.0,105.0,101.85714285714286,,,,5,9.081346423562412
2026-01-11,SKU-1005,Pasta,110.0,0,815.0,10,False,74.0,81.0,97.42857142857143,,,,6,8.365102639296188
2026-01-12,SKU-1005,Pasta,95.0,0,720.0,10,False,110.0,108.0,101.57142857142857,,,,0,7.088607594936709
2026-01-13,SKU-1005,Pasta,100.0,0,620.0,10,False,95.0,100.0,99.71428571428571,,,,1,6.217765042979943
2026-01-14,SKU-1005,Pasta,115.0,0,505.0,10,False,100.0,121.0,99.71428571428571,,,,2,5.064469914040115
2026-01-15,SKU-1005,Pasta,112.0,0,393.0,10,False,115.0,104.0,98.85714285714286,98.64285714285714,98.42857142857143,0.4285714285714306,3,3.9754335260115607
2026-01-16,SKU-1005,Pasta,91.0,1460,1762.0,10,False,112.0,94.0,100.0,100.71428571428571,101.42857142857143,-1.4285714285714306,4,17.62
2026-01-17,SKU-1005,Pasta,94.0,0,1668.0,10,False,91.0,74.0,99.57142857142857,100.71428571428571,101.85714285714286,-2.285714285714292,5,16.751793400286946
2026-01-18,SKU-1005,Pasta,80.0,0,1588.0,10,False,94.0,110.0,102.42857142857143,99.92857142857143,97.42857142857143,5.0,6,15.503486750348674
2026-01-19,SKU-1005,Pasta,76.0,0,1512.0,10,False,80.0,95.0,98.14285714285714,99.85714285714286,101.57142857142857,-3.4285714285714306,0,15.406113537117905
2026-01-20,SKU-1005,Pasta,113.0,0,1399.0,10,False,76.0,100.0,95.42857142857143,97.57142857142857,99.71428571428571,-4.285714285714278,1,14.660179640718562
2026-01-21,SKU-1005,Pasta,94.0,0,1305.0,10,False,113.0,115.0,97.28571428571429,98.5,99.71428571428571,-2.4285714285714164,2,13.414096916299558
2026-01-22,SKU-1005,Pasta,93.0,0,1212.0,10,False,94.0,112.0,94.28571428571429,96.57142857142857,98.85714285714286,-4.571428571428569,3,12.854545454545454
2026-01-22,SKU-1005,Pasta,93.0,0,1212.0,10,False,93.0,91.0,91.57142857142857,95.78571428571429,100.0,-8.42857142857143,3,13.235569422776912
2026-01-23,SKU-1005,Pasta,96.0,0,1116.0,10,False,93.0,94.0,91.85714285714286,95.71428571428571,99.57142857142857,-7.714285714285708,4,12.149300155520995
2026-01-24,SKU-1005,Pasta,96.0,0,1020.0,10,False,96.0,80.0,92.14285714285714,97.28571428571429,102.42857142857143,-10.285714285714292,5,11.069767441860465
2026-01-25,SKU-1005,Pasta,97.0,1098,2021.0,10,False,96.0,76.0,94.42857142857143,96.28571428571429,98.14285714285714,-3.714285714285708,6,21.402420574886534
2026-01-26,SKU-1005,Pasta,103.0,0,1918.0,10,False,97.0,113.0,97.42857142857143,96.42857142857143,95.42857142857143,2.0,0,19.686217008797655
2026-01-27,SKU-1005,Pasta,107.0,0,1918.0,10,False,103.0,94.0,96.0,96.64285714285714,97.28571428571429,-1.2857142857142918,1,19.979166666666668
2026-01-28,SKU-1005,Pasta,109.0,0,1702.0,10,False,107.0,93.0,97.85714285714286,96.07142857142857,94.28571428571429,3.5714285714285694,2,17.392700729927007
2026-01-29,SKU-1005,Pasta,93.0,0,1609.0,10,False,109.0,93.0,100.14285714285714,95.85714285714286,91.57142857142857,8.57142857142857,3,16.06704707560628
2026-01-30,SKU-1005,Pasta,92.0,0,1517.0,10,False,93.0,96.0,100.14285714285714,96.0,91.85714285714286,8.285714285714278,4,15.148359486447932
2026-01-31,SKU-1005,Pasta,85.0,0,1432.0,10,False,92.0,96.0,99.57142857142857,95.85714285714286,92.14285714285714,7.428571428571431,5,14.381635581061694
2026-02-01,SKU-1005,Pasta,85.0,0,1347.0,10,False,85.0,97.0,98.0,96.21428571428571,94.42857142857143,3.5714285714285694,6,13.744897959183673
2026-02-02,SKU-1005,Pasta,97.0,0,1250.0,10,False,85.0,103.0,96.28571428571429,96.85714285714286,97.42857142857143,-1.1428571428571388,0,12.982195845697328
2026-02-03,SKU-1005,Pasta,89.0,0,1161.0,10,False,97.0,107.0,95.42857142857143,95.71428571428571,96.0,-0.5714285714285694,1,12.166167664670658
2026-02-04,SKU-1005,Pasta,100.0,0,1061.0,10,False,89.0,109.0,92.85714285714286,95.35714285714286,97.85714285714286,-5.0,2,11.426153846153845
2026-02-05,SKU-1005,Pasta,105.0,0,956.0,10,False,100.0,93.0,91.57142857142857,95.85714285714286,100.14285714285714,-8.57142857142857,3,10.439937597503901
2026-02-06,SKU-1005,Pasta,100.0,0,856.0,10,False,105.0,92.0,93.28571428571429,96.71428571428571,100.14285714285714,-6.857142857142847,4,9.176110260336905
2026-02-07,SKU-1005,Pasta,130.0,1002,1728.0,10,False,100.0,85.0,94.42857142857143,97.0,99.57142857142857,-5.142857142857139,5,18.299546142208776
2026-02-08,SKU-1005,Pasta,77.0,0,1651.0,10,False,130.0,85.0,100.85714285714286,99.42857142857143,98.0,2.857142857142861,6,16.36968838526912
2026-02-09,SKU-1005,Pasta,94.0,0,1557.0,10,False,77.0,97.0,99.71428571428571,98.0,96.28571428571429,3.4285714285714164,0,15.61461318051576
2026-02-10,SKU-1005,Pasta,94.0,0,1463.0,10,False,94.0,89.0,99.28571428571429,97.35714285714286,95.42857142857143,3.857142857142861,1,14.73525179856115
2026-02-11,SKU-1005,Pasta,98.0,0,1365.0,10,False,94.0,100.0,100.0,96.42857142857143,92.85714285714286,7.142857142857139,2,13.65
2026-02-12,SKU-1005,Pasta,104.0,0,1261.0,10,False,98.0,105.0,99.71428571428571,95.64285714285714,91.57142857142857,8.142857142857139,3,12.646131805157594
2026-02-13,SKU-1005,Pasta,90.0,0,1171.0,10,False,104.0,100.0,99.57142857142857,96.42857142857143,93.28571428571429,6.285714285714278,4,11.760401721664275
2026-02-14,SKU-1005,Pasta,92.0,0,1079.0,10,False,90.0,130.0,98.14285714285714,96.28571428571429,94.42857142857143,3.714285714285708,5,10.994177583697235
2026-02-15,SKU-1005,Pasta,105.0,0,974.0,10,False,92.0,77.0,92.71428571428571,96.78571428571429,100.85714285714286,-8.142857142857153,6,10.505392912172574
2026-02-16,SKU-1005,Pasta,96.0,0,878.0,10,False,105.0,94.0,96.71428571428571,98.21428571428571,99.71428571428571,-3.0,0,9.078286558345644
2026-02-17,SKU-1005,Pasta,105.0,0,773.0,10,False,96.0,94.0,97.0,98.14285714285714,99.28571428571429,-2.285714285714292,1,7.969072164948454
2026-02-18,SKU-1005,Pasta,94.0,1344,2023.0,10,False,105.0,98.0,98.57142857142857,99.28571428571429,100.0,-1.4285714285714306,2,20.5231884057971
2026-02-19,SKU-1005,Pasta,111.0,0,2023.0,10,False,94.0,104.0,98.0,98.85714285714286,99.71428571428571,-1.7142857142857082,3,20.642857142857142
2026-02-20,SKU-1005,Pasta,88.0,0,1824.0,10,False,111.0,90.0,99.0,99.28571428571429,99.57142857142857,-0.5714285714285694,4,18.424242424242426
2026-02-21,SKU-1005,Pasta,88.0,0,1736.0,10,False,88.0,92.0,98.71428571428571,98.42857142857143,98.14285714285714,0.5714285714285694,5,17.586107091172217
2026-02-22,SKU-1005,Pasta,98.0,0,1638.0,10,False,88.0,105.0,98.14285714285714,95.42857142857143,92.71428571428571,5.428571428571431,6,16.68995633187773
2026-02-23,SKU-1005,Pasta,95.0,0,1543.0,10,False,98.0,96.0,97.14285714285714,96.92857142857143,96.71428571428571,0.4285714285714306,0,15.883823529411766
2026-02-24,SKU-1005,Pasta,104.0,0,1439.0,10,False,95.0,105.0,97.0,97.0,97.0,0.0,1,14.835051546391753
2026-02-25,SKU-1005,Pasta,70.0,0,1369.0,10,False,104.0,94.0,96.85714285714286,97.71428571428571,98.57142857142857,-1.7142857142857082,2,14.134218289085545
2026-02-26,SKU-1005,Pasta,105.0,0,1264.0,10,False,70.0,111.0,93.42857142857143,95.71428571428571,98.0,-4.571428571428569,3,13.529051987767584
2026-02-27,SKU-1005,Pasta,110.0,1095,2249.0,10,False,105.0,88.0,92.57142857142857,95.78571428571429,99.0,-6.428571428571431,4,24.294753086419753
2026-02-28,SKU-1005,Pasta,81.0,0,2168.0,10,False,110.0,88.0,95.71428571428571,97.21428571428571,98.71428571428571,-3.0,5,22.650746268656718
2026-03-01,SKU-1005,Pasta,109.0,0,2059.0,10,False,81.0,98.0,94.71428571428571,96.42857142857143,98.14285714285714,-3.4285714285714306,6,21.739064856711916
2026-03-02,SKU-1005,Pasta,109.0,0,1950.0,10,False,109.0,95.0,96.28571428571429,96.71428571428571,97.14285714285714,-0.857142857142847,0,20.252225519287833
2026-03-03,SKU-1005,Pasta,90.0,0,1860.0,10,False,109.0,104.0,98.28571428571429,97.64285714285714,97.0,1.2857142857142918,1,18.924418604651162
2026-03-04,SKU-1005,Pasta,118.0,0,1742.0,10,False,90.0,70.0,96.28571428571429,96.57142857142857,96.85714285714286,-0.5714285714285694,2,18.0919881305638
2026-03-05,SKU-1005,Pasta,97.0,0,1645.0,10,False,118.0,105.0,103.14285714285714,98.28571428571429,93.42857142857143,9.714285714285708,3,15.948753462603879
2026-03-06,SKU-1005,Pasta,74.0,0,1571.0,10,False,97.0,110.0,102.0,97.28571428571429,92.57142857142857,9.42857142857143,4,15.401960784313726
2026-03-07,SKU-1005,Pasta,90.0,0,1481.0,10,False,74.0,81.0,96.85714285714286,96.28571428571429,95.71428571428571,1.142857142857153,5,15.2905604719764
2026-03-08,SKU-1005,Pasta,101.0,0,1380.0,10,False,90.0,109.0,98.14285714285714,96.42857142857143,94.71428571428571,3.4285714285714306,6,14.06113537117904
2026-03-09,SKU-1005,Pasta,98.0,0,1282.0,10,False,101.0,109.0,97.0,96.64285714285714,96.28571428571429,0.7142857142857082,0,13.216494845360824
2026-03-10,SKU-1005,Pasta,105.0,0,1177.0,10,False,98.0,90.0,95.42857142857143,96.85714285714286,98.28571428571429,-2.857142857142861,1,12.33383233532934
2026-03-11,SKU-1005,Pasta,118.0,1399,2458.0,10,False,105.0,118.0,97.57142857142857,96.92857142857143,96.28571428571429,1.2857142857142776,2,25.191800878477306
2026-03-12,SKU-1005,Pasta,98.0,0,2360.0,10,False,118.0,97.0,97.57142857142857,100.35714285714286,103.14285714285714,-5.571428571428569,3,24.18740849194729
2026-03-13,SKU-1005,Pasta,95.0,0,2265.0,10,False,98.0,74.0,97.71428571428571,99.85714285714286,102.0,-4.285714285714292,4,23.17982456140351
2026-03-14,SKU-1005,Pasta,105.0,0,2160.0,10,False,95.0,90.0,100.71428571428571,98.78571428571429,96.85714285714286,3.857142857142847,5,21.4468085106383
2026-03-15,SKU-1005,Pasta,97.0,0,2063.0,10,False,105.0,101.0,102.85714285714286,100.5,98.14285714285714,4.714285714285722,6,20.056944444444444
2026-03-16,SKU-1005,Pasta,99.0,0,1964.0,10,False,97.0,98.0,102.28571428571429,99.64285714285714,97.0,5.285714285714292,0,19.201117318435752
2026-03-17,SKU-1005,Pasta,88.0,0,1876.0,10,False,99.0,105.0,102.42857142857143,98.92857142857143,95.42857142857143,7.0,1,18.315202231520225
2026-03-18,SKU-1005,Pasta,82.0,0,1794.0,10,False,88.0,118.0,100.0,98.78571428571429,97.57142857142857,2.4285714285714306,2,17.94
2026-03-19,SKU-1005,Pasta,90.0,0,1704.0,10,False,82.0,98.0,94.85714285714286,96.21428571428571,97.57142857142857,-2.714285714285708,3,17.963855421686745
2026-03-20,SKU-1005,Pasta,90.0,0,1605.0,10,False,90.0,95.0,93.71428571428571,95.71428571428571,97.71428571428571,-4.0,4,17.126524390243905
2026-03-21,SKU-1005,Pasta,77.0,0,1528.0,10,False,90.0,105.0,93.0,96.85714285714286,100.71428571428571,-7.714285714285708,5,16.43010752688172
2026-03-22,SKU-1005,Pasta,90.0,0,1438.0,10,False,77.0,97.0,89.0,95.92857142857143,102.85714285714286,-13.857142857142861,6,16.15730337078652
2026-03-23,SKU-1005,Pasta,111.0,0,1327.0,10,False,90.0,99.0,88.0,95.14285714285714,102.28571428571429,-14.285714285714292,0,15.079545454545455
2026-03-24,SKU-1005,Pasta,85.0,0,1242.0,10,False,111.0,88.0,89.71428571428571,96.07142857142857,102.42857142857143,-12.714285714285722,1,13.843949044585989
2026-03-25,SKU-1005,Pasta,71.0,0,1171.0,10,False,85.0,82.0,89.28571428571429,94.64285714285714,100.0,-10.714285714285708,2,13.1152
2026-03-26,SKU-1005,Pasta,91.0,1452,2532.0,10,False,71.0,90.0,87.71428571428571,91.28571428571429,94.85714285714286,-7.142857142857153,3,28.866449511400653
2026-03-27,SKU-1005,Pasta,71.0,0,2461.0,10,False,91.0,90.0,87.85714285714286,90.78571428571429,93.71428571428571,-5.857142857142847,4,28.01138211382114
2026-03-28,SKU-1005,Pasta,90.0,0,2371.0,10,False,71.0,77.0,85.14285714285714,89.07142857142857,93.0,-7.857142857142861,5,27.84731543624161
2026-03-29,SKU-1005,Pasta,86.0,0,2285.0,10,False,90.0,90.0,87.0,88.0,89.0,-2.0,6,26.264367816091955
2026-03-30,SKU-1005,Pasta,115.0,0,2170.0,10,False,86.0,111.0,86.42857142857143,87.21428571428571,88.0,-1.5714285714285694,0,25.107438016528924
2026-03-31,SKU-1005,Pasta,107.0,0,2063.0,10,False,115.0,85.0,87.0,88.35714285714286,89.71428571428571,-2.714285714285708,1,23.71264367816092
2026-04-01,SKU-1005,Pasta,105.0,0,1958.0,10,False,107.0,71.0,90.14285714285714,89.71428571428571,89.28571428571429,0.857142857142847,2,21.72107765451664
2026-04-02,SKU-1005,Pasta,105.0,0,1853.0,10,False,105.0,91.0,95.0,91.35714285714286,87.71428571428571,7.285714285714292,3,19.50526315789474
2026-04-03,SKU-1005,Pasta,98.0,0,1755.0,10,False,105.0,71.0,97.0,92.42857142857143,87.85714285714286,9.142857142857139,4,18.09278350515464
2026-04-04,SKU-1005,Pasta,94.0,0,1661.0,10,False,98.0,90.0,100.85714285714286,93.0,85.14285714285714,15.714285714285722,5,16.46883852691218
2026-04-04,SKU-1005,Pasta,94.0,0,1661.0,10,False,94.0,86.0,101.42857142857143,94.21428571428571,87.0,14.42857142857143,5,16.376056338028167
2026-04-05,SKU-1005,Pasta,80.0,0,1581.0,10,False,94.0,115.0,102.57142857142857,94.5,86.42857142857143,16.14285714285714,6,15.413649025069638
2026-04-06,SKU-1005,Pasta,78.0,0,1503.0,10,False,80.0,107.0,97.57142857142857,92.28571428571429,87.0,10.57142857142857,0,15.404099560761347
2026-04-07,SKU-1005,Pasta,97.0,0,1406.0,10,False,78.0,105.0,93.42857142857143,91.78571428571429,90.14285714285714,3.285714285714292,1,15.048929663608563
2026-04-08,SKU-1005,Pasta,99.0,0,1307.0,10,False,97.0,105.0,92.28571428571429,93.64285714285714,95.0,-2.714285714285708,2,14.162538699690401
2026-04-09,SKU-1005,Pasta,101.0,0,1206.0,10,False,99.0,98.0,91.42857142857143,94.21428571428571,97.0,-5.571428571428569,3,13.190624999999999
2026-04-10,SKU-1005,Pasta,104.0,1428,2530.0,10,False,101.0,94.0,91.85714285714286,96.35714285714286,100.85714285714286,-9.0,4,27.542768273716952
2026-04-11,SKU-1005,Pasta,103.0,0,2427.0,10,False,104.0,94.0,93.28571428571429,97.35714285714286,101.42857142857143,-8.142857142857139,5,26.016845329249616
2026-04-12,SKU-1005,Pasta,105.0,0,2322.0,10,False,103.0,80.0,94.57142857142857,98.57142857142857,102.57142857142857,-8.0,6,24.552870090634443
2026-04-13,SKU-1005,Pasta,113.0,0,2209.0,10,False,105.0,78.0,98.14285714285714,97.85714285714286,97.57142857142857,0.5714285714285694,0,22.508005822416305
2026-04-14,SKU-1005,Pasta,96.0,0,2113.0,10,False,113.0,97.0,103.14285714285714,98.28571428571429,93.42857142857143,9.714285714285708,1,20.486149584487535
2026-04-15,SKU-1005,Pasta,100.0,0,2013.0,10,False,96.0,99.0,103.0,97.64285714285714,92.28571428571429,10.714285714285708,2,19.54368932038835
2026-04-16,SKU-1005,Pasta,112.0,0,1901.0,10,False,100.0,101.0,103.14285714285714,97.28571428571429,91.42857142857143,11.714285714285708,3,18.430747922437675
2026-04-17,SKU-1005,Pasta,117.0,0,1784.0,10,False,112.0,104.0,104.71428571428571,98.28571428571429,91.85714285714286,12.857142857142847,4,17.036834924965895
2026-04-18,SKU-1005,Pasta,63.0,0,1721.0,10,False,117.0,103.0,106.57142857142857,99.92857142857143,93.28571428571429,13.285714285714278,5,16.148793565683647
2026-04-19,SKU-1005,Pasta,106.0,0,1615.0,10,False,63.0,105.0,100.85714285714286,97.71428571428571,94.57142857142857,6.285714285714292,6,16.01274787535411
2026-04-20,SKU-1005,Pasta,89.0,0,1526.0,10,False,106.0,113.0,101.0,99.57142857142857,98.14285714285714,2.857142857142861,0,15.108910891089108
2026-04-21,SKU-1005,Pasta,116.0,0,1410.0,10,False,89.0,96.0,97.57142857142857,100.35714285714286,103.14285714285714,-5.571428571428569,1,14.45095168374817
2026-04-22,SKU-1005,Pasta,97.0,0,1313.0,10,False,116.0,100.0,100.42857142857143,101.71428571428571,103.0,-2.5714285714285694,2,13.073968705547653
2026-04-23,SKU-1005,Pasta,113.0,0,1200.0,10,False,97.0,112.0,100.0,101.57142857142857,103.14285714285714,-3.142857142857139,3,12.0
2026-04-24,SKU-1005,Pasta,104.0,1142,2238.0,10,False,113.0,117.0,100.14285714285714,102.42857142857143,104.71428571428571,-4.571428571428569,4,22.348074179743225
2026-04-25,SKU-1005,Pasta,67.0,0,2171.0,10,False,104.0,63.0,98.28571428571429,102.42857142857143,106.57142857142857,-8.285714285714278,5,22.088662790697672
2026-04-26,SKU-1005,Pasta,103.0,0,2068.0,10,False,67.0,106.0,98.85714285714286,99.85714285714286,100.85714285714286,-2.0,6,20.91907514450867
2026-04-27,SKU-1005,Pasta,188.0,0,1880.0,10,False,103.0,89.0,98.42857142857143,99.71428571428571,101.0,-2.5714285714285694,0,19.100145137880986
2026-04-28,SKU-1005,Pasta,99.0,0,1781.0,10,False,188.0,116.0,112.57142857142857,105.07142857142857,97.57142857142857,15.0,1,15.821065989847716
2026-04-29,SKU-1005,Pasta,108.0,0,1673.0,10,False,99.0,97.0,110.14285714285714,105.28571428571429,100.42857142857143,9.714285714285708,2,15.189364461738004
2026-04-30,SKU-1005,Pasta,95.0,0,1578.0,10,False,108.0,113.0,111.71428571428571,105.85714285714286,100.0,11.714285714285708,3,14.12531969309463
2026-05-01,SKU-1005,Pasta,73.0,0,1505.0,10,False,95.0,104.0,109.14285714285714,104.64285714285714,100.14285714285714,9.0,4,13.789267015706807
2026-05-02,SKU-1005,Pasta,233.0,0,1272.0,10,False,73.0,67.0,104.71428571428571,101.5,98.28571428571429,6.428571428571416,5,12.147339699863576
2026-05-03,SKU-1005,Pasta,91.0,0,1181.0,10,False,233.0,103.0,128.42857142857142,113.64285714285714,98.85714285714286,29.571428571428555,6,9.195773081201336
2026-05-04,SKU-1005,Pasta,90.0,1437,2528.0,10,False,91.0,188.0,126.71428571428571,112.57142857142857,98.42857142857143,28.285714285714278,0,19.950394588500565
2026-05-05,SKU-1005,Pasta,110.0,0,2418.0,10,False,90.0,99.0,112.71428571428571,112.64285714285714,112.57142857142857,0.1428571428571388,1,21.452471482889734
2026-05-06,SKU-1005,Pasta,78.0,0,2340.0,10,False,110.0,108.0,114.28571428571429,112.21428571428571,110.14285714285714,4.142857142857153,2,20.474999999999998
2026-05-07,SKU-1005,Pasta,91.0,0,2249.0,10,False,78.0,95.0,110.0,110.85714285714286,111.71428571428571,-1.7142857142857082,3,20.445454545454545
2026-05-08,SKU-1005,Pasta,85.0,0,2164.0,10,False,91.0,73.0,109.42857142857143,109.28571428571429,109.14285714285714,0.2857142857142918,4,19.77545691906005
2026-05-09,SKU-1005,Pasta,97.0,0,2067.0,10,False,85.0,233.0,111.14285714285714,107.92857142857143,104.71428571428571,6.428571428571431,5,18.597686375321338
2026-05-10,SKU-1005,Pasta,87.0,0,1980.0,10,False,97.0,91.0,91.71428571428571,110.07142857142857,128.42857142857142,-36.71428571428571,6,21.588785046728972
2026-05-11,SKU-1005,Pasta,65.0,0,1915.0,10,False,87.0,90.0,91.14285714285714,108.92857142857143,126.71428571428571,-35.57142857142857,0,21.010971786833856
2026-05-12,SKU-1005,Pasta,97.0,0,1818.0,10,False,65.0,110.0,87.57142857142857,100.14285714285714,112.71428571428571,-25.14285714285714,1,20.76019575856444
2026-05-13,SKU-1005,Pasta,97.0,0,1701.0,10,False,97.0,78.0,85.71428571428571,100.0,114.28571428571429,-28.571428571428584,2,19.845000000000002
2026-05-14,SKU-1005,Pasta,102.0,0,1599.0,10,False,97.0,91.0,88.42857142857143,99.21428571428571,110.0,-21.57142857142857,3,18.08239095315024
2026-05-15,SKU-1005,Pasta,81.0,0,1518.0,10,False,102.0,85.0,90.0,99.71428571428571,109.42857142857143,-19.42857142857143,4,16.866666666666667
2026-05-16,SKU-1005,Pasta,72.0,0,1446.0,10,False,81.0,97.0,89.42857142857143,100.28571428571429,111.14285714285714,-21.714285714285708,5,16.169329073482427
2026-05-17,SKU-1005,Pasta,81.0,0,1365.0,10,False,72.0,87.0,85.85714285714286,88.78571428571429,91.71428571428571,-5.857142857142847,6,15.898502495840265
2026-05-18,SKU-1005,Pasta,102.0,0,1263.0,10,False,81.0,65.0,85.0,88.07142857142857,91.14285714285714,-6.142857142857139,0,14.858823529411765
2026-05-19,SKU-1005,Pasta,90.0,0,1173.0,10,False,102.0,97.0,90.28571428571429,88.92857142857143,87.57142857142857,2.7142857142857224,1,12.992088607594935
2026-05-20,SKU-1005,Pasta,93.0,0,1080.0,10,False,90.0,97.0,89.28571428571429,87.5,85.71428571428571,3.5714285714285836,2,12.095999999999998
2026-05-21,SKU-1005,Pasta,86.0,0,994.0,10,False,93.0,102.0,88.71428571428571,88.57142857142857,88.42857142857143,0.2857142857142776,3,11.20450885668277
2026-05-22,SKU-1005,Pasta,89.0,0,905.0,10,False,86.0,81.0,86.42857142857143,88.21428571428571,90.0,-3.5714285714285694,4,10.47107438016529
2026-05-23,SKU-1005,Pasta,97.0,0,808.0,10,False,89.0,72.0,87.57142857142857,88.5,89.42857142857143,-1.8571428571428612,5,9.226753670473084
2026-05-24,SKU-1005,Pasta,108.0,0,700.0,10,False,97.0,81.0,91.14285714285714,88.5,85.85714285714286,5.285714285714278,6,7.68025078369906
2026-05-25,SKU-1005,Pasta,108.0,0,597.0,10,False,108.0,102.0,95.0,90.0,85.0,10.0,0,6.28421052631579
2026-05-26,SKU-1005,Pasta,80.0,0,517.0,10,False,108.0,90.0,95.85714285714286,93.07142857142857,90.28571428571429,5.571428571428569,1,5.393442622950819
2026-05-27,SKU-1005,Pasta,91.0,0,426.0,10,False,80.0,93.0,94.42857142857143,91.85714285714286,89.28571428571429,5.142857142857139,2,4.511346444780635
2026-05-28,SKU-1005,Pasta,91.0,0,335.0,10,False,91.0,86.0,94.14285714285714,91.42857142857143,88.71428571428571,5.428571428571431,3,3.5584218512898333
2026-05-29,SKU-1005,Pasta,101.0,0,234.0,10,False,91.0,89.0,94.85714285714286,90.64285714285714,86.42857142857143,8.42857142857143,4,2.466867469879518
2026-05-30,SKU-1005,Pasta,93.0,0,141.0,10,False,101.0,97.0,96.57142857142857,92.07142857142857,87.57142857142857,9.0,5,1.4600591715976332
2026-05-31,SKU-1005,Pasta,74.0,0,67.0,10,False,93.0,108.0,96.0,93.57142857142857,91.14285714285714,4.857142857142861,6,0.6979166666666666
2026-06-01,SKU-1005,Pasta,90.0,0,0.0,10,False,74.0,108.0,91.14285714285714,93.07142857142857,95.0,-3.857142857142861,0,0.0
2026-06-02,SKU-1005,Pasta,103.0,0,0.0,10,False,90.0,80.0,88.57142857142857,92.21428571428571,95.85714285714286,-7.285714285714292,1,0.0
2026-06-03,SKU-1005,Pasta,91.0,0,0.0,10,False,103.0,91.0,91.85714285714286,93.14285714285714,94.42857142857143,-2.5714285714285694,2,0.0
2026-06-04,SKU-1005,Pasta,147.0,1302,1155.0,10,False,91.0,91.0,91.85714285714286,93.0,94.14285714285714,-2.2857142857142776,3,12.573872472783826
2026-06-05,SKU-1005,Pasta,72.0,1136,2219.0,10,False,147.0,101.0,99.85714285714286,97.35714285714286,94.85714285714286,5.0,4,22.221745350500715
2026-06-06,SKU-1005,Pasta,90.0,0,2129.0,10,False,72.0,93.0,95.71428571428571,96.14285714285714,96.57142857142857,-0.8571428571428612,5,22.243283582089553
2026-06-07,SKU-1005,Pasta,90.0,0,2039.0,10,False,90.0,74.0,95.28571428571429,95.64285714285714,96.0,-0.7142857142857082,6,21.39880059970015
2026-06-08,SKU-1005,Pasta,87.0,0,1952.0,10,False,90.0,90.0,97.57142857142857,94.35714285714286,91.14285714285714,6.428571428571431,0,20.005856515373353
2026-06-09,SKU-1005,Pasta,100.0,0,1852.0,10,False,87.0,103.0,97.14285714285714,92.85714285714286,88.57142857142857,8.57142857142857,1,19.064705882352943
2026-06-10,SKU-1005,Pasta,89.0,0,1763.0,10,False,100.0,91.0,96.71428571428571,94.28571428571429,91.85714285714286,4.857142857142847,2,18.228951255539144
2026-06-11,SKU-1005,Pasta,95.0,0,1668.0,10,False,89.0,147.0,96.42857142857143,94.14285714285714,91.85714285714286,4.571428571428569,3,17.297777777777778
2026-06-12,SKU-1005,Pasta,93.0,0,1575.0,10,False,95.0,72.0,89.0,94.42857142857143,99.85714285714286,-10.857142857142861,4,17.696629213483146
2026-06-13,SKU-1005,Pasta,90.0,0,1485.0,10,False,93.0,90.0,92.0,93.85714285714286,95.71428571428571,-3.714285714285708,5,16.141304347826086
2026-06-14,SKU-1005,Pasta,96.0,0,1389.0,10,False,90.0,90.0,92.0,93.64285714285714,95.28571428571429,-3.285714285714292,6,15.097826086956522
2026-06-15,SKU-1005,Pasta,184.0,0,1205.0,10,False,96.0,87.0,92.85714285714286,95.21428571428571,97.57142857142857,-4.714285714285708,0,12.976923076923077
2026-06-16,SKU-1005,Pasta,107.0,1401,2499.0,10,False,184.0,100.0,106.71428571428571,101.92857142857143,97.14285714285714,9.57142857142857,1,23.417670682730925
2026-06-17,SKU-1005,Pasta,122.0,0,2377.0,10,False,107.0,89.0,107.71428571428571,102.21428571428571,96.71428571428571,11.0,2,22.06763925729443
2026-06-18,SKU-1005,Pasta,95.0,0,2282.0,10,False,122.0,95.0,112.42857142857143,104.42857142857143,96.42857142857143,16.0,3,20.297331639135958
2026-06-19,SKU-1005,Pasta,34.0,0,2248.0,10,False,95.0,93.0,112.42857142857143,100.71428571428571,89.0,23.42857142857143,4,19.994917407878017
2026-06-20,SKU-1005,Pasta,155.0,0,2093.0,10,False,34.0,90.0,104.0,98.0,92.0,12.0,5,20.125
2026-06-21,SKU-1005,Pasta,82.0,0,2011.0,10,False,155.0,96.0,113.28571428571429,102.64285714285714,92.0,21.285714285714292,6,17.7515762925599
2026-06-22,SKU-1005,Pasta,86.0,0,1925.0,10,False,82.0,184.0,111.28571428571429,102.07142857142857,92.85714285714286,18.42857142857143,0,17.297817715019253
2026-06-23,SKU-1005,Pasta,100.0,0,1825.0,10,False,86.0,107.0,97.28571428571429,102.0,106.71428571428571,-9.428571428571416,1,18.759177679882523
2026-06-24,SKU-1005,Pasta,97.0,0,1728.0,10,False,100.0,122.0,96.28571428571429,102.0,107.71428571428571,-11.428571428571416,2,17.946587537091986
2026-06-25,SKU-1005,Pasta,95.0,0,1633.0,10,False,97.0,95.0,92.71428571428571,102.57142857142857,112.42857142857143,-19.714285714285722,3,17.613251155624038
2026-06-26,SKU-1005,Pasta,106.0,0,1527.0,10,False,95.0,34.0,92.71428571428571,102.57142857142857,112.42857142857143,-19.714285714285722,4,16.469953775038523
2026-06-27,SKU-1005,Pasta,64.0,0,1463.0,10,False,106.0,155.0,103.0,103.5,104.0,-1.0,5,14.20388349514563
2026-06-28,SKU-1005,Pasta,77.0,0,1386.0,10,False,64.0,82.0,90.0,101.64285714285714,113.28571428571429,-23.285714285714292,6,15.4
2026-06-29,SKU-1005,Pasta,83.0,0,1303.0,10,False,77.0,86.0,89.28571428571429,100.28571428571429,111.28571428571429,-22.0,0,14.593599999999999
2026-01-01,SKU-1006,Sugar,579.0,0,4148.0,10,False,,,,,,,3,
2026-01-02,SKU-1006,Sugar,473.0,5912,9587.0,10,False,579.0,,,,,,4,
2026-01-03,SKU-1006,Sugar,469.0,0,9118.0,10,False,473.0,,,,,,5,
2026-01-04,SKU-1006,Sugar,436.0,0,8682.0,10,False,469.0,,,,,,6,
2026-01-05,SKU-1006,Sugar,722.0,0,7960.0,10,False,436.0,,,,,,0,
2026-01-06,SKU-1006,Sugar,489.0,0,7471.0,10,False,722.0,,,,,,1,
2026-01-07,SKU-1006,Sugar,708.0,0,6763.0,10,False,489.0,,,,,,2,
2026-01-08,SKU-1006,Sugar,756.0,0,6007.0,10,False,708.0,579.0,553.7142857142857,,,,3,10.848555211558308
2026-01-09,SKU-1006,Sugar,610.0,0,5397.0,10,False,756.0,473.0,579.0,,,,4,9.321243523316062
2026-01-10,SKU-1006,Sugar,389.0,0,5008.0,10,False,610.0,469.0,598.5714285714286,,,,5,8.366587112171837
2026-01-11,SKU-1006,Sugar,534.0,0,4474.0,10,False,389.0,436.0,587.1428571428571,,,,6,7.619951338199514
2026-01-12,SKU-1006,Sugar,537.0,0,3937.0,10,False,534.0,722.0,601.1428571428571,,,,0,6.549192015209126
2026-01-13,SKU-1006,Sugar,634.0,6694,9997.0,10,False,537.0,489.0,574.7142857142857,,,,1,17.394730300770572
2026-01-14,SKU-1006,Sugar,550.0,0,9447.0,10,False,634.0,708.0,595.4285714285714,,,,2,15.86588291746641
2026-01-15,SKU-1006,Sugar,427.0,0,9020.0,10,False,550.0,756.0,572.8571428571429,563.2857142857143,553.7142857142857,19.142857142857224,3,15.745635910224438
2026-01-16,SKU-1006,Sugar,581.0,0,8439.0,10,False,427.0,610.0,525.8571428571429,552.4285714285714,579.0,-53.14285714285711,4,16.048084759576202
2026-01-17,SKU-1006,Sugar,351.0,0,8088.0,10,False,581.0,389.0,521.7142857142857,560.1428571428571,598.5714285714286,-76.85714285714289,5,15.502738225629793
2026-01-18,SKU-1006,Sugar,382.0,0,7706.0,10,False,351.0,534.0,516.2857142857143,551.7142857142857,587.1428571428571,-70.85714285714278,6,14.925843940232427
2026-01-19,SKU-1006,Sugar,491.0,0,7215.0,10,False,382.0,537.0,494.57142857142856,547.8571428571429,601.1428571428571,-106.57142857142856,0,14.588388214904679
2026-01-20,SKU-1006,Sugar,328.0,0,6887.0,10,False,491.0,634.0,488.0,531.3571428571429,574.7142857142857,-86.71428571428567,1,14.112704918032787
2026-01-21,SKU-1006,Sugar,448.0,0,6439.0,10,False,328.0,550.0,444.2857142857143,519.8571428571429,595.4285714285714,-151.14285714285717,2,14.492926045016077
2026-01-22,SKU-1006,Sugar,353.0,0,6086.0,10,False,448.0,427.0,429.7142857142857,501.2857142857143,572.8571428571429,-143.14285714285717,3,14.162898936170212
2026-01-23,SKU-1006,Sugar,381.0,0,5705.0,10,False,353.0,581.0,419.14285714285717,472.5,525.8571428571429,-106.71428571428572,4,13.61111111111111
2026-01-24,SKU-1006,Sugar,537.0,0,5168.0,10,False,381.0,351.0,390.57142857142856,456.14285714285717,521.7142857142857,-131.1428571428571,5,13.231894659839064
2026-01-25,SKU-1006,Sugar,537.0,0,4728.0,10,False,537.0,382.0,417.14285714285717,466.7142857142857,516.2857142857143,-99.14285714285717,6,11.334246575342465
2026-01-26,SKU-1006,Sugar,495.0,0,4233.0,10,False,537.0,491.0,439.2857142857143,466.92857142857144,494.57142857142856,-55.28571428571428,0,9.63609756097561
2026-01-27,SKU-1006,Sugar,528.0,4981,8686.0,10,False,495.0,328.0,439.85714285714283,463.92857142857144,488.0,-48.14285714285717,1,19.74732055862293
2026-01-28,SKU-1006,Sugar,469.0,0,8217.0,10,False,528.0,448.0,468.42857142857144,456.35714285714283,444.2857142857143,24.142857142857167,2,17.541628545288198
2026-01-29,SKU-1006,Sugar,546.0,0,7671.0,10,False,469.0,353.0,471.42857142857144,450.57142857142856,429.7142857142857,41.71428571428572,3,16.27181818181818
2026-01-30,SKU-1006,Sugar,529.0,0,7142.0,10,False,546.0,381.0,499.0,459.07142857142856,419.14285714285717,79.85714285714283,4,14.312625250501002
2026-01-31,SKU-1006,Sugar,529.0,0,6687.0,10,False,529.0,537.0,520.1428571428571,455.35714285714283,390.57142857142856,129.57142857142856,5,12.85608349354573
2026-02-01,SKU-1006,Sugar,419.0,0,6268.0,10,False,529.0,537.0,519.0,468.07142857142856,417.14285714285717,101.85714285714283,6,12.077071290944124
2026-02-02,SKU-1006,Sugar,668.0,0,5600.0,10,False,419.0,495.0,502.14285714285717,470.7142857142857,439.2857142857143,62.85714285714289,0,11.152204836415363
2026-02-03,SKU-1006,Sugar,408.0,0,5192.0,10,False,668.0,528.0,526.8571428571429,483.35714285714283,439.85714285714283,87.00000000000006,1,9.85466377440347
2026-02-04,SKU-1006,Sugar,830.0,7116,11478.0,10,False,408.0,469.0,509.7142857142857,489.07142857142856,468.42857142857144,41.28571428571428,2,22.518497757847534
2026-02-05,SKU-1006,Sugar,484.0,0,10994.0,10,False,830.0,546.0,561.2857142857143,516.3571428571429,471.42857142857144,89.85714285714289,3,19.587172308475438
2026-02-06,SKU-1006,Sugar,479.0,0,10515.0,10,False,484.0,529.0,552.4285714285714,525.7142857142857,499.0,53.428571428571445,4,19.03413498836307
2026-02-07,SKU-1006,Sugar,199.0,0,10316.0,10,False,479.0,529.0,545.2857142857143,532.7142857142857,520.1428571428571,25.142857142857224,5,18.918522399790408
2026-02-08,SKU-1006,Sugar,355.0,0,9961.0,10,False,199.0,419.0,498.14285714285717,508.57142857142856,519.0,-20.857142857142833,6,19.996271866934325
2026-02-09,SKU-1006,Sugar,445.0,0,9516.0,10,False,355.0,668.0,489.0,495.57142857142856,502.14285714285717,-13.142857142857167,0,19.460122699386503
2026-02-10,SKU-1006,Sugar,649.0,0,8867.0,10,False,445.0,408.0,457.14285714285717,492.0,526.8571428571429,-69.71428571428572,1,19.396562499999998
2026-02-11,SKU-1006,Sugar,599.0,0,8268.0,10,False,649.0,830.0,491.57142857142856,500.64285714285717,509.7142857142857,-18.142857142857167,2,16.81952920662598
2026-02-12,SKU-1006,Sugar,568.0,0,7700.0,10,False,599.0,484.0,458.57142857142856,509.92857142857144,561.2857142857143,-102.71428571428578,3,16.79127725856698
2026-02-13,SKU-1006,Sugar,477.0,0,7223.0,10,False,568.0,479.0,470.57142857142856,511.5,552.4285714285714,-81.85714285714289,4,15.349423193685489
2026-02-14,SKU-1006,Sugar,423.0,0,6800.0,10,False,477.0,199.0,470.2857142857143,507.7857142857143,545.2857142857143,-75.00000000000006,5,14.459295261239369
2026-02-15,SKU-1006,Sugar,495.0,0,6305.0,10,False,423.0,355.0,502.2857142857143,500.2142857142857,498.14285714285717,4.14285714285711,6,12.552616609783845
2026-02-16,SKU-1006,Sugar,695.0,0,5610.0,10,False,495.0,445.0,522.2857142857143,505.64285714285717,489.0,33.285714285714334,0,10.741247264770239
2026-02-17,SKU-1006,Sugar,654.0,0,4956.0,10,False,695.0,649.0,558.0,507.57142857142856,457.14285714285717,100.85714285714283,1,8.881720430107526
2026-02-18,SKU-1006,Sugar,592.0,6452,10816.0,10,False,654.0,599.0,558.7142857142857,525.1428571428571,491.57142857142856,67.14285714285711,2,19.358731782152905
2026-02-19,SKU-1006,Sugar,462.0,0,10354.0,10,False,592.0,568.0,557.7142857142857,508.14285714285717,458.57142857142856,99.14285714285711,3,18.565061475409838
2026-02-20,SKU-1006,Sugar,408.0,0,9946.0,10,False,462.0,477.0,542.5714285714286,506.57142857142856,470.57142857142856,72.0,4,18.331226961558716
2026-02-21,SKU-1006,Sugar,359.0,0,9587.0,10,False,408.0,423.0,532.7142857142857,501.5,470.2857142857143,62.42857142857139,5,17.996513810673104
2026-02-22,SKU-1006,Sugar,177.0,0,9410.0,10,False,359.0,495.0,523.5714285714286,512.9285714285714,502.2857142857143,21.285714285714278,6,17.972714870395635
2026-02-23,SKU-1006,Sugar,675.0,0,8735.0,10,False,177.0,695.0,478.14285714285717,500.2142857142857,522.2857142857143,-44.14285714285717,0,18.268598745144907
2026-02-24,SKU-1006,Sugar,741.0,0,7994.0,10,False,675.0,654.0,475.2857142857143,516.6428571428571,558.0,-82.71428571428572,1,16.819356777877967
2026-02-25,SKU-1006,Sugar,788.0,0,7206.0,10,False,741.0,592.0,487.7142857142857,523.2142857142857,558.7142857142857,-70.99999999999994,2,14.775043936731107
2026-02-26,SKU-1006,Sugar,542.0,0,6664.0,10,False,788.0,462.0,515.7142857142857,536.7142857142857,557.7142857142857,-42.0,3,12.921883656509696
2026-02-27,SKU-1006,Sugar,327.0,0,6337.0,10,False,542.0,408.0,527.1428571428571,534.8571428571429,542.5714285714286,-15.428571428571445,4,12.021409214092142
2026-02-28,SKU-1006,Sugar,355.0,0,5982.0,10,False,327.0,359.0,515.5714285714286,524.1428571428571,532.7142857142857,-17.14285714285711,5,11.602660016625105
2026-03-01,SKU-1006,Sugar,391.0,0,5591.0,10,False,355.0,177.0,515.0,519.2857142857143,523.5714285714286,-8.571428571428555,6,10.856310679611651
2026-03-02,SKU-1006,Sugar,416.0,0,5175.0,10,False,391.0,675.0,545.5714285714286,511.85714285714283,478.14285714285717,67.42857142857139,0,9.485467399842891
2026-03-03,SKU-1006,Sugar,419.0,0,4756.0,10,False,416.0,741.0,508.57142857142856,491.92857142857144,475.2857142857143,33.28571428571428,1,9.351685393258427
2026-03-04,SKU-1006,Sugar,1059.0,0,3697.0,10,False,419.0,788.0,462.57142857142856,475.14285714285717,487.7142857142857,-25.142857142857167,2,7.992279184681903
2026-03-05,SKU-1006,Sugar,535.0,5651,8813.0,10,False,1059.0,542.0,501.2857142857143,508.5,515.7142857142857,-14.428571428571388,3,17.580792248503847
2026-03-06,SKU-1006,Sugar,451.0,0,8362.0,10,False,535.0,327.0,500.2857142857143,513.7142857142857,527.1428571428571,-26.857142857142833,4,16.714448886350656
2026-03-07,SKU-1006,Sugar,428.0,0,7934.0,10,False,451.0,355.0,518.0,516.7857142857143,515.5714285714286,2.428571428571445,5,15.316602316602317
2026-03-08,SKU-1006,Sugar,457.0,0,7477.0,10,False,428.0,391.0,528.4285714285714,521.7142857142857,515.0,13.428571428571445,6,14.149499864828332
2026-03-09,SKU-1006,Sugar,580.0,0,6897.0,10,False,457.0,416.0,537.8571428571429,541.7142857142857,545.5714285714286,-7.714285714285666,0,12.823107569721115
2026-03-10,SKU-1006,Sugar,461.0,0,6436.0,10,False,580.0,419.0,561.2857142857143,534.9285714285714,508.57142857142856,52.71428571428578,1,11.46653092389921
2026-03-11,SKU-1006,Sugar,430.0,0,6006.0,10,False,461.0,1059.0,567.2857142857143,514.9285714285714,462.57142857142856,104.71428571428578,2,10.58725761772853
2026-03-12,SKU-1006,Sugar,474.0,0,5532.0,10,False,430.0,535.0,477.42857142857144,489.35714285714283,501.2857142857143,-23.857142857142833,3,11.587073608617594
2026-03-13,SKU-1006,Sugar,492.0,0,5040.0,10,False,474.0,451.0,468.7142857142857,484.5,500.2857142857143,-31.571428571428555,4,10.752819262419994
2026-03-14,SKU-1006,Sugar,482.0,0,4558.0,10,False,492.0,428.0,474.57142857142856,496.2857142857143,518.0,-43.428571428571445,5,9.604455147501506
2026-03-15,SKU-1006,Sugar,339.0,6514,10733.0,10,False,482.0,457.0,482.2857142857143,505.35714285714283,528.4285714285714,-46.14285714285717,6,22.254443127962087
2026-03-16,SKU-1006,Sugar,459.0,0,10274.0,10,False,339.0,580.0,465.42857142857144,501.64285714285717,537.8571428571429,-72.42857142857144,0,22.07427869858809
2026-03-17,SKU-1006,Sugar,442.0,0,9832.0,10,False,459.0,461.0,448.14285714285717,504.7142857142857,561.2857142857143,-113.14285714285717,1,21.939432578897033
2026-03-18,SKU-1006,Sugar,620.0,0,9212.0,10,False,442.0,430.0,445.42857142857144,506.35714285714283,567.2857142857143,-121.85714285714289,2,20.68120590121873
2026-03-19,SKU-1006,Sugar,440.0,0,8772.0,10,False,620.0,474.0,472.57142857142856,475.0,477.42857142857144,-4.85714285714289,3,18.562273276904474
2026-03-20,SKU-1006,Sugar,558.0,0,8214.0,10,False,440.0,492.0,467.7142857142857,468.2142857142857,468.7142857142857,-1.0,4,17.562003665241296
2026-03-21,SKU-1006,Sugar,301.0,0,7913.0,10,False,558.0,482.0,477.14285714285717,475.85714285714283,474.57142857142856,2.571428571428612,5,16.584131736526945
2026-03-22,SKU-1006,Sugar,315.0,0,7598.0,10,False,301.0,339.0,451.2857142857143,466.7857142857143,482.2857142857143,-31.0,6,16.83634061411839
2026-03-23,SKU-1006,Sugar,507.0,0,7091.0,10,False,315.0,459.0,447.85714285714283,456.64285714285717,465.42857142857144,-17.571428571428612,0,15.83317384370016
2026-03-24,SKU-1006,Sugar,687.0,0,6404.0,10,False,507.0,442.0,454.7142857142857,451.42857142857144,448.14285714285717,6.571428571428555,1,14.083568960100534
2026-03-25,SKU-1006,Sugar,506.0,0,5898.0,10,False,687.0,620.0,489.7142857142857,467.57142857142856,445.42857142857144,44.28571428571428,2,12.043757292882146
2026-03-26,SKU-1006,Sugar,591.0,0,5307.0,10,False,506.0,440.0,473.42857142857144,473.0,472.57142857142856,0.8571428571428896,3,11.209716354858177
2026-03-27,SKU-1006,Sugar,512.0,0,4795.0,10,False,591.0,558.0,495.0,481.35714285714283,467.7142857142857,27.285714285714278,4,9.686868686868687
2026-03-28,SKU-1006,Sugar,145.0,6617,11267.0,10,False,512.0,301.0,488.42857142857144,482.7857142857143,477.14285714285717,11.285714285714278,5,23.067856098274348
2026-03-29,SKU-1006,Sugar,606.0,0,10661.0,10,False,145.0,315.0,466.14285714285717,458.7142857142857,451.2857142857143,14.85714285714289,6,22.870671161507815
2026-03-30,SKU-1006,Sugar,399.0,0,10262.0,10,False,606.0,507.0,507.7142857142857,477.7857142857143,447.85714285714283,59.85714285714289,0,20.212155317951602
2026-03-31,SKU-1006,Sugar,551.0,0,9711.0,10,False,399.0,687.0,492.2857142857143,473.5,454.7142857142857,37.571428571428555,1,19.726349390597793
2026-04-01,SKU-1006,Sugar,571.0,0,9140.0,10,False,551.0,506.0,472.85714285714283,481.2857142857143,489.7142857142857,-16.85714285714289,2,19.329305135951664
2026-04-02,SKU-1006,Sugar,529.0,0,8611.0,10,False,571.0,591.0,482.14285714285717,477.7857142857143,473.42857142857144,8.714285714285722,3,17.85985185185185
2026-04-03,SKU-1006,Sugar,548.0,0,8063.0,10,False,529.0,512.0,473.2857142857143,484.14285714285717,495.0,-21.714285714285722,4,17.036220947781466
2026-04-04,SKU-1006,Sugar,419.0,0,7644.0,10,False,548.0,145.0,478.42857142857144,483.42857142857144,488.42857142857144,-10.0,5,15.97730665870409
2026-04-05,SKU-1006,Sugar,363.0,0,7281.0,10,False,419.0,606.0,517.5714285714286,491.85714285714283,466.14285714285717,51.42857142857139,6,14.067623516422854
2026-04-06,SKU-1006,Sugar,409.0,0,6872.0,10,False,363.0,399.0,482.85714285714283,495.2857142857143,507.7142857142857,-24.85714285714289,0,14.231952662721895
2026-04-07,SKU-1006,Sugar,389.0,0,6483.0,10,False,409.0,551.0,484.2857142857143,488.2857142857143,492.2857142857143,-8.0,1,13.386725663716815
2026-04-08,SKU-1006,Sugar,783.0,0,5700.0,10,False,389.0,571.0,461.14285714285717,467.0,472.85714285714283,-11.714285714285666,2,12.360594795539033
2026-04-09,SKU-1006,Sugar,373.0,0,5327.0,10,False,783.0,529.0,491.42857142857144,486.7857142857143,482.14285714285717,9.285714285714278,3,10.839825581395349
2026-04-10,SKU-1006,Sugar,177.0,0,5150.0,10,False,373.0,548.0,469.14285714285717,471.2142857142857,473.2857142857143,-4.14285714285711,4,10.977466504263093
2026-04-11,SKU-1006,Sugar,381.0,0,4769.0,10,False,177.0,419.0,416.14285714285717,447.2857142857143,478.42857142857144,-62.28571428571428,5,11.460006865774115
2026-04-12,SKU-1006,Sugar,487.0,0,4282.0,10,False,381.0,363.0,410.7142857142857,464.14285714285717,517.5714285714286,-106.85714285714283,6,10.425739130434783
2026-04-13,SKU-1006,Sugar,543.0,0,3739.0,10,False,487.0,409.0,428.42857142857144,455.64285714285717,482.85714285714283,-54.42857142857139,0,8.727242414138045
2026-04-14,SKU-1006,Sugar,518.0,6919,3739.0,10,False,543.0,389.0,447.57142857142856,465.92857142857144,484.2857142857143,-36.71428571428572,1,8.353973827002873
2026-04-15,SKU-1006,Sugar,804.0,0,9336.0,10,False,518.0,783.0,466.0,463.57142857142856,461.14285714285717,4.857142857142833,2,20.034334763948497
2026-04-16,SKU-1006,Sugar,524.0,0,8812.0,10,False,804.0,373.0,469.0,480.2142857142857,491.42857142857144,-22.428571428571445,3,18.788912579957355
2026-04-17,SKU-1006,Sugar,326.0,0,8486.0,10,False,524.0,177.0,490.57142857142856,479.85714285714283,469.14285714285717,21.428571428571388,4,17.298194525334885
2026-04-18,SKU-1006,Sugar,358.0,0,8128.0,10,False,326.0,381.0,511.85714285714283,464.0,416.14285714285717,95.71428571428567,5,15.879430644711137
2026-04-19,SKU-1006,Sugar,462.0,0,7666.0,10,False,358.0,487.0,508.57142857142856,459.64285714285717,410.7142857142857,97.85714285714283,6,15.073595505617979
2026-04-20,SKU-1006,Sugar,551.0,0,7115.0,10,False,462.0,543.0,505.0,466.7142857142857,428.42857142857144,76.57142857142856,0,14.089108910891088
2026-04-21,SKU-1006,Sugar,686.0,0,6429.0,10,False,551.0,518.0,506.14285714285717,476.85714285714283,447.57142857142856,58.57142857142861,1,12.70194750211685
2026-04-22,SKU-1006,Sugar,675.0,0,5754.0,10,False,686.0,804.0,530.1428571428571,498.07142857142856,466.0,64.14285714285711,2,10.853678253839936
2026-04-23,SKU-1006,Sugar,716.0,0,5038.0,10,False,675.0,524.0,511.7142857142857,490.35714285714283,469.0,42.71428571428572,3,9.84533780011167
2026-04-24,SKU-1006,Sugar,360.0,6735,11413.0,10,False,716.0,326.0,539.1428571428571,514.8571428571429,490.57142857142856,48.571428571428555,4,21.16878643349232
2026-04-25,SKU-1006,Sugar,371.0,0,11042.0,10,False,360.0,358.0,544.0,527.9285714285714,511.85714285714283,32.14285714285717,5,20.297794117647058
2026-04-26,SKU-1006,Sugar,466.0,0,10576.0,10,False,371.0,462.0,545.8571428571429,527.2142857142857,508.57142857142856,37.285714285714334,6,19.375032713949228
2026-04-27,SKU-1006,Sugar,471.0,0,10105.0,10,False,466.0,551.0,546.4285714285714,525.7142857142857,505.0,41.428571428571445,0,18.492810457516338
2026-04-28,SKU-1006,Sugar,606.0,0,9499.0,10,False,471.0,686.0,535.0,520.5714285714286,506.14285714285717,28.857142857142833,1,17.755140186915888
2026-04-29,SKU-1006,Sugar,485.0,0,9014.0,10,False,606.0,675.0,523.5714285714286,526.8571428571429,530.1428571428571,-6.571428571428555,2,17.21637107776262
2026-04-30,SKU-1006,Sugar,411.0,0,8603.0,10,False,485.0,716.0,496.42857142857144,504.07142857142856,511.7142857142857,-15.285714285714278,3,17.32978417266187
2026-05-01,SKU-1006,Sugar,411.0,0,8127.0,10,False,411.0,360.0,452.85714285714283,496.0,539.1428571428571,-86.28571428571428,4,17.946056782334384
2026-05-02,SKU-1006,Sugar,431.0,0,7696.0,10,False,411.0,371.0,460.14285714285717,502.07142857142856,544.0,-83.85714285714283,5,16.725240608506674
2026-05-03,SKU-1006,Sugar,408.0,0,7288.0,10,False,431.0,466.0,468.7142857142857,507.2857142857143,545.8571428571429,-77.14285714285717,6,15.548918012800975
2026-05-04,SKU-1006,Sugar,287.0,0,7001.0,10,False,408.0,471.0,460.42857142857144,503.42857142857144,546.4285714285714,-86.0,0,15.205398696866274
2026-05-05,SKU-1006,Sugar,597.0,0,6404.0,10,False,287.0,606.0,434.14285714285717,484.57142857142856,535.0,-100.85714285714283,1,14.750904902928594
2026-05-06,SKU-1006,Sugar,610.0,0,5794.0,10,False,597.0,485.0,432.85714285714283,478.2142857142857,523.5714285714286,-90.71428571428572,2,13.385478547854786
2026-05-07,SKU-1006,Sugar,598.0,0,5196.0,10,False,610.0,411.0,450.7142857142857,473.57142857142856,496.42857142857144,-45.71428571428572,3,11.528367670364501
2026-05-08,SKU-1006,Sugar,491.0,0,4705.0,10,False,598.0,411.0,477.42857142857144,465.14285714285717,452.85714285714283,24.571428571428612,4,9.854877318970676
2026-05-09,SKU-1006,Sugar,453.0,4969,9221.0,10,False,491.0,431.0,488.85714285714283,474.5,460.14285714285717,28.714285714285666,5,18.862361192285213
2026-05-10,SKU-1006,Sugar,498.0,0,8723.0,10,False,453.0,408.0,492.0,480.35714285714283,468.7142857142857,23.285714285714278,6,17.729674796747968
2026-05-11,SKU-1006,Sugar,449.0,0,8274.0,10,False,498.0,287.0,504.85714285714283,482.64285714285717,460.42857142857144,44.42857142857139,0,16.38879456706282
2026-05-12,SKU-1006,Sugar,670.0,0,7604.0,10,False,449.0,597.0,528.0,481.07142857142856,434.14285714285717,93.85714285714283,1,14.401515151515152
2026-05-13,SKU-1006,Sugar,585.0,0,7019.0,10,False,670.0,610.0,538.4285714285714,485.64285714285717,432.85714285714283,105.57142857142861,2,13.03608384186787
2026-05-14,SKU-1006,Sugar,706.0,0,6313.0,10,False,585.0,598.0,534.8571428571429,492.7857142857143,450.7142857142857,84.14285714285717,3,11.803151709401709
2026-05-15,SKU-1006,Sugar,390.0,0,5923.0,10,False,706.0,491.0,550.2857142857143,513.8571428571429,477.42857142857144,72.85714285714289,4,10.7634994807892
2026-05-16,SKU-1006,Sugar,413.0,0,5510.0,10,False,390.0,453.0,535.8571428571429,512.3571428571429,488.85714285714283,47.00000000000006,5,10.282591308984271
2026-05-17,SKU-1006,Sugar,436.0,0,5074.0,10,False,413.0,498.0,530.1428571428571,511.07142857142856,492.0,38.14285714285711,6,9.571005119913771
2026-05-18,SKU-1006,Sugar,539.0,0,4535.0,10,False,436.0,449.0,521.2857142857143,513.0714285714286,504.85714285714283,16.4285714285715,0,8.699643738010414
2026-05-19,SKU-1006,Sugar,407.0,6716,10844.0,10,False,539.0,670.0,534.1428571428571,531.0714285714286,528.0,6.14285714285711,1,20.301684942497996
2026-05-20,SKU-1006,Sugar,663.0,0,10181.0,10,False,407.0,585.0,496.57142857142856,517.5,538.4285714285714,-41.85714285714289,2,20.50258918296893
2026-05-21,SKU-1006,Sugar,526.0,0,9655.0,10,False,663.0,706.0,507.7142857142857,521.2857142857143,534.8571428571429,-27.142857142857167,3,19.016601012943163
2026-05-22,SKU-1006,Sugar,418.0,0,9237.0,10,False,526.0,390.0,482.0,516.1428571428571,550.2857142857143,-68.28571428571433,4,19.16390041493776
2026-05-23,SKU-1006,Sugar,184.0,0,9053.0,10,False,418.0,413.0,486.0,510.92857142857144,535.8571428571429,-49.85714285714289,5,18.627572016460906
2026-05-24,SKU-1006,Sugar,482.0,0,8571.0,10,False,184.0,436.0,453.2857142857143,491.7142857142857,530.1428571428571,-76.85714285714283,6,18.908603844941695
2026-05-25,SKU-1006,Sugar,502.0,0,8571.0,10,False,482.0,539.0,459.85714285714283,490.57142857142856,521.2857142857143,-61.4285714285715,0,18.638397017707362
2026-05-26,SKU-1006,Sugar,496.0,0,7573.0,10,False,502.0,407.0,454.57142857142856,494.35714285714283,534.1428571428571,-79.57142857142856,1,16.65964802011314
2026-05-27,SKU-1006,Sugar,632.0,0,6941.0,10,False,496.0,663.0,467.2857142857143,481.92857142857144,496.57142857142856,-29.285714285714278,2,14.853867318862733
2026-05-28,SKU-1006,Sugar,474.0,0,6467.0,10,False,632.0,526.0,462.85714285714283,485.2857142857143,507.7142857142857,-44.85714285714289,3,13.971913580246914
2026-05-29,SKU-1006,Sugar,448.0,0,6019.0,10,False,474.0,418.0,455.42857142857144,468.7142857142857,482.0,-26.571428571428555,4,13.21612296110414
2026-05-30,SKU-1006,Sugar,513.0,0,5506.0,10,False,448.0,184.0,459.7142857142857,472.85714285714283,486.0,-26.285714285714278,5,11.977004350528277
2026-05-31,SKU-1006,Sugar,389.0,0,5117.0,10,False,513.0,482.0,506.7142857142857,480.0,453.2857142857143,53.428571428571445,6,10.098393008175924
2026-06-01,SKU-1006,Sugar,256.0,0,4861.0,10,False,389.0,502.0,493.42857142857144,476.64285714285717,459.85714285714283,33.57142857142861,0,9.851476548928778
2026-06-02,SKU-1006,Sugar,479.0,0,4382.0,10,False,256.0,496.0,458.2857142857143,456.42857142857144,454.57142857142856,3.7142857142857224,1,9.561720698254364
2026-06-03,SKU-1006,Sugar,633.0,6079,9828.0,10,False,479.0,632.0,455.85714285714283,461.57142857142856,467.2857142857143,-11.428571428571445,2,21.559385772485115
2026-06-04,SKU-1006,Sugar,398.0,0,9430.0,10,False,633.0,474.0,456.0,459.42857142857144,462.85714285714283,-6.857142857142833,3,20.67982456140351
2026-06-05,SKU-1006,Sugar,313.0,0,9117.0,10,False,398.0,448.0,445.14285714285717,450.2857142857143,455.42857142857144,-10.285714285714278,4,20.48106546854942
2026-06-06,SKU-1006,Sugar,381.0,0,8736.0,10,False,313.0,513.0,425.85714285714283,442.7857142857143,459.7142857142857,-33.85714285714289,5,20.513921502851392
2026-06-07,SKU-1006,Sugar,371.0,0,8365.0,10,False,381.0,389.0,407.0,456.85714285714283,506.7142857142857,-99.71428571428572,6,20.552825552825553
2026-06-07,SKU-1006,Sugar,371.0,0,8365.0,10,False,371.0,256.0,404.42857142857144,448.92857142857144,493.42857142857144,-89.0,6,20.683504062168844
2026-06-08,SKU-1006,Sugar,254.0,0,8111.0,10,False,371.0,479.0,420.85714285714283,439.57142857142856,458.2857142857143,-37.428571428571445,0,19.27257298031229
2026-06-09,SKU-1006,Sugar,559.0,0,7552.0,10,False,254.0,633.0,388.7142857142857,422.2857142857143,455.85714285714283,-67.14285714285711,1,19.428151414920986
2026-06-10,SKU-1006,Sugar,610.0,0,6942.0,10,False,559.0,398.0,378.14285714285717,417.07142857142856,456.0,-77.85714285714283,2,18.358141292028712
2026-06-11,SKU-1006,Sugar,522.0,0,6420.0,10,False,610.0,313.0,408.42857142857144,426.7857142857143,445.14285714285717,-36.71428571428572,3,15.71878279118573
2026-06-12,SKU-1006,Sugar,679.0,0,5741.0,10,False,522.0,381.0,438.2857142857143,432.07142857142856,425.85714285714283,12.428571428571445,4,13.098761408083442
2026-06-13,SKU-1006,Sugar,487.0,0,5254.0,10,False,679.0,371.0,480.85714285714283,443.92857142857144,407.0,73.85714285714283,5,10.926322043969103
2026-06-14,SKU-1006,Sugar,323.0,6184,11115.0,10,False,487.0,371.0,497.42857142857144,450.92857142857144,404.42857142857144,93.0,6,22.344916714531877
2026-06-15,SKU-1006,Sugar,408.0,0,10707.0,10,False,323.0,254.0,490.57142857142856,455.7142857142857,420.85714285714283,69.71428571428572,0,21.82556785090274
2026-06-16,SKU-1006,Sugar,655.0,0,10052.0,10,False,408.0,559.0,512.5714285714286,450.64285714285717,388.7142857142857,123.85714285714283,1,19.61092530657748
2026-06-17,SKU-1006,Sugar,541.0,0,9511.0,10,False,655.0,610.0,526.2857142857143,452.2142857142857,378.14285714285717,148.14285714285717,2,18.071932681867533
2026-06-18,SKU-1006,Sugar,416.0,0,9095.0,10,False,541.0,522.0,516.4285714285714,462.42857142857144,408.42857142857144,108.0,3,17.611341632088518
2026-06-19,SKU-1006,Sugar,350.0,0,8745.0,10,False,416.0,679.0,501.2857142857143,469.7857142857143,438.2857142857143,63.0,4,17.44514106583072
2026-06-20,SKU-1006,Sugar,322.0,0,8423.0,10,False,350.0,487.0,454.2857142857143,467.57142857142856,480.85714285714283,-26.571428571428555,5,18.54119496855346
2026-06-21,SKU-1006,Sugar,432.0,0,8423.0,10,False,322.0,323.0,430.7142857142857,464.07142857142856,497.42857142857144,-66.71428571428572,6,19.555887230514095
2026-06-22,SKU-1006,Sugar,407.0,0,7584.0,10,False,432.0,408.0,446.2857142857143,468.42857142857144,490.57142857142856,-44.28571428571428,0,16.99359795134443
2026-06-23,SKU-1006,Sugar,565.0,0,7019.0,10,False,407.0,655.0,446.14285714285717,479.35714285714283,512.5714285714286,-66.42857142857139,1,15.73262888248479
2026-06-24,SKU-1006,Sugar,749.0,0,6270.0,10,False,565.0,541.0,433.2857142857143,479.7857142857143,526.2857142857143,-93.00000000000006,2,14.47082096933729
2026-06-25,SKU-1006,Sugar,530.0,0,5740.0,10,False,749.0,416.0,463.0,489.7142857142857,516.4285714285714,-53.428571428571445,3,12.397408207343412
2026-06-26,SKU-1006,Sugar,530.0,0,5354.0,10,False,530.0,350.0,479.2857142857143,490.2857142857143,501.2857142857143,-22.0,4,11.170789865871834
2026-06-27,SKU-1006,Sugar,322.0,6512,11544.0,10,False,530.0,322.0,505.0,479.64285714285717,454.2857142857143,50.71428571428572,5,22.85940594059406
2026-06-28,SKU-1006,Sugar,367.0,0,11177.0,10,False,322.0,432.0,505.0,467.85714285714283,430.7142857142857,74.28571428571428,6,22.132673267326734
2026-06-29,SKU-1006,Sugar,398.0,0,10779.0,10,False,367.0,407.0,495.7142857142857,471.0,446.2857142857143,49.428571428571445,0,21.744380403458212
2026-01-01,SKU-1007,Sugar,614.0,0,1748.0,14,False,,,,,,,3,
2026-01-02,SKU-1007,Sugar,563.0,0,1185.0,14,False,614.0,,,,,,4,
2026-01-03,SKU-1007,Sugar,385.0,0,800.0,14,False,563.0,,,,,,5,
2026-01-04,SKU-1007,Sugar,655.0,0,145.0,14,False,385.0,,,,,,6,
2026-01-05,SKU-1007,Sugar,560.0,0,0.0,14,False,655.0,,,,,,0,
2026-01-06,SKU-1007,Sugar,597.0,0,0.0,14,False,560.0,,,,,,1,
2026-01-07,SKU-1007,Sugar,680.0,8270,7590.0,14,False,597.0,,,,,,2,
2026-01-08,SKU-1007,Sugar,558.0,0,7032.0,14,False,680.0,614.0,579.1428571428571,,,,3,12.14208189442526
2026-01-09,SKU-1007,Sugar,528.0,0,6504.0,14,False,558.0,563.0,571.1428571428571,,,,4,11.387693846923462
2026-01-10,SKU-1007,Sugar,432.0,0,6072.0,14,False,528.0,385.0,566.1428571428571,,,,5,10.725208175624527
2026-01-11,SKU-1007,Sugar,422.0,0,5650.0,14,False,432.0,655.0,572.8571428571429,,,,6,9.862842892768079
2026-01-12,SKU-1007,Sugar,339.0,0,5311.0,14,False,422.0,560.0,539.5714285714286,,,,0,9.84299708763569
2026-01-13,SKU-1007,Sugar,547.0,0,4764.0,14,False,339.0,597.0,508.0,,,,1,9.377952755905511
2026-01-14,SKU-1007,Sugar,458.0,0,4306.0,14,False,547.0,680.0,500.85714285714283,,,,2,8.597261836851112
2026-01-15,SKU-1007,Sugar,533.0,0,3773.0,14,False,458.0,558.0,469.14285714285717,524.1428571428571,579.1428571428571,-109.99999999999994,3,8.042326431181486
2026-01-16,SKU-1007,Sugar,315.0,0,3458.0,14,False,533.0,528.0,465.57142857142856,518.3571428571429,571.1428571428571,-105.57142857142856,4,7.42743172752378
2026-01-17,SKU-1007,Sugar,436.0,8330,11352.0,14,False,315.0,432.0,435.14285714285717,500.64285714285717,566.1428571428571,-130.99999999999994,5,26.087984241628362
2026-01-18,SKU-1007,Sugar,344.0,0,11008.0,14,False,436.0,422.0,435.7142857142857,504.2857142857143,572.8571428571429,-137.14285714285717,6,25.264262295081966
2026-01-19,SKU-1007,Sugar,520.0,0,10488.0,14,False,344.0,339.0,424.57142857142856,482.07142857142856,539.5714285714286,-115.0,0,24.702557200538358
2026-01-20,SKU-1007,Sugar,600.0,0,9888.0,14,False,520.0,547.0,450.42857142857144,479.2142857142857,508.0,-57.571428571428555,1,21.95242626070409
2026-01-21,SKU-1007,Sugar,854.0,0,9034.0,14,False,600.0,458.0,458.0,479.42857142857144,500.85714285714283,-42.85714285714283,2,19.724890829694324
2026-01-22,SKU-1007,Sugar,515.0,0,8519.0,14,False,854.0,533.0,514.5714285714286,491.85714285714283,469.14285714285717,45.42857142857139,3,16.55552470849528
2026-01-23,SKU-1007,Sugar,493.0,0,8026.0,14,False,515.0,315.0,512.0,488.7857142857143,465.57142857142856,46.428571428571445,4,15.67578125
2026-01-24,SKU-1007,Sugar,391.0,0,7635.0,14,False,493.0,436.0,537.4285714285714,486.2857142857143,435.14285714285717,102.28571428571428,5,14.206539074960126
2026-01-25,SKU-1007,Sugar,534.0,0,7101.0,14,False,391.0,344.0,531.0,483.35714285714283,435.7142857142857,95.28571428571428,6,13.372881355932204
2026-01-26,SKU-1007,Sugar,523.0,0,6578.0,14,False,534.0,520.0,558.1428571428571,491.35714285714283,424.57142857142856,133.57142857142856,0,11.785513181469158
2026-01-27,SKU-1007,Sugar,324.0,0,6254.0,14,False,523.0,600.0,558.5714285714286,504.5,450.42857142857144,108.14285714285711,1,11.196419437340154
2026-01-28,SKU-1007,Sugar,463.0,0,5791.0,14,False,324.0,854.0,519.1428571428571,488.57142857142856,458.0,61.14285714285711,2,11.15492570170611
2026-01-29,SKU-1007,Sugar,556.0,9357,14592.0,14,False,463.0,515.0,463.2857142857143,488.92857142857144,514.5714285714286,-51.28571428571428,3,31.496762257169287
2026-01-30,SKU-1007,Sugar,579.0,0,14013.0,14,False,556.0,493.0,469.14285714285717,490.57142857142856,512.0,-42.85714285714283,4,29.869366626065773
2026-01-31,SKU-1007,Sugar,403.0,0,13610.0,14,False,579.0,391.0,481.42857142857144,509.42857142857144,537.4285714285714,-56.0,5,28.270029673590503
2026-02-01,SKU-1007,Sugar,372.0,0,13238.0,14,False,403.0,534.0,483.14285714285717,507.07142857142856,531.0,-47.85714285714283,6,27.399763453577762
2026-02-02,SKU-1007,Sugar,360.0,0,12878.0,14,False,372.0,523.0,460.0,509.07142857142856,558.1428571428571,-98.14285714285711,0,27.995652173913044
2026-02-03,SKU-1007,Sugar,360.0,0,12278.0,14,False,360.0,324.0,436.7142857142857,497.64285714285717,558.5714285714286,-121.85714285714283,1,28.114491331370623
2026-02-04,SKU-1007,Sugar,440.0,0,11838.0,14,False,360.0,463.0,441.85714285714283,480.5,519.1428571428571,-77.28571428571428,2,26.79146459747818
2026-02-05,SKU-1007,Sugar,476.0,0,11362.0,14,False,440.0,556.0,438.57142857142856,450.92857142857144,463.2857142857143,-24.714285714285722,3,25.90684039087948
2026-02-06,SKU-1007,Sugar,668.0,0,10694.0,14,False,476.0,579.0,427.14285714285717,448.14285714285717,469.14285714285717,-42.0,4,25.03612040133779
2026-02-07,SKU-1007,Sugar,477.0,0,10217.0,14,False,668.0,403.0,439.85714285714283,460.64285714285717,481.42857142857144,-41.57142857142861,5,23.227996102630726
2026-02-08,SKU-1007,Sugar,477.0,0,9917.0,14,False,477.0,372.0,450.42857142857144,466.7857142857143,483.14285714285717,-32.71428571428572,6,22.016809387884553
2026-02-09,SKU-1007,Sugar,355.0,0,9562.0,14,False,477.0,360.0,465.42857142857144,462.7142857142857,460.0,5.428571428571445,0,20.54450583179865
2026-02-10,SKU-1007,Sugar,522.0,0,9040.0,14,False,355.0,360.0,464.7142857142857,450.7142857142857,436.7142857142857,28.0,1,19.452812788195512
2026-02-11,SKU-1007,Sugar,619.0,0,8421.0,14,False,522.0,440.0,487.85714285714283,464.85714285714283,441.85714285714283,46.0,2,17.261200585651537
2026-02-12,SKU-1007,Sugar,505.0,0,7916.0,14,False,619.0,476.0,513.4285714285714,476.0,438.57142857142856,74.85714285714289,3,15.417918753478018
2026-02-13,SKU-1007,Sugar,518.0,0,7398.0,14,False,505.0,668.0,517.5714285714286,472.35714285714283,427.14285714285717,90.42857142857139,4,14.293679271322109
2026-02-14,SKU-1007,Sugar,275.0,0,7123.0,14,False,518.0,477.0,496.14285714285717,468.0,439.85714285714283,56.285714285714334,5,14.356752087532392
2026-02-15,SKU-1007,Sugar,520.0,0,6603.0,14,False,275.0,477.0,467.2857142857143,458.85714285714283,450.42857142857144,16.857142857142833,6,14.130541118923876
2026-02-16,SKU-1007,Sugar,614.0,0,5989.0,14,False,520.0,355.0,473.42857142857144,469.42857142857144,465.42857142857144,8.0,0,12.650271575135788
2026-02-17,SKU-1007,Sugar,399.0,7297,12887.0,14,False,614.0,522.0,510.42857142857144,487.57142857142856,464.7142857142857,45.71428571428572,1,25.247411139098794
2026-02-18,SKU-1007,Sugar,551.0,0,12336.0,14,False,399.0,619.0,492.85714285714283,490.35714285714283,487.85714285714283,5.0,2,25.029565217391305
2026-02-19,SKU-1007,Sugar,303.0,0,12033.0,14,False,551.0,505.0,483.14285714285717,498.2857142857143,513.4285714285714,-30.285714285714278,3,24.90567711413365
2026-02-20,SKU-1007,Sugar,362.0,0,11671.0,14,False,303.0,518.0,454.2857142857143,485.92857142857144,517.5714285714286,-63.28571428571428,4,25.690880503144655
2026-02-21,SKU-1007,Sugar,508.0,0,11163.0,14,False,362.0,275.0,432.0,464.07142857142856,496.14285714285717,-64.14285714285717,5,25.84027777777778
2026-02-22,SKU-1007,Sugar,544.0,0,10619.0,14,False,508.0,520.0,465.2857142857143,466.2857142857143,467.2857142857143,-2.0,6,22.82253607614369
2026-02-23,SKU-1007,Sugar,485.0,0,10134.0,14,False,544.0,614.0,468.7142857142857,471.07142857142856,473.42857142857144,-4.714285714285722,0,21.62084730265163
2026-02-24,SKU-1007,Sugar,635.0,0,9499.0,14,False,485.0,399.0,450.2857142857143,480.35714285714283,510.42857142857144,-60.14285714285717,1,21.095494923857867
2026-02-25,SKU-1007,Sugar,647.0,0,8852.0,14,False,635.0,551.0,484.0,488.42857142857144,492.85714285714283,-8.857142857142833,2,18.289256198347108
2026-02-26,SKU-1007,Sugar,408.0,0,8444.0,14,False,647.0,303.0,497.7142857142857,490.42857142857144,483.14285714285717,14.571428571428555,3,16.965556831228472
2026-02-27,SKU-1007,Sugar,500.0,0,7944.0,14,False,408.0,362.0,512.7142857142857,483.5,454.2857142857143,58.42857142857139,4,15.494009473390918
2026-02-28,SKU-1007,Sugar,270.0,0,7674.0,14,False,500.0,508.0,532.4285714285714,482.2142857142857,432.0,100.42857142857144,5,14.413200965924336
2026-03-01,SKU-1007,Sugar,362.0,0,7312.0,14,False,270.0,544.0,498.42857142857144,481.85714285714283,465.2857142857143,33.14285714285717,6,14.670106047578102
2026-03-02,SKU-1007,Sugar,414.0,0,6898.0,14,False,362.0,485.0,472.42857142857144,470.57142857142856,468.7142857142857,3.7142857142857224,0,14.60114907771394
2026-03-03,SKU-1007,Sugar,666.0,0,6232.0,14,False,414.0,635.0,462.2857142857143,456.2857142857143,450.2857142857143,12.0,1,13.480840543881335
2026-03-04,SKU-1007,Sugar,501.0,0,5731.0,14,False,666.0,647.0,466.7142857142857,475.35714285714283,484.0,-17.285714285714278,2,12.279461279461279
2026-03-05,SKU-1007,Sugar,587.0,0,5144.0,14,False,501.0,408.0,445.85714285714283,471.7857142857143,497.7142857142857,-51.85714285714289,3,11.537327779557835
2026-03-06,SKU-1007,Sugar,455.0,0,4689.0,14,False,587.0,500.0,471.42857142857144,492.07142857142856,512.7142857142857,-41.28571428571422,4,9.946363636363635
2026-03-07,SKU-1007,Sugar,365.0,8377,12701.0,14,False,455.0,270.0,465.0,498.7142857142857,532.4285714285714,-67.42857142857144,5,27.313978494623655
2026-03-08,SKU-1007,Sugar,556.0,0,12145.0,14,False,365.0,362.0,478.57142857142856,488.5,498.42857142857144,-19.85714285714289,6,25.377611940298507
2026-03-09,SKU-1007,Sugar,455.0,0,11690.0,14,False,556.0,414.0,506.2857142857143,489.35714285714283,472.42857142857144,33.85714285714283,0,23.089729119638825
2026-03-10,SKU-1007,Sugar,595.0,0,11095.0,14,False,455.0,666.0,512.1428571428571,487.2142857142857,462.2857142857143,49.85714285714283,1,21.66387726638773
2026-03-11,SKU-1007,Sugar,466.0,0,10629.0,14,False,595.0,501.0,502.0,484.35714285714283,466.7142857142857,35.28571428571428,2,21.173306772908365
2026-03-12,SKU-1007,Sugar,340.0,0,10289.0,14,False,466.0,587.0,497.0,471.42857142857144,445.85714285714283,51.14285714285717,3,20.70221327967807
2026-03-13,SKU-1007,Sugar,263.0,0,10026.0,14,False,340.0,455.0,461.7142857142857,466.57142857142856,471.42857142857144,-9.714285714285722,4,21.714727722772277
2026-03-14,SKU-1007,Sugar,371.0,0,9655.0,14,False,263.0,365.0,434.2857142857143,449.64285714285717,465.0,-30.714285714285722,5,22.231907894736842
2026-03-15,SKU-1007,Sugar,395.0,0,9260.0,14,False,371.0,556.0,435.14285714285717,456.85714285714283,478.57142857142856,-43.42857142857139,6,21.280367695338146
2026-03-16,SKU-1007,Sugar,337.0,0,8923.0,14,False,395.0,455.0,412.14285714285717,459.2142857142857,506.2857142857143,-94.14285714285711,0,21.650259965337952
2026-03-17,SKU-1007,Sugar,659.0,0,8264.0,14,False,337.0,595.0,395.2857142857143,453.7142857142857,512.1428571428571,-116.85714285714283,1,20.906396819660284
2026-03-18,SKU-1007,Sugar,604.0,0,7660.0,14,False,659.0,466.0,404.42857142857144,453.2142857142857,502.0,-97.57142857142856,2,18.940303779583186
2026-03-19,SKU-1007,Sugar,782.0,0,6878.0,14,False,604.0,340.0,424.14285714285717,460.57142857142856,497.0,-72.85714285714283,3,16.216234422364433
2026-03-20,SKU-1007,Sugar,352.0,0,6526.0,14,False,782.0,263.0,487.2857142857143,474.5,461.7142857142857,25.571428571428555,4,13.392553503371445
2026-03-21,SKU-1007,Sugar,349.0,0,6177.0,14,False,352.0,371.0,500.0,467.14285714285717,434.2857142857143,65.71428571428572,5,12.354
2026-03-22,SKU-1007,Sugar,306.0,0,5871.0,14,False,349.0,395.0,496.85714285714283,466.0,435.14285714285717,61.714285714285666,6,11.81627372052904
2026-03-23,SKU-1007,Sugar,481.0,9380,14770.0,14,False,306.0,337.0,484.14285714285717,448.14285714285717,412.14285714285717,72.0,0,30.507524343464148
2026-03-24,SKU-1007,Sugar,537.0,0,14233.0,14,False,481.0,659.0,504.7142857142857,450.0,395.2857142857143,109.42857142857144,1,28.200113218228136
2026-03-25,SKU-1007,Sugar,180.0,0,14053.0,14,False,537.0,604.0,487.2857142857143,445.85714285714283,404.42857142857144,82.85714285714283,2,28.839343301084725
2026-03-26,SKU-1007,Sugar,446.0,0,13607.0,14,False,180.0,782.0,426.7142857142857,425.42857142857144,424.14285714285717,2.571428571428555,3,31.88784733846669
2026-03-27,SKU-1007,Sugar,525.0,0,13082.0,14,False,446.0,352.0,378.7142857142857,433.0,487.2857142857143,-108.57142857142856,4,34.54319124858544
2026-03-28,SKU-1007,Sugar,285.0,0,12797.0,14,False,525.0,349.0,403.42857142857144,451.7142857142857,500.0,-96.57142857142856,5,31.720609065155806
2026-03-29,SKU-1007,Sugar,430.0,0,12367.0,14,False,285.0,306.0,394.2857142857143,445.57142857142856,496.85714285714283,-102.57142857142856,6,31.365579710144928
2026-03-30,SKU-1007,Sugar,666.0,0,11701.0,14,False,430.0,481.0,412.0,448.07142857142856,484.14285714285717,-72.14285714285717,0,28.400485436893202
2026-03-31,SKU-1007,Sugar,478.0,0,11223.0,14,False,666.0,537.0,438.42857142857144,471.57142857142856,504.7142857142857,-66.28571428571428,1,25.59824046920821
2026-04-01,SKU-1007,Sugar,382.0,0,10841.0,14,False,478.0,180.0,430.0,458.64285714285717,487.2857142857143,-57.28571428571428,2,25.211627906976744
2026-04-02,SKU-1007,Sugar,431.0,0,10410.0,14,False,382.0,446.0,458.85714285714283,442.7857142857143,426.7142857142857,32.14285714285711,3,22.686799501867995
2026-04-03,SKU-1007,Sugar,400.0,0,10010.0,14,False,431.0,525.0,456.7142857142857,417.7142857142857,378.7142857142857,78.0,4,21.91742258367219
2026-04-04,SKU-1007,Sugar,263.0,0,9747.0,14,False,400.0,285.0,438.85714285714283,421.14285714285717,403.42857142857144,35.42857142857139,5,22.2099609375
2026-04-05,SKU-1007,Sugar,679.0,0,9068.0,14,False,263.0,430.0,435.7142857142857,415.0,394.2857142857143,41.428571428571445,6,20.811803278688526
2026-04-06,SKU-1007,Sugar,558.0,0,8510.0,14,False,679.0,666.0,471.2857142857143,441.64285714285717,412.0,59.28571428571428,0,18.056986965747196
2026-04-07,SKU-1007,Sugar,692.0,0,7818.0,14,False,558.0,478.0,455.85714285714283,447.14285714285717,438.42857142857144,17.428571428571388,1,17.150109683484803
2026-04-08,SKU-1007,Sugar,381.0,0,7437.0,14,False,692.0,382.0,486.42857142857144,458.2142857142857,430.0,56.428571428571445,2,15.288986784140969
2026-04-09,SKU-1007,Sugar,420.0,0,7017.0,14,False,381.0,431.0,486.2857142857143,472.57142857142856,458.85714285714283,27.428571428571445,3,14.42978848413631
2026-04-10,SKU-1007,Sugar,164.0,0,6853.0,14,False,420.0,400.0,484.7142857142857,470.7142857142857,456.7142857142857,28.0,4,14.138225758915414
2026-04-11,SKU-1007,Sugar,449.0,0,6404.0,14,False,164.0,263.0,451.0,444.92857142857144,438.85714285714283,12.142857142857167,5,14.199556541019955
2026-04-12,SKU-1007,Sugar,301.0,0,6103.0,14,False,449.0,679.0,477.57142857142856,456.64285714285717,435.7142857142857,41.85714285714283,6,12.779240203410112
2026-04-13,SKU-1007,Sugar,373.0,0,5730.0,14,False,301.0,558.0,423.57142857142856,447.42857142857144,471.2857142857143,-47.71428571428572,0,13.527824620573357
2026-04-14,SKU-1007,Sugar,328.0,7973,13375.0,14,False,373.0,692.0,397.14285714285717,426.5,455.85714285714283,-58.714285714285666,1,33.67805755395683
2026-04-15,SKU-1007,Sugar,356.0,0,13019.0,14,False,328.0,381.0,345.14285714285717,415.7857142857143,486.42857142857144,-141.28571428571428,2,37.720612582781456
2026-04-16,SKU-1007,Sugar,429.0,0,12590.0,14,False,356.0,420.0,341.57142857142856,413.92857142857144,486.2857142857143,-144.71428571428572,3,36.859054788791305
2026-04-17,SKU-1007,Sugar,622.0,0,11968.0,14,False,429.0,164.0,342.85714285714283,413.7857142857143,484.7142857142857,-141.8571428571429,4,34.906666666666666
2026-04-18,SKU-1007,Sugar,448.0,0,11520.0,14,False,622.0,449.0,408.2857142857143,429.64285714285717,451.0,-42.71428571428572,5,28.21553533939818
2026-04-19,SKU-1007,Sugar,339.0,0,11181.0,14,False,448.0,301.0,408.14285714285717,442.85714285714283,477.57142857142856,-69.42857142857139,6,27.394819740987046
2026-04-20,SKU-1007,Sugar,358.0,0,10823.0,14,False,339.0,373.0,413.57142857142856,418.57142857142856,423.57142857142856,-10.0,0,26.169602763385146
2026-04-21,SKU-1007,Sugar,417.0,0,10406.0,14,False,358.0,328.0,411.42857142857144,404.2857142857143,397.14285714285717,14.285714285714278,1,25.29236111111111
2026-04-22,SKU-1007,Sugar,551.0,0,9855.0,14,False,417.0,356.0,424.14285714285717,384.64285714285717,345.14285714285717,79.0,2,23.23509599191647
2026-04-23,SKU-1007,Sugar,547.0,0,9308.0,14,False,551.0,429.0,452.0,396.7857142857143,341.57142857142856,110.42857142857144,3,20.5929203539823
2026-04-24,SKU-1007,Sugar,279.0,0,9029.0,14,False,547.0,622.0,468.85714285714283,405.85714285714283,342.85714285714283,126.0,4,19.257464960390006
2026-04-25,SKU-1007,Sugar,539.0,0,8490.0,14,False,279.0,448.0,419.85714285714283,414.07142857142856,408.2857142857143,11.571428571428555,5,20.221163661109223
2026-04-26,SKU-1007,Sugar,413.0,0,8077.0,14,False,539.0,339.0,432.85714285714283,420.5,408.14285714285717,24.714285714285666,6,18.65973597359736
2026-04-27,SKU-1007,Sugar,509.0,0,7568.0,14,False,413.0,358.0,443.42857142857144,428.5,413.57142857142856,29.85714285714289,0,17.06701030927835
2026-04-28,SKU-1007,Sugar,268.0,0,7300.0,14,False,509.0,417.0,465.0,438.2142857142857,411.42857142857144,53.571428571428555,1,15.698924731182796
2026-04-29,SKU-1007,Sugar,689.0,0,6611.0,14,False,268.0,551.0,443.7142857142857,433.92857142857144,424.14285714285717,19.571428571428555,2,14.899227301996136
2026-04-30,SKU-1007,Sugar,463.0,0,6148.0,14,False,689.0,547.0,463.42857142857144,457.7142857142857,452.0,11.428571428571445,3,13.266337854500616
2026-05-01,SKU-1007,Sugar,485.0,0,5663.0,14,False,463.0,279.0,451.42857142857144,460.14285714285717,468.85714285714283,-17.428571428571388,4,12.544620253164556
2026-05-02,SKU-1007,Sugar,428.0,0,5235.0,14,False,485.0,539.0,480.85714285714283,450.35714285714283,419.85714285714283,61.0,5,10.88680926916221
2026-05-03,SKU-1007,Sugar,413.0,0,4822.0,14,False,428.0,413.0,465.0,448.92857142857144,432.85714285714283,32.14285714285717,6,10.369892473118279
2026-05-04,SKU-1007,Sugar,204.0,0,4618.0,14,False,413.0,509.0,465.0,454.2142857142857,443.42857142857144,21.571428571428555,0,9.931182795698925
2026-05-05,SKU-1007,Sugar,1213.0,8352,11757.0,14,False,204.0,268.0,421.42857142857144,443.2142857142857,465.0,-43.571428571428555,1,27.897966101694916
2026-05-06,SKU-1007,Sugar,461.0,0,11296.0,14,False,1213.0,689.0,556.4285714285714,500.07142857142856,443.7142857142857,112.71428571428572,2,20.300898587933247
2026-05-07,SKU-1007,Sugar,497.0,0,10799.0,14,False,461.0,463.0,523.8571428571429,493.64285714285717,463.42857142857144,60.428571428571445,3,20.614398691028086
2026-05-08,SKU-1007,Sugar,597.0,0,10202.0,14,False,497.0,485.0,528.7142857142857,490.07142857142856,451.42857142857144,77.28571428571422,4,19.295865982166983
2026-05-09,SKU-1007,Sugar,451.0,0,9751.0,14,False,597.0,428.0,544.7142857142857,512.7857142857143,480.85714285714283,63.85714285714283,5,17.90112772095463
2026-05-10,SKU-1007,Sugar,393.0,0,9358.0,14,False,451.0,413.0,548.0,506.5,465.0,83.0,6,17.076642335766422
2026-05-11,SKU-1007,Sugar,570.0,0,8788.0,14,False,393.0,204.0,545.1428571428571,505.07142857142856,465.0,80.14285714285711,0,16.12054507337526
2026-05-12,SKU-1007,Sugar,706.0,0,8082.0,14,False,570.0,1213.0,597.4285714285714,509.42857142857144,421.42857142857144,176.0,1,13.527977044476327
2026-05-13,SKU-1007,Sugar,514.0,0,7568.0,14,False,706.0,461.0,525.0,540.7142857142857,556.4285714285714,-31.428571428571445,2,14.415238095238095
2026-05-14,SKU-1007,Sugar,484.0,0,7084.0,14,False,514.0,497.0,532.5714285714286,528.2142857142857,523.8571428571429,8.714285714285666,3,13.301502145922747
2026-05-15,SKU-1007,Sugar,430.0,0,6654.0,14,False,484.0,597.0,530.7142857142857,529.7142857142857,528.7142857142857,2.0,4,12.537819650067297
2026-05-16,SKU-1007,Sugar,339.0,0,6315.0,14,False,430.0,451.0,506.85714285714283,525.7857142857143,544.7142857142857,-37.85714285714283,5,12.45913190529876
2026-05-17,SKU-1007,Sugar,463.0,0,5852.0,14,False,339.0,393.0,490.85714285714283,519.4285714285714,548.0,-57.14285714285717,6,11.922002328288709
2026-05-18,SKU-1007,Sugar,607.0,0,5245.0,14,False,463.0,570.0,500.85714285714283,523.0,545.1428571428571,-44.28571428571428,0,10.472047917855106
2026-05-19,SKU-1007,Sugar,688.0,0,4557.0,14,False,607.0,706.0,506.14285714285717,551.7857142857143,597.4285714285714,-91.28571428571428,1,9.003386960203217
2026-05-20,SKU-1007,Sugar,479.0,0,4078.0,14,False,688.0,514.0,503.57142857142856,514.2857142857143,525.0,-21.428571428571445,2,8.098156028368795
2026-05-21,SKU-1007,Sugar,545.0,0,3533.0,14,False,479.0,484.0,498.57142857142856,515.5714285714286,532.5714285714286,-34.0,3,7.086246418338109
2026-05-22,SKU-1007,Sugar,587.0,0,2946.0,14,False,545.0,430.0,507.2857142857143,519.0,530.7142857142857,-23.428571428571388,4,5.807378203323008
2026-05-23,SKU-1007,Sugar,324.0,9826,12448.0,14,False,587.0,339.0,529.7142857142857,518.2857142857143,506.85714285714283,22.857142857142833,5,23.49946062567422
2026-05-24,SKU-1007,Sugar,461.0,0,11987.0,14,False,324.0,463.0,527.5714285714286,509.2142857142857,490.85714285714283,36.71428571428572,6,22.721093961548878
2026-05-25,SKU-1007,Sugar,397.0,0,11590.0,14,False,461.0,607.0,527.2857142857143,514.0714285714286,500.85714285714283,26.4285714285715,0,21.980493091303167
2026-05-26,SKU-1007,Sugar,460.0,0,11130.0,14,False,397.0,688.0,497.2857142857143,501.7142857142857,506.14285714285717,-8.85714285714289,1,22.381499569089343
2026-05-27,SKU-1007,Sugar,1284.0,0,9846.0,14,False,460.0,479.0,464.7142857142857,484.14285714285717,503.57142857142856,-38.85714285714283,2,21.187211804488165
2026-05-28,SKU-1007,Sugar,506.0,0,9340.0,14,False,1284.0,545.0,579.7142857142857,539.1428571428571,498.57142857142856,81.14285714285711,3,16.111384918679153
2026-05-29,SKU-1007,Sugar,436.0,0,8904.0,14,False,506.0,587.0,574.1428571428571,540.7142857142857,507.2857142857143,66.85714285714283,4,15.508335406817617
2026-05-30,SKU-1007,Sugar,213.0,0,8691.0,14,False,436.0,324.0,552.5714285714286,541.1428571428571,529.7142857142857,22.85714285714289,5,15.72828335056877
2026-05-31,SKU-1007,Sugar,329.0,0,8362.0,14,False,213.0,461.0,536.7142857142857,532.1428571428571,527.5714285714286,9.14285714285711,6,15.57998402981102
2026-06-01,SKU-1007,Sugar,519.0,0,7843.0,14,False,329.0,397.0,517.8571428571429,522.5714285714286,527.2857142857143,-9.428571428571445,0,15.145103448275862
2026-06-02,SKU-1007,Sugar,592.0,0,7251.0,14,False,519.0,460.0,535.2857142857143,516.2857142857143,497.2857142857143,38.00000000000006,1,13.546036829463569
2026-06-03,SKU-1007,Sugar,641.0,0,6610.0,14,False,592.0,1284.0,554.1428571428571,509.42857142857144,464.7142857142857,89.42857142857139,2,11.928332044341326
2026-06-04,SKU-1007,Sugar,357.0,0,6253.0,14,False,641.0,506.0,462.2857142857143,521.0,579.7142857142857,-117.42857142857139,3,13.526266996291719
2026-06-05,SKU-1007,Sugar,562.0,0,5691.0,14,False,357.0,436.0,441.0,507.57142857142856,574.1428571428571,-133.1428571428571,4,12.904761904761905
2026-06-06,SKU-1007,Sugar,408.0,0,5283.0,14,False,562.0,213.0,459.0,505.7857142857143,552.5714285714286,-93.57142857142856,5,11.509803921568627
2026-06-07,SKU-1007,Sugar,315.0,0,4968.0,14,False,408.0,329.0,486.85714285714283,511.7857142857143,536.7142857142857,-49.85714285714283,6,10.204225352112676
2026-06-08,SKU-1007,Sugar,410.0,7180,11738.0,14,False,315.0,519.0,484.85714285714283,501.35714285714283,517.8571428571429,-33.00000000000006,0,24.209192692987628
2026-06-09,SKU-1007,Sugar,451.0,0,11287.0,14,False,410.0,592.0,469.2857142857143,502.2857142857143,535.2857142857143,-66.00000000000006,1,24.05144596651446
2026-06-10,SKU-1007,Sugar,1147.0,0,10140.0,14,False,451.0,641.0,449.14285714285717,501.64285714285717,554.1428571428571,-104.99999999999994,2,22.576335877862594
2026-06-11,SKU-1007,Sugar,484.0,0,9656.0,14,False,1147.0,357.0,521.4285714285714,491.85714285714283,462.2857142857143,59.14285714285717,3,18.51835616438356
2026-06-12,SKU-1007,Sugar,238.0,0,9418.0,14,False,484.0,562.0,539.5714285714286,490.2857142857143,441.0,98.57142857142856,4,17.454593592798517
2026-06-13,SKU-1007,Sugar,434.0,0,8984.0,14,False,238.0,408.0,493.2857142857143,476.14285714285717,459.0,34.28571428571428,5,18.212568780770344
2026-06-14,SKU-1007,Sugar,396.0,0,8588.0,14,False,434.0,315.0,497.0,491.92857142857144,486.85714285714283,10.142857142857167,6,17.279678068410462
2026-06-15,SKU-1007,Sugar,417.0,0,8171.0,14,False,396.0,410.0,508.57142857142856,496.7142857142857,484.85714285714283,23.714285714285722,0,16.066573033707865
2026-06-16,SKU-1007,Sugar,451.0,0,7720.0,14,False,417.0,451.0,509.57142857142856,489.42857142857144,469.2857142857143,40.28571428571428,1,15.149985982618448
2026-06-17,SKU-1007,Sugar,631.0,0,7089.0,14,False,451.0,1147.0,509.57142857142856,479.35714285714283,449.14285714285717,60.42857142857139,2,13.911690496215307
2026-06-18,SKU-1007,Sugar,462.0,0,6627.0,14,False,631.0,484.0,435.85714285714283,478.64285714285717,521.4285714285714,-85.57142857142861,3,15.204523107177975
2026-06-19,SKU-1007,Sugar,346.0,0,6281.0,14,False,462.0,238.0,432.7142857142857,486.14285714285717,539.5714285714286,-106.85714285714283,4,14.515351601188511
2026-06-20,SKU-1007,Sugar,302.0,0,5979.0,14,False,346.0,434.0,448.14285714285717,470.7142857142857,493.2857142857143,-45.14285714285711,5,13.341727765380936
2026-06-21,SKU-1007,Sugar,950.0,0,5029.0,14,False,302.0,396.0,429.2857142857143,463.14285714285717,497.0,-67.71428571428572,6,11.714808652246257
2026-06-22,SKU-1007,Sugar,418.0,0,4611.0,14,False,950.0,417.0,508.42857142857144,508.5,508.57142857142856,-0.14285714285711038,0,9.069120539477382
2026-06-23,SKU-1007,Sugar,589.0,0,4022.0,14,False,418.0,451.0,508.57142857142856,509.07142857142856,509.57142857142856,-1.0,1,7.908426966292135
2026-06-24,SKU-1007,Sugar,1110.0,8984,11896.0,14,False,589.0,631.0,528.2857142857143,518.9285714285714,509.57142857142856,18.71428571428578,2,22.518117901568413
2026-06-25,SKU-1007,Sugar,426.0,0,11470.0,14,False,1110.0,462.0,596.7142857142857,516.2857142857143,435.85714285714283,160.85714285714283,3,19.221929614555904
2026-06-26,SKU-1007,Sugar,358.0,0,11112.0,14,False,426.0,346.0,591.5714285714286,512.1428571428571,432.7142857142857,158.85714285714283,4,18.783868630765514
2026-06-27,SKU-1007,Sugar,339.0,0,10773.0,14,False,358.0,302.0,593.2857142857143,520.7142857142857,448.14285714285717,145.14285714285717,5,18.15819889236696
2026-06-28,SKU-1007,Sugar,489.0,0,10284.0,14,False,339.0,950.0,598.5714285714286,513.9285714285714,429.2857142857143,169.28571428571428,6,17.18090692124105
2026-06-29,SKU-1007,Sugar,671.0,0,9613.0,14,False,489.0,418.0,532.7142857142857,520.5714285714286,508.42857142857144,24.28571428571422,0,18.045320461249666
2026-01-01,SKU-1008,Sugar,77.0,0,291.0,5,False,,,,,,,3,
2026-01-02,SKU-1008,Sugar,80.0,0,211.0,5,False,77.0,,,,,,4,
2026-01-03,SKU-1008,Sugar,71.0,0,140.0,5,False,80.0,,,,,,5,
2026-01-04,SKU-1008,Sugar,53.0,0,87.0,5,False,71.0,,,,,,6,
2026-01-05,SKU-1008,Sugar,92.0,0,0.0,5,False,53.0,,,,,,0,
2026-01-06,SKU-1008,Sugar,102.0,0,0.0,5,False,92.0,,,,,,1,
2026-01-07,SKU-1008,Sugar,84.0,0,0.0,5,False,102.0,,,,,,2,
2026-01-08,SKU-1008,Sugar,88.0,565,477.0,5,False,84.0,77.0,79.85714285714286,,,,3,5.973166368515205
2026-01-09,SKU-1008,Sugar,72.0,0,477.0,5,False,88.0,80.0,81.42857142857143,,,,4,5.8578947368421055
2026-01-10,SKU-1008,Sugar,80.0,0,325.0,5,False,72.0,71.0,80.28571428571429,,,,5,4.048042704626334
2026-01-11,SKU-1008,Sugar,80.0,0,245.0,5,False,80.0,53.0,81.57142857142857,,,,6,3.003502626970228
2026-01-12,SKU-1008,Sugar,72.0,474,647.0,5,False,80.0,92.0,85.42857142857143,,,,0,7.573578595317725
2026-01-13,SKU-1008,Sugar,85.0,0,562.0,5,False,72.0,102.0,82.57142857142857,,,,1,6.806228373702423
2026-01-14,SKU-1008,Sugar,83.0,0,479.0,5,False,85.0,84.0,80.14285714285714,,,,2,5.976827094474154
2026-01-15,SKU-1008,Sugar,78.0,0,401.0,5,False,83.0,88.0,80.0,79.92857142857143,79.85714285714286,0.1428571428571388,3,5.0125
2026-01-16,SKU-1008,Sugar,84.0,0,317.0,5,False,78.0,72.0,78.57142857142857,80.0,81.42857142857143,-2.857142857142861,4,4.034545454545454
2026-01-17,SKU-1008,Sugar,62.0,0,255.0,5,False,84.0,80.0,80.28571428571429,80.28571428571429,80.28571428571429,0.0,5,3.176156583629893
2026-01-18,SKU-1008,Sugar,63.0,0,192.0,5,False,62.0,80.0,77.71428571428571,79.64285714285714,81.57142857142857,-3.857142857142861,6,2.4705882352941178
2026-01-19,SKU-1008,Sugar,91.0,0,101.0,5,False,63.0,72.0,75.28571428571429,80.35714285714286,85.42857142857143,-10.142857142857139,0,1.3415559772296015
2026-01-20,SKU-1008,Sugar,109.0,0,0.0,5,False,91.0,85.0,78.0,80.28571428571429,82.57142857142857,-4.571428571428569,1,0.0
2026-01-21,SKU-1008,Sugar,92.0,0,0.0,5,False,109.0,83.0,81.42857142857143,80.78571428571429,80.14285714285714,1.2857142857142918,2,0.0
2026-01-22,SKU-1008,Sugar,82.0,0,0.0,5,False,92.0,78.0,82.71428571428571,81.35714285714286,80.0,2.714285714285708,3,0.0
2026-01-23,SKU-1008,Sugar,82.0,624,542.0,5,False,82.0,84.0,83.28571428571429,80.92857142857143,78.57142857142857,4.714285714285722,4,6.507718696397942
2026-01-24,SKU-1008,Sugar,82.0,0,460.0,5,False,82.0,62.0,83.0,81.64285714285714,80.28571428571429,2.714285714285708,5,5.542168674698795
2026-01-25,SKU-1008,Sugar,95.0,486,460.0,5,False,82.0,63.0,85.85714285714286,81.78571428571429,77.71428571428571,8.142857142857153,6,5.357737104825291
2026-01-26,SKU-1008,Sugar,68.0,0,783.0,5,False,95.0,91.0,90.42857142857143,82.85714285714286,75.28571428571429,15.142857142857139,0,8.658767772511847
2026-01-27,SKU-1008,Sugar,93.0,0,690.0,5,False,68.0,109.0,87.14285714285714,82.57142857142857,78.0,9.142857142857139,1,7.918032786885246
2026-01-28,SKU-1008,Sugar,86.0,0,604.0,5,False,93.0,92.0,84.85714285714286,83.14285714285714,81.42857142857143,3.4285714285714306,2,7.117845117845118
2026-01-29,SKU-1008,Sugar,92.0,0,512.0,5,False,86.0,82.0,84.0,83.35714285714286,82.71428571428571,1.2857142857142918,3,6.095238095238095
2026-01-30,SKU-1008,Sugar,72.0,0,440.0,5,False,92.0,82.0,85.42857142857143,84.35714285714286,83.28571428571429,2.142857142857139,4,5.150501672240803
2026-01-31,SKU-1008,Sugar,70.0,611,981.0,5,False,72.0,82.0,84.0,83.5,83.0,1.0,5,11.678571428571429
2026-02-01,SKU-1008,Sugar,83.0,0,898.0,5,False,70.0,95.0,82.28571428571429,84.07142857142857,85.85714285714286,-3.5714285714285694,6,10.913194444444443
2026-02-02,SKU-1008,Sugar,55.0,0,843.0,5,False,83.0,68.0,80.57142857142857,85.5,90.42857142857143,-9.857142857142861,0,10.462765957446809
2026-02-03,SKU-1008,Sugar,79.0,0,764.0,5,False,55.0,93.0,78.71428571428571,82.92857142857143,87.14285714285714,-8.42857142857143,1,9.705989110707804
2026-02-04,SKU-1008,Sugar,85.0,0,679.0,5,False,79.0,86.0,76.71428571428571,80.78571428571429,84.85714285714286,-8.142857142857153,2,8.851024208566109
2026-02-05,SKU-1008,Sugar,81.0,0,598.0,5,False,85.0,92.0,76.57142857142857,80.28571428571429,84.0,-7.428571428571431,3,7.809701492537314
2026-02-06,SKU-1008,Sugar,98.0,0,500.0,5,False,81.0,72.0,75.0,80.21428571428571,85.42857142857143,-10.42857142857143,4,6.666666666666667
2026-02-07,SKU-1008,Sugar,78.0,0,422.0,5,False,98.0,70.0,78.71428571428571,81.35714285714286,84.0,-5.285714285714292,5,5.361161524500908
2026-02-08,SKU-1008,Sugar,93.0,494,823.0,5,False,78.0,83.0,79.85714285714286,81.07142857142857,82.28571428571429,-2.4285714285714306,6,10.305903398926654
2026-02-09,SKU-1008,Sugar,112.0,0,711.0,5,False,93.0,55.0,81.28571428571429,80.92857142857143,80.57142857142857,0.7142857142857224,0,8.746924428822496
2026-02-10,SKU-1008,Sugar,106.0,0,605.0,5,False,112.0,79.0,89.42857142857143,84.07142857142857,78.71428571428571,10.714285714285722,1,6.76517571884984
2026-02-11,SKU-1008,Sugar,101.0,0,504.0,5,False,106.0,85.0,93.28571428571429,85.0,76.71428571428571,16.571428571428584,2,5.402756508422664
2026-02-12,SKU-1008,Sugar,94.0,0,410.0,5,False,101.0,81.0,95.57142857142857,86.07142857142857,76.57142857142857,19.0,3,4.289985052316891
2026-02-13,SKU-1008,Sugar,98.0,576,888.0,5,False,94.0,98.0,97.42857142857143,86.21428571428571,75.0,22.42857142857143,4,9.114369501466275
2026-02-14,SKU-1008,Sugar,68.0,0,820.0,5,False,98.0,78.0,97.42857142857143,88.07142857142857,78.71428571428571,18.714285714285722,5,8.416422287390029
2026-02-15,SKU-1008,Sugar,87.0,0,733.0,5,False,68.0,93.0,96.0,87.92857142857143,79.85714285714286,16.14285714285714,6,7.635416666666667
2026-02-16,SKU-1008,Sugar,66.0,0,667.0,5,False,87.0,112.0,95.14285714285714,88.21428571428571,81.28571428571429,13.857142857142847,0,7.010510510510511
2026-02-17,SKU-1008,Sugar,97.0,0,570.0,5,False,66.0,106.0,88.57142857142857,89.0,89.42857142857143,-0.8571428571428612,1,6.435483870967742
2026-02-18,SKU-1008,Sugar,101.0,0,469.0,5,False,97.0,101.0,87.28571428571429,90.28571428571429,93.28571428571429,-6.0,2,5.373158756137479
2026-02-19,SKU-1008,Sugar,80.0,0,389.0,5,False,101.0,94.0,87.28571428571429,91.42857142857143,95.57142857142857,-8.285714285714278,3,4.456628477905073
2026-02-20,SKU-1008,Sugar,72.0,0,317.0,5,False,80.0,98.0,85.28571428571429,91.35714285714286,97.42857142857143,-12.142857142857139,4,3.7169179229480735
2026-02-21,SKU-1008,Sugar,69.0,0,248.0,5,False,72.0,68.0,81.57142857142857,89.5,97.42857142857143,-15.857142857142861,5,3.040280210157618
2026-02-22,SKU-1008,Sugar,63.0,0,185.0,5,False,69.0,87.0,81.71428571428571,88.85714285714286,96.0,-14.285714285714292,6,2.263986013986014
2026-02-23,SKU-1008,Sugar,64.0,557,678.0,5,False,63.0,66.0,78.28571428571429,86.71428571428571,95.14285714285714,-16.857142857142847,0,8.66058394160584
2026-02-24,SKU-1008,Sugar,91.0,0,587.0,5,False,64.0,97.0,78.0,83.28571428571429,88.57142857142857,-10.57142857142857,1,7.5256410256410255
2026-02-25,SKU-1008,Sugar,102.0,0,485.0,5,False,91.0,101.0,77.14285714285714,82.21428571428571,87.28571428571429,-10.142857142857153,2,6.287037037037037
2026-02-26,SKU-1008,Sugar,80.0,0,405.0,5,False,102.0,80.0,77.28571428571429,82.28571428571429,87.28571428571429,-10.0,3,5.240295748613678
2026-02-27,SKU-1008,Sugar,76.0,447,776.0,5,False,80.0,72.0,77.28571428571429,81.28571428571429,85.28571428571429,-8.0,4,10.040665434380776
2026-02-28,SKU-1008,Sugar,60.0,0,716.0,5,False,76.0,69.0,77.85714285714286,79.71428571428571,81.57142857142857,-3.714285714285708,5,9.196330275229357
2026-03-01,SKU-1008,Sugar,84.0,0,632.0,5,False,60.0,63.0,76.57142857142857,79.14285714285714,81.71428571428571,-5.142857142857139,6,8.253731343283583
2026-03-02,SKU-1008,Sugar,105.0,0,527.0,5,False,84.0,64.0,79.57142857142857,78.92857142857143,78.28571428571429,1.2857142857142776,0,6.622980251346499
2026-03-03,SKU-1008,Sugar,71.0,0,456.0,5,False,105.0,91.0,85.42857142857143,81.71428571428571,78.0,7.428571428571431,1,5.337792642140468
2026-03-04,SKU-1008,Sugar,111.0,0,345.0,5,False,71.0,102.0,82.57142857142857,79.85714285714286,77.14285714285714,5.428571428571431,2,4.178200692041522
2026-03-05,SKU-1008,Sugar,87.0,0,258.0,5,False,111.0,80.0,83.85714285714286,80.57142857142857,77.28571428571429,6.571428571428569,3,3.0766609880749574
2026-03-06,SKU-1008,Sugar,65.0,0,193.0,5,False,87.0,76.0,84.85714285714286,81.07142857142857,77.28571428571429,7.571428571428569,4,2.274410774410774
2026-03-07,SKU-1008,Sugar,65.0,0,107.0,5,False,65.0,60.0,83.28571428571429,80.57142857142857,77.85714285714286,5.428571428571431,5,1.2847341337907374
2026-03-08,SKU-1008,Sugar,53.0,0,54.0,5,False,65.0,84.0,84.0,80.28571428571429,76.57142857142857,7.428571428571431,6,0.6428571428571429
2026-03-09,SKU-1008,Sugar,55.0,0,0.0,5,False,53.0,105.0,79.57142857142857,79.57142857142857,79.57142857142857,0.0,0,0.0
2026-03-10,SKU-1008,Sugar,78.0,0,0.0,5,False,55.0,71.0,72.42857142857143,78.92857142857143,85.42857142857143,-13.0,1,0.0
2026-03-11,SKU-1008,Sugar,109.0,571,462.0,5,False,78.0,111.0,73.42857142857143,78.0,82.57142857142857,-9.142857142857139,2,6.291828793774319
2026-03-12,SKU-1008,Sugar,88.0,0,374.0,5,False,109.0,87.0,73.14285714285714,78.5,83.85714285714286,-10.714285714285722,3,5.11328125
2026-03-13,SKU-1008,Sugar,76.0,0,298.0,5,False,88.0,65.0,73.28571428571429,79.07142857142857,84.85714285714286,-11.57142857142857,4,4.066276803118908
2026-03-14,SKU-1008,Sugar,151.0,0,147.0,5,False,76.0,65.0,74.85714285714286,79.07142857142857,83.28571428571429,-8.42857142857143,5,1.963740458015267
2026-03-15,SKU-1008,Sugar,80.0,559,626.0,5,False,151.0,53.0,87.14285714285714,85.57142857142857,84.0,3.142857142857139,6,7.18360655737705
2026-03-16,SKU-1008,Sugar,107.0,0,519.0,5,False,80.0,55.0,91.0,85.28571428571429,79.57142857142857,11.42857142857143,0,5.7032967032967035
2026-03-17,SKU-1008,Sugar,93.0,0,426.0,5,False,107.0,78.0,98.42857142857143,85.42857142857143,72.42857142857143,26.0,1,4.328011611030479
2026-03-18,SKU-1008,Sugar,85.0,0,341.0,5,False,93.0,109.0,100.57142857142857,87.0,73.42857142857143,27.14285714285714,2,3.390625
2026-03-19,SKU-1008,Sugar,84.0,0,257.0,5,False,85.0,88.0,97.14285714285714,85.14285714285714,73.14285714285714,24.0,3,2.6455882352941176
2026-03-20,SKU-1008,Sugar,64.0,0,193.0,5,False,84.0,76.0,96.57142857142857,84.92857142857143,73.28571428571429,23.285714285714278,4,1.9985207100591715
2026-03-21,SKU-1008,Sugar,100.0,445,538.0,5,False,64.0,151.0,94.85714285714286,84.85714285714286,74.85714285714286,20.0,5,5.671686746987952
2026-03-22,SKU-1008,Sugar,87.0,0,538.0,5,False,100.0,80.0,87.57142857142857,87.35714285714286,87.14285714285714,0.4285714285714306,6,6.143556280587275
2026-03-23,SKU-1008,Sugar,87.0,0,364.0,5,False,87.0,107.0,88.57142857142857,89.78571428571429,91.0,-2.4285714285714306,0,4.109677419354838
2026-03-24,SKU-1008,Sugar,85.0,0,279.0,5,False,87.0,93.0,85.71428571428571,92.07142857142857,98.42857142857143,-12.714285714285722,1,3.2550000000000003
2026-03-25,SKU-1008,Sugar,76.0,0,203.0,5,False,85.0,85.0,84.57142857142857,92.57142857142857,100.57142857142857,-16.0,2,2.4003378378378377
2026-03-26,SKU-1008,Sugar,85.0,0,118.0,5,False,76.0,84.0,83.28571428571429,90.21428571428571,97.14285714285714,-13.857142857142847,3,1.4168096054888506
2026-03-27,SKU-1008,Sugar,99.0,0,19.0,5,False,85.0,64.0,83.42857142857143,90.0,96.57142857142857,-13.142857142857139,4,0.22773972602739725
2026-03-28,SKU-1008,Sugar,61.0,0,0.0,5,False,99.0,100.0,88.42857142857143,91.64285714285714,94.85714285714286,-6.428571428571431,5,0.0
2026-03-29,SKU-1008,Sugar,74.0,0,0.0,5,False,61.0,87.0,82.85714285714286,85.21428571428571,87.57142857142857,-4.714285714285708,6,0.0
2026-03-30,SKU-1008,Sugar,86.0,0,0.0,5,False,74.0,87.0,81.0,84.78571428571429,88.57142857142857,-7.571428571428569,0,0.0
2026-03-31,SKU-1008,Sugar,59.0,0,0.0,5,False,86.0,85.0,80.85714285714286,83.28571428571429,85.71428571428571,-4.857142857142847,1,0.0
2026-04-01,SKU-1008,Sugar,96.0,508,412.0,5,False,59.0,76.0,77.14285714285714,80.85714285714286,84.57142857142857,-7.428571428571431,2,5.340740740740741
2026-04-02,SKU-1008,Sugar,85.0,0,327.0,5,False,96.0,85.0,80.0,81.64285714285714,83.28571428571429,-3.285714285714292,3,4.0875
2026-04-03,SKU-1008,Sugar,91.0,551,787.0,5,False,85.0,99.0,80.0,81.71428571428571,83.42857142857143,-3.4285714285714306,4,9.8375
2026-04-04,SKU-1008,Sugar,68.0,0,719.0,5,False,91.0,61.0,78.85714285714286,83.64285714285714,88.42857142857143,-9.57142857142857,5,9.117753623188406
2026-04-05,SKU-1008,Sugar,86.0,0,633.0,5,False,68.0,74.0,79.85714285714286,81.35714285714286,82.85714285714286,-3.0,6,7.926654740608228
2026-04-06,SKU-1008,Sugar,79.0,0,554.0,5,False,86.0,86.0,81.57142857142857,81.28571428571429,81.0,0.5714285714285694,0,6.7915936952714535
2026-04-07,SKU-1008,Sugar,69.0,0,485.0,5,False,79.0,59.0,80.57142857142857,80.71428571428571,80.85714285714286,-0.2857142857142918,1,6.0195035460992905
2026-04-08,SKU-1008,Sugar,117.0,0,368.0,5,False,69.0,96.0,82.0,79.57142857142857,77.14285714285714,4.857142857142861,2,4.487804878048781
2026-04-09,SKU-1008,Sugar,118.0,517,767.0,5,False,117.0,85.0,85.0,82.5,80.0,5.0,3,9.023529411764706
2026-04-10,SKU-1008,Sugar,75.0,0,692.0,5,False,118.0,91.0,89.71428571428571,84.85714285714286,80.0,9.714285714285708,4,7.713375796178345
2026-04-11,SKU-1008,Sugar,81.0,0,611.0,5,False,75.0,68.0,87.42857142857143,83.14285714285714,78.85714285714286,8.57142857142857,5,6.988562091503268
2026-04-12,SKU-1008,Sugar,76.0,0,535.0,5,False,81.0,86.0,89.28571428571429,84.57142857142857,79.85714285714286,9.42857142857143,6,5.992
2026-04-13,SKU-1008,Sugar,73.0,0,462.0,5,False,76.0,79.0,87.85714285714286,84.71428571428571,81.57142857142857,6.285714285714292,0,5.258536585365853
2026-04-14,SKU-1008,Sugar,89.0,505,878.0,5,False,73.0,69.0,87.0,83.78571428571429,80.57142857142857,6.428571428571431,1,10.091954022988507
2026-04-15,SKU-1008,Sugar,99.0,0,779.0,5,False,89.0,117.0,89.85714285714286,85.92857142857143,82.0,7.857142857142861,2,8.669316375198727
2026-04-16,SKU-1008,Sugar,99.0,0,683.0,5,False,99.0,118.0,87.28571428571429,86.14285714285714,85.0,2.285714285714292,3,7.824877250409164
2026-04-17,SKU-1008,Sugar,63.0,0,620.0,5,False,99.0,75.0,84.57142857142857,87.14285714285714,89.71428571428571,-5.142857142857139,4,7.331081081081082
2026-04-17,SKU-1008,Sugar,63.0,0,620.0,5,False,63.0,81.0,82.85714285714286,85.14285714285714,87.42857142857143,-4.571428571428569,4,7.482758620689655
2026-04-18,SKU-1008,Sugar,89.0,0,531.0,5,False,63.0,76.0,80.28571428571429,84.78571428571429,89.28571428571429,-9.0,5,6.6138790035587185
2026-04-19,SKU-1008,Sugar,60.0,0,471.0,5,False,89.0,73.0,82.14285714285714,85.0,87.85714285714286,-5.714285714285722,6,5.733913043478261
2026-04-20,SKU-1008,Sugar,97.0,0,374.0,5,False,60.0,89.0,80.28571428571429,83.64285714285714,87.0,-6.714285714285708,0,4.658362989323843
2026-04-21,SKU-1008,Sugar,74.0,0,300.0,5,False,97.0,99.0,81.42857142857143,85.64285714285714,89.85714285714286,-8.42857142857143,1,3.6842105263157894
2026-04-22,SKU-1008,Sugar,82.0,479,697.0,5,False,74.0,99.0,77.85714285714286,82.57142857142857,87.28571428571429,-9.42857142857143,2,8.952293577981651
2026-04-23,SKU-1008,Sugar,159.0,0,538.0,5,False,82.0,63.0,75.42857142857143,80.0,84.57142857142857,-9.142857142857139,3,7.132575757575758
2026-04-24,SKU-1008,Sugar,74.0,0,464.0,5,False,159.0,63.0,89.14285714285714,86.0,82.85714285714286,6.285714285714278,4,5.205128205128205
2026-04-25,SKU-1008,Sugar,72.0,0,392.0,5,False,74.0,89.0,90.71428571428571,85.5,80.28571428571429,10.428571428571416,5,4.3212598425196855
2026-04-26,SKU-1008,Sugar,82.0,0,310.0,5,False,72.0,60.0,88.28571428571429,85.21428571428571,82.14285714285714,6.142857142857153,6,3.511326860841424
2026-04-27,SKU-1008,Sugar,105.0,0,205.0,5,False,82.0,97.0,91.42857142857143,85.85714285714286,80.28571428571429,11.142857142857139,0,2.2421875
2026-04-28,SKU-1008,Sugar,83.0,0,122.0,5,False,105.0,74.0,92.57142857142857,87.0,81.42857142857143,11.142857142857139,1,1.3179012345679013
2026-04-29,SKU-1008,Sugar,104.0,0,18.0,5,False,83.0,82.0,93.85714285714286,85.85714285714286,77.85714285714286,16.0,2,0.1917808219178082
2026-04-30,SKU-1008,Sugar,99.0,451,370.0,5,False,104.0,159.0,97.0,86.21428571428571,75.42857142857143,21.57142857142857,3,3.814432989690722
2026-05-01,SKU-1008,Sugar,116.0,0,254.0,5,False,99.0,74.0,88.42857142857143,88.78571428571429,89.14285714285714,-0.7142857142857082,4,2.872374798061389
2026-05-02,SKU-1008,Sugar,92.0,539,701.0,5,False,116.0,72.0,94.42857142857143,92.57142857142857,90.71428571428571,3.7142857142857224,5,7.423600605143721
2026-05-03,SKU-1008,Sugar,29.0,0,672.0,5,False,92.0,82.0,97.28571428571429,92.78571428571429,88.28571428571429,9.0,6,6.9074889867841405
2026-05-04,SKU-1008,Sugar,94.0,0,578.0,5,False,29.0,105.0,89.71428571428571,90.57142857142857,91.42857142857143,-1.7142857142857224,0,6.4426751592356695
2026-05-05,SKU-1008,Sugar,97.0,0,481.0,5,False,94.0,83.0,88.14285714285714,90.35714285714286,92.57142857142857,-4.428571428571431,1,5.457050243111832
2026-05-06,SKU-1008,Sugar,87.0,0,394.0,5,False,97.0,104.0,90.14285714285714,92.0,93.85714285714286,-3.7142857142857224,2,4.370839936608558
2026-05-07,SKU-1008,Sugar,73.0,622,943.0,5,False,87.0,99.0,87.71428571428571,92.35714285714286,97.0,-9.285714285714292,3,10.750814332247558
2026-05-08,SKU-1008,Sugar,88.0,0,855.0,5,False,73.0,116.0,84.0,86.21428571428571,88.42857142857143,-4.428571428571431,4,10.178571428571429
2026-05-09,SKU-1008,Sugar,57.0,0,798.0,5,False,88.0,92.0,80.0,87.21428571428571,94.42857142857143,-14.42857142857143,5,9.975
2026-05-10,SKU-1008,Sugar,88.0,0,710.0,5,False,57.0,29.0,75.0,86.14285714285714,97.28571428571429,-22.285714285714292,6,9.466666666666667
2026-05-11,SKU-1008,Sugar,111.0,0,599.0,5,False,88.0,94.0,83.42857142857143,86.57142857142857,89.71428571428571,-6.285714285714278,0,7.179794520547945
2026-05-12,SKU-1008,Sugar,89.0,0,510.0,5,False,111.0,97.0,85.85714285714286,87.0,88.14285714285714,-2.2857142857142776,1,5.940099833610649
2026-05-13,SKU-1008,Sugar,115.0,0,395.0,5,False,89.0,87.0,84.71428571428571,87.42857142857143,90.14285714285714,-5.428571428571431,2,4.662731871838112
2026-05-14,SKU-1008,Sugar,86.0,0,309.0,5,False,115.0,73.0,88.71428571428571,88.21428571428571,87.71428571428571,1.0,3,3.483091787439614
2026-05-15,SKU-1008,Sugar,87.0,0,222.0,5,False,86.0,88.0,90.57142857142857,87.28571428571429,84.0,6.571428571428569,4,2.451104100946372
2026-05-16,SKU-1008,Sugar,67.0,0,155.0,5,False,87.0,57.0,90.42857142857143,85.21428571428571,80.0,10.42857142857143,5,1.7140600315955765
2026-05-17,SKU-1008,Sugar,89.0,0,66.0,5,False,67.0,88.0,91.85714285714286,83.42857142857143,75.0,16.85714285714286,6,0.71850699844479
2026-05-18,SKU-1008,Sugar,71.0,0,0.0,5,False,89.0,111.0,92.0,87.71428571428571,83.42857142857143,8.57142857142857,0,0.0
2026-05-19,SKU-1008,Sugar,102.0,0,0.0,5,False,71.0,89.0,86.28571428571429,86.07142857142857,85.85714285714286,0.4285714285714306,1,0.0
2026-05-20,SKU-1008,Sugar,81.0,0,0.0,5,False,102.0,115.0,88.14285714285714,86.42857142857143,84.71428571428571,3.4285714285714306,2,0.0
2026-05-21,SKU-1008,Sugar,91.0,0,0.0,5,False,81.0,86.0,83.28571428571429,86.0,88.71428571428571,-5.428571428571416,3,0.0
2026-05-22,SKU-1008,Sugar,91.0,0,0.0,5,False,91.0,87.0,84.0,87.28571428571429,90.57142857142857,-6.571428571428569,4,0.0
2026-05-23,SKU-1008,Sugar,72.0,0,0.0,5,False,91.0,67.0,84.57142857142857,87.5,90.42857142857143,-5.857142857142861,5,0.0
2026-05-24,SKU-1008,Sugar,95.0,0,0.0,5,False,72.0,89.0,85.28571428571429,88.57142857142857,91.85714285714286,-6.571428571428569,6,0.0
2026-05-25,SKU-1008,Sugar,75.0,0,0.0,5,False,95.0,71.0,86.14285714285714,89.07142857142857,92.0,-5.857142857142861,0,0.0
2026-05-26,SKU-1008,Sugar,89.0,0,0.0,5,False,75.0,102.0,86.71428571428571,86.5,86.28571428571429,0.4285714285714164,1,0.0
2026-05-27,SKU-1008,Sugar,95.0,0,0.0,5,False,89.0,81.0,84.85714285714286,86.5,88.14285714285714,-3.2857142857142776,2,0.0
2026-05-28,SKU-1008,Sugar,88.0,0,0.0,5,False,95.0,91.0,86.85714285714286,85.07142857142857,83.28571428571429,3.5714285714285694,3,0.0
2026-05-29,SKU-1008,Sugar,69.0,568,499.0,5,False,88.0,91.0,86.42857142857143,85.21428571428571,84.0,2.4285714285714306,4,5.773553719008264
2026-05-30,SKU-1008,Sugar,65.0,0,434.0,5,False,69.0,72.0,83.28571428571429,83.92857142857143,84.57142857142857,-1.2857142857142776,5,5.210977701543739
2026-05-31,SKU-1008,Sugar,69.0,0,365.0,5,False,65.0,95.0,82.28571428571429,83.78571428571429,85.28571428571429,-3.0,6,4.435763888888888
2026-06-01,SKU-1008,Sugar,104.0,603,864.0,5,False,69.0,75.0,78.57142857142857,82.35714285714286,86.14285714285714,-7.571428571428569,0,10.996363636363636
2026-06-02,SKU-1008,Sugar,117.0,0,747.0,5,False,104.0,89.0,82.71428571428571,84.71428571428571,86.71428571428571,-4.0,1,9.031088082901555
2026-06-03,SKU-1008,Sugar,81.0,0,666.0,5,False,117.0,95.0,86.71428571428571,85.78571428571429,84.85714285714286,1.857142857142847,2,7.680395387149918
2026-06-04,SKU-1008,Sugar,77.0,0,589.0,5,False,81.0,88.0,84.71428571428571,85.78571428571429,86.85714285714286,-2.142857142857153,3,6.952782462057336
2026-06-05,SKU-1008,Sugar,82.0,0,507.0,5,False,77.0,69.0,83.14285714285714,84.78571428571429,86.42857142857143,-3.285714285714292,4,6.0979381443298974
2026-06-06,SKU-1008,Sugar,78.0,0,429.0,5,False,82.0,65.0,85.0,84.14285714285714,83.28571428571429,1.7142857142857082,5,5.047058823529412
2026-06-07,SKU-1008,Sugar,90.0,561,900.0,5,False,78.0,69.0,86.85714285714286,84.57142857142857,82.28571428571429,4.571428571428569,6,10.361842105263158
2026-06-08,SKU-1008,Sugar,96.0,0,804.0,5,False,90.0,104.0,89.85714285714286,84.21428571428571,78.57142857142857,11.285714285714292,0,8.947535771065182
2026-06-09,SKU-1008,Sugar,105.0,0,699.0,5,False,96.0,117.0,88.71428571428571,85.71428571428571,82.71428571428571,6.0,1,7.879227053140097
2026-06-10,SKU-1008,Sugar,120.0,0,579.0,5,False,105.0,81.0,87.0,86.85714285714286,86.71428571428571,0.2857142857142918,2,6.655172413793103
2026-06-11,SKU-1008,Sugar,128.0,0,451.0,5,False,120.0,77.0,92.57142857142857,88.64285714285714,84.71428571428571,7.857142857142861,3,4.871913580246914
2026-06-12,SKU-1008,Sugar,85.0,0,366.0,5,False,128.0,82.0,99.85714285714286,91.5,83.14285714285714,16.714285714285722,4,3.665236051502146
2026-06-13,SKU-1008,Sugar,85.0,0,281.0,5,False,85.0,78.0,100.28571428571429,92.64285714285714,85.0,15.285714285714292,5,2.8019943019943017
2026-06-14,SKU-1008,Sugar,79.0,0,202.0,5,False,85.0,90.0,101.28571428571429,94.07142857142857,86.85714285714286,14.42857142857143,6,1.9943582510578277
2026-06-15,SKU-1008,Sugar,67.0,433,568.0,5,False,79.0,96.0,99.71428571428571,94.78571428571429,89.85714285714286,9.857142857142847,0,5.696275071633238
2026-06-16,SKU-1008,Sugar,109.0,0,459.0,5,False,67.0,105.0,95.57142857142857,92.14285714285714,88.71428571428571,6.857142857142861,1,4.802690582959642
2026-06-17,SKU-1008,Sugar,113.0,498,844.0,5,False,109.0,120.0,96.14285714285714,91.57142857142857,87.0,9.142857142857139,2,8.778603268945023
2026-06-18,SKU-1008,Sugar,90.0,0,754.0,5,False,113.0,128.0,95.14285714285714,93.85714285714286,92.57142857142857,2.5714285714285694,3,7.924924924924925
2026-06-19,SKU-1008,Sugar,57.0,0,697.0,5,False,90.0,85.0,89.71428571428571,94.78571428571429,99.85714285714286,-10.142857142857153,4,7.769108280254778
2026-06-20,SKU-1008,Sugar,79.0,0,618.0,5,False,57.0,85.0,85.71428571428571,93.0,100.28571428571429,-14.571428571428584,5,7.210000000000001
2026-06-21,SKU-1008,Sugar,71.0,0,547.0,5,False,79.0,79.0,84.85714285714286,93.07142857142857,101.28571428571429,-16.42857142857143,6,6.4461279461279455
2026-06-22,SKU-1008,Sugar,67.0,0,480.0,5,False,71.0,67.0,83.71428571428571,91.71428571428571,99.71428571428571,-16.0,0,5.733788395904437
2026-06-23,SKU-1008,Sugar,99.0,0,381.0,5,False,67.0,109.0,83.71428571428571,89.64285714285714,95.57142857142857,-11.857142857142861,1,4.551194539249147
2026-06-24,SKU-1008,Sugar,85.0,0,296.0,5,False,99.0,113.0,82.28571428571429,89.21428571428571,96.14285714285714,-13.857142857142847,2,3.597222222222222
2026-06-25,SKU-1008,Sugar,107.0,0,189.0,5,False,85.0,90.0,78.28571428571429,86.71428571428571,95.14285714285714,-16.857142857142847,3,2.4142335766423355
2026-06-26,SKU-1008,Sugar,70.0,435,554.0,5,False,107.0,57.0,80.71428571428571,85.21428571428571,89.71428571428571,-9.0,4,6.863716814159292
2026-06-27,SKU-1008,Sugar,83.0,0,471.0,5,False,70.0,79.0,82.57142857142857,84.14285714285714,85.71428571428571,-3.142857142857139,5,5.704152249134948
2026-06-28,SKU-1008,Sugar,82.0,0,389.0,5,False,83.0,71.0,83.14285714285714,84.0,84.85714285714286,-1.7142857142857224,6,4.678694158075602
2026-06-29,SKU-1008,Sugar,97.0,0,292.0,5,False,82.0,67.0,84.71428571428571,84.21428571428571,83.71428571428571,1.0,0,3.446880269814503
2026-01-01,SKU-1009,Beverages,372.0,0,2762.0,14,False,,,,,,,3,
2026-01-02,SKU-1009,Beverages,194.0,0,2568.0,14,False,372.0,,,,,,4,
2026-01-03,SKU-1009,Beverages,231.0,5423,7760.0,14,False,194.0,,,,,,5,
2026-01-04,SKU-1009,Beverages,263.0,0,7497.0,14,False,231.0,,,,,,6,
2026-01-05,SKU-1009,Beverages,329.0,0,7168.0,14,False,263.0,,,,,,0,
2026-01-06,SKU-1009,Beverages,375.0,0,6793.0,14,False,329.0,,,,,,1,
2026-01-07,SKU-1009,Beverages,256.0,0,6537.0,14,False,375.0,,,,,,2,
2026-01-08,SKU-1009,Beverages,265.0,0,6272.0,14,False,256.0,372.0,288.57142857142856,,,,3,21.734653465346536
2026-01-09,SKU-1009,Beverages,141.0,0,6131.0,14,False,265.0,194.0,273.2857142857143,,,,4,22.434396236278097
2026-01-10,SKU-1009,Beverages,408.0,0,5723.0,14,False,141.0,231.0,265.7142857142857,,,,5,21.538172043010753
2026-01-11,SKU-1009,Beverages,254.0,0,5469.0,14,False,408.0,263.0,291.0,,,,6,18.79381443298969
2026-01-12,SKU-1009,Beverages,370.0,0,5099.0,14,False,254.0,329.0,289.7142857142857,,,,0,17.600098619329387
2026-01-13,SKU-1009,Beverages,409.0,0,4690.0,14,False,370.0,375.0,295.57142857142856,,,,1,15.867568873852104
2026-01-14,SKU-1009,Beverages,452.0,0,4238.0,14,False,409.0,256.0,300.42857142857144,,,,2,14.106514503090821
2026-01-15,SKU-1009,Beverages,352.0,0,3886.0,14,False,452.0,265.0,328.42857142857144,308.5,288.57142857142856,39.85714285714289,3,11.832100913440625
2026-01-16,SKU-1009,Beverages,218.0,0,3668.0,14,False,352.0,141.0,340.85714285714283,307.07142857142856,273.2857142857143,67.57142857142856,4,10.761106454316849
2026-01-17,SKU-1009,Beverages,218.0,0,3401.0,14,False,218.0,408.0,351.85714285714283,308.7857142857143,265.7142857142857,86.14285714285711,5,9.665854648802274
2026-01-18,SKU-1009,Beverages,297.0,0,3104.0,14,False,218.0,254.0,324.7142857142857,307.85714285714283,291.0,33.71428571428572,6,9.55917289925209
2026-01-19,SKU-1009,Beverages,403.0,0,2701.0,14,False,297.0,370.0,330.85714285714283,310.2857142857143,289.7142857142857,41.14285714285711,0,8.16364421416235
2026-01-20,SKU-1009,Beverages,418.0,0,2283.0,14,False,403.0,409.0,335.57142857142856,315.57142857142856,295.57142857142856,40.0,1,6.803320561941252
2026-01-21,SKU-1009,Beverages,338.0,0,1945.0,14,False,418.0,452.0,336.85714285714283,318.64285714285717,300.42857142857144,36.42857142857139,2,5.773960983884648
2026-01-22,SKU-1009,Beverages,371.0,0,1574.0,14,False,338.0,352.0,320.57142857142856,324.5,328.42857142857144,-7.85714285714289,3,4.909982174688057
2026-01-23,SKU-1009,Beverages,361.0,6225,7438.0,14,False,371.0,218.0,323.2857142857143,332.07142857142856,340.85714285714283,-17.571428571428555,4,23.007512152010605
2026-01-24,SKU-1009,Beverages,197.0,0,7241.0,14,False,361.0,218.0,343.7142857142857,347.7857142857143,351.85714285714283,-8.14285714285711,5,21.06691604322527
2026-01-25,SKU-1009,Beverages,88.0,0,7153.0,14,False,197.0,297.0,340.7142857142857,332.7142857142857,324.7142857142857,16.0,6,20.994129979035637
2026-01-26,SKU-1009,Beverages,254.0,0,6899.0,14,False,88.0,403.0,310.85714285714283,320.85714285714283,330.85714285714283,-20.0,0,22.193474264705884
2026-01-27,SKU-1009,Beverages,391.0,0,6508.0,14,False,254.0,418.0,289.57142857142856,312.57142857142856,335.57142857142856,-46.0,1,22.47459299457326
2026-01-28,SKU-1009,Beverages,490.0,0,6018.0,14,False,391.0,338.0,285.7142857142857,311.2857142857143,336.85714285714283,-51.14285714285711,2,21.063
2026-01-29,SKU-1009,Beverages,234.0,0,5784.0,14,False,490.0,371.0,307.42857142857144,314.0,320.57142857142856,-13.14285714285711,3,18.814126394052042
2026-01-30,SKU-1009,Beverages,339.0,0,5445.0,14,False,234.0,361.0,287.85714285714283,305.57142857142856,323.2857142857143,-35.428571428571445,4,18.915632754342433
2026-01-31,SKU-1009,Beverages,254.0,0,5191.0,14,False,339.0,197.0,284.7142857142857,314.2142857142857,343.7142857142857,-59.0,5,18.232313095835423
2026-02-01,SKU-1009,Beverages,234.0,0,4957.0,14,False,254.0,88.0,292.85714285714283,316.7857142857143,340.7142857142857,-47.85714285714289,6,16.926341463414637
2026-02-02,SKU-1009,Beverages,312.0,0,4645.0,14,False,234.0,254.0,313.7142857142857,312.2857142857143,310.85714285714283,2.8571428571428896,0,14.80646630236794
2026-02-03,SKU-1009,Beverages,435.0,0,4210.0,14,False,312.0,391.0,322.0,305.7857142857143,289.57142857142856,32.428571428571445,1,13.074534161490684
2026-02-04,SKU-1009,Beverages,530.0,0,3680.0,14,False,435.0,490.0,328.2857142857143,307.0,285.7142857142857,42.571428571428555,2,11.209747606614448
2026-02-05,SKU-1009,Beverages,335.0,0,3345.0,14,False,530.0,234.0,334.0,320.7142857142857,307.42857142857144,26.571428571428555,3,10.01497005988024
2026-02-06,SKU-1009,Beverages,333.0,0,3012.0,14,False,335.0,339.0,348.42857142857144,318.14285714285717,287.85714285714283,60.57142857142861,4,8.644526445264452
2026-02-07,SKU-1009,Beverages,286.0,4629,7355.0,14,False,333.0,254.0,347.57142857142856,316.14285714285717,284.7142857142857,62.85714285714283,5,21.16111796136457
2026-02-08,SKU-1009,Beverages,300.0,0,7055.0,14,False,286.0,234.0,352.14285714285717,322.5,292.85714285714283,59.285714285714334,6,20.034482758620687
2026-02-09,SKU-1009,Beverages,302.0,0,6753.0,14,False,300.0,312.0,361.57142857142856,337.64285714285717,313.7142857142857,47.85714285714283,0,18.676807585934416
2026-02-10,SKU-1009,Beverages,318.0,0,6435.0,14,False,302.0,435.0,360.14285714285717,341.07142857142856,322.0,38.14285714285717,1,17.867909559698532
2026-02-11,SKU-1009,Beverages,318.0,0,6076.0,14,False,318.0,530.0,343.42857142857144,335.85714285714283,328.2857142857143,15.142857142857167,2,17.692179700499167
2026-02-12,SKU-1009,Beverages,429.0,0,5647.0,14,False,318.0,335.0,313.14285714285717,323.57142857142856,334.0,-20.857142857142833,3,18.033302919708028
2026-02-13,SKU-1009,Beverages,266.0,0,5381.0,14,False,429.0,333.0,326.57142857142856,337.5,348.42857142857144,-21.85714285714289,4,16.477252843394577
2026-02-14,SKU-1009,Beverages,200.0,0,5181.0,14,False,266.0,286.0,317.0,332.2857142857143,347.57142857142856,-30.571428571428555,5,16.34384858044164
2026-02-15,SKU-1009,Beverages,303.0,0,4878.0,14,False,200.0,300.0,304.7142857142857,328.42857142857144,352.14285714285717,-47.428571428571445,6,16.008438818565402
2026-02-16,SKU-1009,Beverages,379.0,0,4499.0,14,False,303.0,302.0,305.14285714285717,333.35714285714283,361.57142857142856,-56.42857142857139,0,14.743913857677901
2026-02-17,SKU-1009,Beverages,408.0,0,4091.0,14,False,379.0,318.0,316.14285714285717,338.14285714285717,360.14285714285717,-44.0,1,12.940352462720288
2026-02-18,SKU-1009,Beverages,480.0,0,3611.0,14,False,408.0,318.0,329.0,336.2142857142857,343.42857142857144,-14.428571428571445,2,10.975683890577507
2026-02-19,SKU-1009,Beverages,480.0,0,3216.0,14,False,480.0,429.0,352.14285714285717,332.64285714285717,313.14285714285717,39.0,3,9.132657200811359
2026-02-20,SKU-1009,Beverages,420.0,5626,8422.0,14,False,480.0,266.0,359.42857142857144,343.0,326.57142857142856,32.85714285714289,4,23.43163751987281
2026-02-21,SKU-1009,Beverages,216.0,0,8206.0,14,False,420.0,200.0,381.42857142857144,349.2142857142857,317.0,64.42857142857144,5,21.51385767790262
2026-02-22,SKU-1009,Beverages,325.0,0,7881.0,14,False,216.0,303.0,383.7142857142857,344.2142857142857,304.7142857142857,79.0,6,20.538719285182427
2026-02-23,SKU-1009,Beverages,333.0,0,7548.0,14,False,325.0,379.0,386.85714285714283,346.0,305.14285714285717,81.71428571428567,0,19.511078286558348
2026-02-24,SKU-1009,Beverages,410.0,0,7138.0,14,False,333.0,408.0,380.2857142857143,348.2142857142857,316.14285714285717,64.14285714285711,1,18.770097670924116
2026-02-25,SKU-1009,Beverages,442.0,0,6696.0,14,False,410.0,480.0,380.57142857142856,354.7857142857143,329.0,51.571428571428555,2,17.594594594594597
2026-02-26,SKU-1009,Beverages,316.0,0,6380.0,14,False,442.0,480.0,375.14285714285717,363.64285714285717,352.14285714285717,23.0,3,17.006854531607004
2026-02-27,SKU-1009,Beverages,348.0,0,6032.0,14,False,316.0,420.0,351.7142857142857,355.57142857142856,359.42857142857144,-7.714285714285722,4,17.150284321689682
2026-02-28,SKU-1009,Beverages,280.0,0,5752.0,14,False,348.0,216.0,341.42857142857144,361.42857142857144,381.42857142857144,-40.0,5,16.84686192468619
2026-03-01,SKU-1009,Beverages,302.0,0,5450.0,14,False,280.0,325.0,350.57142857142856,367.14285714285717,383.7142857142857,-33.14285714285717,6,15.546047269763651
2026-03-02,SKU-1009,Beverages,315.0,0,5135.0,14,False,302.0,333.0,347.2857142857143,367.07142857142856,386.85714285714283,-39.571428571428555,0,14.786096256684493
2026-03-03,SKU-1009,Beverages,334.0,0,4801.0,14,False,315.0,410.0,344.7142857142857,362.5,380.2857142857143,-35.571428571428555,1,13.927476170741814
2026-03-04,SKU-1009,Beverages,415.0,0,4386.0,14,False,334.0,442.0,333.85714285714283,357.2142857142857,380.57142857142856,-46.71428571428572,2,13.137355584082158
2026-03-05,SKU-1009,Beverages,488.0,0,3898.0,14,False,415.0,316.0,330.0,352.57142857142856,375.14285714285717,-45.14285714285717,3,11.812121212121212
2026-03-06,SKU-1009,Beverages,321.0,0,3577.0,14,False,488.0,348.0,354.57142857142856,353.14285714285717,351.7142857142857,2.857142857142833,4,10.088235294117647
2026-03-07,SKU-1009,Beverages,231.0,0,3346.0,14,False,321.0,280.0,350.7142857142857,346.07142857142856,341.42857142857144,9.285714285714278,5,9.540529531568227
2026-03-08,SKU-1009,Beverages,326.0,0,3020.0,14,False,231.0,302.0,343.7142857142857,347.14285714285717,350.57142857142856,-6.857142857142833,6,8.786367414796342
2026-03-09,SKU-1009,Beverages,260.0,5996,8756.0,14,False,326.0,315.0,347.14285714285717,347.2142857142857,347.2857142857143,-0.14285714285711038,0,25.22304526748971
2026-03-10,SKU-1009,Beverages,405.0,0,8351.0,14,False,260.0,334.0,339.2857142857143,342.0,344.7142857142857,-5.428571428571445,1,24.613473684210526
2026-03-11,SKU-1009,Beverages,377.0,0,7974.0,14,False,405.0,415.0,349.42857142857144,341.64285714285717,333.85714285714283,15.571428571428612,2,22.82011447260834
2026-03-12,SKU-1009,Beverages,431.0,0,7543.0,14,False,377.0,488.0,344.0,337.0,330.0,14.0,3,21.927325581395348
2026-03-13,SKU-1009,Beverages,332.0,0,7211.0,14,False,431.0,321.0,335.85714285714283,345.2142857142857,354.57142857142856,-18.714285714285722,4,21.47043811144194
2026-03-14,SKU-1009,Beverages,198.0,0,7013.0,14,False,332.0,231.0,337.42857142857144,344.07142857142856,350.7142857142857,-13.285714285714278,5,20.783657917019475
2026-03-15,SKU-1009,Beverages,239.0,0,6774.0,14,False,198.0,326.0,332.7142857142857,338.2142857142857,343.7142857142857,-11.0,6,20.359811077715758
2026-03-16,SKU-1009,Beverages,360.0,0,6414.0,14,False,239.0,260.0,320.2857142857143,333.7142857142857,347.14285714285717,-26.85714285714289,0,20.02586975914362
2026-03-17,SKU-1009,Beverages,521.0,0,5893.0,14,False,360.0,405.0,334.57142857142856,336.92857142857144,339.2857142857143,-4.714285714285722,1,17.613578138343296
2026-03-18,SKU-1009,Beverages,493.0,0,5400.0,14,False,521.0,377.0,351.14285714285717,350.2857142857143,349.42857142857144,1.7142857142857224,2,15.378356387306752
2026-03-19,SKU-1009,Beverages,450.0,0,4950.0,14,False,493.0,431.0,367.7142857142857,355.85714285714283,344.0,23.714285714285722,3,13.461538461538462
2026-03-20,SKU-1009,Beverages,292.0,0,4658.0,14,False,450.0,332.0,370.42857142857144,353.14285714285717,335.85714285714283,34.57142857142861,4,12.574623987659082
2026-03-21,SKU-1009,Beverages,240.0,0,4418.0,14,False,292.0,198.0,364.7142857142857,351.07142857142856,337.42857142857144,27.285714285714278,5,12.113591852722287
2026-03-22,SKU-1009,Beverages,294.0,0,4124.0,14,False,240.0,239.0,370.7142857142857,351.7142857142857,332.7142857142857,38.0,6,11.124470134874759
2026-03-23,SKU-1009,Beverages,322.0,0,3802.0,14,False,294.0,360.0,378.57142857142856,349.42857142857144,320.2857142857143,58.28571428571428,0,10.043018867924529
2026-03-24,SKU-1009,Beverages,321.0,0,3481.0,14,False,322.0,521.0,373.14285714285717,353.85714285714283,334.57142857142856,38.57142857142861,1,9.328866768759571
2026-03-25,SKU-1009,Beverages,402.0,6122,9201.0,14,False,321.0,493.0,344.57142857142856,347.85714285714283,351.14285714285717,-6.571428571428612,2,26.70273631840796
2026-03-26,SKU-1009,Beverages,418.0,0,8783.0,14,False,402.0,450.0,331.57142857142856,349.64285714285717,367.7142857142857,-36.14285714285717,3,26.489013356311936
2026-03-27,SKU-1009,Beverages,205.0,0,8578.0,14,False,418.0,292.0,327.0,348.7142857142857,370.42857142857144,-43.428571428571445,4,26.232415902140673
2026-03-28,SKU-1009,Beverages,343.0,0,8235.0,14,False,205.0,240.0,314.57142857142856,339.64285714285717,364.7142857142857,-50.14285714285717,5,26.178474114441418
2026-03-29,SKU-1009,Beverages,343.0,0,7909.0,14,False,343.0,294.0,329.2857142857143,350.0,370.7142857142857,-41.428571428571445,6,24.018655097613884
2026-03-30,SKU-1009,Beverages,388.0,0,7521.0,14,False,343.0,322.0,336.2857142857143,357.42857142857144,378.57142857142856,-42.28571428571428,0,22.364910790144435
2026-03-31,SKU-1009,Beverages,408.0,0,7113.0,14,False,388.0,321.0,345.7142857142857,359.42857142857144,373.14285714285717,-27.428571428571445,1,20.57479338842975
2026-04-01,SKU-1009,Beverages,408.0,0,6705.0,14,False,408.0,402.0,358.14285714285717,351.35714285714283,344.57142857142856,13.571428571428612,2,18.721579577183885
2026-04-02,SKU-1009,Beverages,333.0,0,6372.0,14,False,408.0,418.0,359.0,345.2857142857143,331.57142857142856,27.428571428571445,3,17.749303621169915
2026-04-03,SKU-1009,Beverages,315.0,0,6057.0,14,False,333.0,205.0,346.85714285714283,336.92857142857144,327.0,19.857142857142833,4,17.462520593080725
2026-04-04,SKU-1009,Beverages,331.0,0,5726.0,14,False,315.0,343.0,362.57142857142856,338.57142857142856,314.57142857142856,48.0,5,15.792750197005518
2026-04-05,SKU-1009,Beverages,177.0,0,5549.0,14,False,331.0,343.0,360.85714285714283,345.07142857142856,329.2857142857143,31.571428571428555,6,15.377276326207443
2026-04-06,SKU-1009,Beverages,398.0,0,5151.0,14,False,177.0,388.0,337.14285714285717,336.7142857142857,336.2857142857143,0.8571428571428896,0,15.278389830508473
2026-04-07,SKU-1009,Beverages,478.0,0,4673.0,14,False,398.0,408.0,338.57142857142856,342.14285714285717,345.7142857142857,-7.142857142857167,1,13.802109704641351
2026-04-08,SKU-1009,Beverages,478.0,0,4317.0,14,False,478.0,408.0,348.57142857142856,353.35714285714283,358.14285714285717,-9.571428571428612,2,12.38483606557377
2026-04-09,SKU-1009,Beverages,747.0,0,3570.0,14,False,478.0,333.0,358.57142857142856,358.7857142857143,359.0,-0.4285714285714448,3,9.956175298804782
2026-04-10,SKU-1009,Beverages,206.0,0,3364.0,14,False,747.0,315.0,417.7142857142857,382.2857142857143,346.85714285714283,70.85714285714289,4,8.053351573187415
2026-04-11,SKU-1009,Beverages,218.0,0,3146.0,14,False,206.0,331.0,402.14285714285717,382.35714285714283,362.57142857142856,39.57142857142861,5,7.823090586145648
2026-04-12,SKU-1009,Beverages,321.0,0,2825.0,14,False,218.0,177.0,386.0,373.42857142857144,360.85714285714283,25.142857142857167,6,7.318652849740933
2026-04-13,SKU-1009,Beverages,264.0,0,2561.0,14,False,321.0,398.0,406.57142857142856,371.85714285714283,337.14285714285717,69.42857142857139,0,6.29901616303584
2026-04-14,SKU-1009,Beverages,399.0,0,2162.0,14,False,264.0,478.0,387.42857142857144,363.0,338.57142857142856,48.85714285714289,1,5.580383480825958
2026-04-15,SKU-1009,Beverages,611.0,0,1551.0,14,False,399.0,478.0,376.14285714285717,362.35714285714283,348.57142857142856,27.571428571428612,2,4.123433345993163
2026-04-16,SKU-1009,Beverages,390.0,0,1161.0,14,False,611.0,747.0,395.14285714285717,376.85714285714283,358.57142857142856,36.57142857142861,3,2.9381778741865507
2026-04-17,SKU-1009,Beverages,255.0,0,906.0,14,False,390.0,206.0,344.14285714285717,380.92857142857144,417.7142857142857,-73.57142857142856,4,2.6326276463262763
2026-04-18,SKU-1009,Beverages,228.0,0,678.0,14,False,255.0,218.0,351.14285714285717,376.64285714285717,402.14285714285717,-51.0,5,1.9308380797396256
2026-04-19,SKU-1009,Beverages,307.0,0,371.0,14,False,228.0,321.0,352.57142857142856,369.2857142857143,386.0,-33.428571428571445,6,1.0522690437601296
2026-04-20,SKU-1009,Beverages,367.0,0,4.0,14,False,307.0,264.0,350.57142857142856,378.57142857142856,406.57142857142856,-56.0,0,0.011409942950285249
2026-04-21,SKU-1009,Beverages,478.0,4805,4331.0,14,False,367.0,399.0,365.2857142857143,376.35714285714283,387.42857142857144,-22.142857142857167,1,11.856472428627297
2026-04-22,SKU-1009,Beverages,383.0,0,3948.0,14,False,478.0,611.0,376.57142857142856,376.35714285714283,376.14285714285717,0.42857142857138797,2,10.484066767830045
2026-04-23,SKU-1009,Beverages,416.0,0,3532.0,14,False,383.0,390.0,344.0,369.57142857142856,395.14285714285717,-51.14285714285717,3,10.267441860465116
2026-04-24,SKU-1009,Beverages,446.0,0,3086.0,14,False,416.0,255.0,347.7142857142857,345.92857142857144,344.14285714285717,3.571428571428555,4,8.875102711585866
2026-04-25,SKU-1009,Beverages,392.0,0,2694.0,14,False,446.0,228.0,375.0,363.07142857142856,351.14285714285717,23.857142857142833,5,7.184
2026-04-26,SKU-1009,Beverages,311.0,0,2383.0,14,False,392.0,307.0,398.42857142857144,375.5,352.57142857142856,45.85714285714289,6,5.980996773036931
2026-04-27,SKU-1009,Beverages,326.0,0,2057.0,14,False,311.0,367.0,399.0,374.7857142857143,350.57142857142856,48.428571428571445,0,5.155388471177945
2026-04-28,SKU-1009,Beverages,551.0,0,1506.0,14,False,326.0,478.0,393.14285714285717,379.2142857142857,365.2857142857143,27.85714285714289,1,3.8306686046511627
2026-04-29,SKU-1009,Beverages,310.0,5992,7188.0,14,False,551.0,383.0,403.57142857142856,390.07142857142856,376.57142857142856,27.0,2,17.810973451327435
2026-04-30,SKU-1009,Beverages,440.0,0,6748.0,14,False,310.0,416.0,393.14285714285717,368.57142857142856,344.0,49.14285714285717,3,17.16424418604651
2026-05-01,SKU-1009,Beverages,211.0,0,6537.0,14,False,440.0,446.0,396.57142857142856,372.14285714285717,347.7142857142857,48.85714285714283,4,16.48378962536023
2026-05-02,SKU-1009,Beverages,276.0,0,6261.0,14,False,211.0,392.0,363.0,369.0,375.0,-12.0,5,17.24793388429752
2026-05-03,SKU-1009,Beverages,276.0,0,5985.0,14,False,276.0,311.0,346.42857142857144,372.42857142857144,398.42857142857144,-52.0,6,17.276288659793813
2026-05-04,SKU-1009,Beverages,260.0,0,5725.0,14,False,276.0,326.0,341.42857142857144,370.2142857142857,399.0,-57.571428571428555,0,16.767782426778243
2026-05-05,SKU-1009,Beverages,456.0,0,5269.0,14,False,260.0,551.0,332.0,362.57142857142856,393.14285714285717,-61.14285714285717,1,15.870481927710843
2026-05-06,SKU-1009,Beverages,580.0,0,4689.0,14,False,456.0,310.0,318.42857142857144,361.0,403.57142857142856,-85.14285714285711,2,14.72543741588156
2026-05-07,SKU-1009,Beverages,356.0,0,4333.0,14,False,580.0,440.0,357.0,375.07142857142856,393.14285714285717,-36.14285714285717,3,12.137254901960784
2026-05-08,SKU-1009,Beverages,308.0,0,4025.0,14,False,356.0,211.0,345.0,370.7857142857143,396.57142857142856,-51.571428571428555,4,11.666666666666666
2026-05-09,SKU-1009,Beverages,326.0,0,3699.0,14,False,308.0,276.0,358.85714285714283,360.92857142857144,363.0,-4.142857142857167,5,10.307722929936306
2026-05-10,SKU-1009,Beverages,314.0,0,3385.0,14,False,326.0,276.0,366.0,356.2142857142857,346.42857142857144,19.571428571428555,6,9.248633879781421
2026-05-11,SKU-1009,Beverages,398.0,0,2987.0,14,False,314.0,260.0,371.42857142857144,356.42857142857144,341.42857142857144,30.0,0,8.041923076923077
2026-05-12,SKU-1009,Beverages,391.0,6176,8772.0,14,False,398.0,456.0,391.14285714285717,361.57142857142856,332.0,59.14285714285717,1,22.426588750913073
2026-05-13,SKU-1009,Beverages,490.0,0,8282.0,14,False,391.0,580.0,381.85714285714283,350.14285714285717,318.42857142857144,63.42857142857139,2,21.6887392442948
2026-05-14,SKU-1009,Beverages,348.0,0,7934.0,14,False,490.0,356.0,369.0,363.0,357.0,12.0,3,21.501355013550135
2026-05-15,SKU-1009,Beverages,439.0,0,7495.0,14,False,348.0,308.0,367.85714285714283,356.42857142857144,345.0,22.857142857142833,4,20.3747572815534
2026-05-16,SKU-1009,Beverages,271.0,0,7224.0,14,False,439.0,326.0,386.57142857142856,372.7142857142857,358.85714285714283,27.714285714285722,5,18.687361419068736
2026-05-17,SKU-1009,Beverages,267.0,0,6957.0,14,False,271.0,314.0,378.7142857142857,372.35714285714283,366.0,12.714285714285722,6,18.37004903809883
2026-05-18,SKU-1009,Beverages,259.0,0,6698.0,14,False,267.0,398.0,372.0,371.7142857142857,371.42857142857144,0.5714285714285552,0,18.00537634408602
2026-05-19,SKU-1009,Beverages,366.0,0,6332.0,14,False,259.0,391.0,352.14285714285717,371.64285714285717,391.14285714285717,-39.0,1,17.981338742393508
2026-05-20,SKU-1009,Beverages,338.0,0,5994.0,14,False,366.0,490.0,348.57142857142856,365.2142857142857,381.85714285714283,-33.28571428571428,2,17.195901639344264
2026-05-21,SKU-1009,Beverages,316.0,0,5678.0,14,False,338.0,348.0,326.85714285714283,347.92857142857144,369.0,-42.14285714285717,3,17.371503496503497
2026-05-22,SKU-1009,Beverages,377.0,0,5301.0,14,False,316.0,439.0,322.2857142857143,345.07142857142856,367.85714285714283,-45.571428571428555,4,16.44813829787234
2026-05-23,SKU-1009,Beverages,733.0,0,4568.0,14,False,377.0,271.0,313.42857142857144,350.0,386.57142857142856,-73.14285714285711,5,14.574293527803098
2026-05-24,SKU-1009,Beverages,733.0,0,4504.0,14,False,733.0,267.0,379.42857142857144,379.07142857142856,378.7142857142857,0.7142857142857224,6,11.870481927710843
2026-05-25,SKU-1009,Beverages,279.0,0,4225.0,14,False,733.0,259.0,446.0,409.0,372.0,74.0,0,9.473094170403588
2026-05-26,SKU-1009,Beverages,402.0,0,3823.0,14,False,279.0,366.0,448.85714285714283,400.5,352.14285714285717,96.71428571428567,1,8.517186505410567
2026-05-27,SKU-1009,Beverages,343.0,0,3480.0,14,False,402.0,338.0,454.0,401.2857142857143,348.57142857142856,105.42857142857144,2,7.665198237885463
2026-05-28,SKU-1009,Beverages,383.0,0,3480.0,14,False,343.0,316.0,454.7142857142857,390.7857142857143,326.85714285714283,127.85714285714289,3,7.65315739868049
2026-05-29,SKU-1009,Beverages,383.0,5799,8468.0,14,False,383.0,377.0,464.2857142857143,393.2857142857143,322.2857142857143,142.0,4,18.238769230769233
2026-05-30,SKU-1009,Beverages,258.0,0,8210.0,14,False,383.0,733.0,465.14285714285717,389.2857142857143,313.42857142857144,151.71428571428572,5,17.6504914004914
2026-05-31,SKU-1009,Beverages,255.0,0,7955.0,14,False,258.0,733.0,397.2857142857143,388.35714285714283,379.42857142857144,17.857142857142833,6,20.02337288745056
2026-06-01,SKU-1009,Beverages,358.0,0,7597.0,14,False,255.0,279.0,329.0,387.5,446.0,-117.0,0,23.091185410334347
2026-06-02,SKU-1009,Beverages,615.0,0,6982.0,14,False,358.0,402.0,340.2857142857143,394.57142857142856,448.85714285714283,-108.57142857142856,1,20.518052057094877
2026-06-03,SKU-1009,Beverages,587.0,0,6395.0,14,False,615.0,343.0,370.7142857142857,412.35714285714283,454.0,-83.28571428571428,2,17.2504816955684
2026-06-04,SKU-1009,Beverages,509.0,0,5886.0,14,False,587.0,383.0,405.57142857142856,430.14285714285717,454.7142857142857,-49.14285714285717,3,14.512856639661853
2026-06-05,SKU-1009,Beverages,331.0,0,5555.0,14,False,509.0,383.0,423.57142857142856,443.92857142857144,464.2857142857143,-40.71428571428572,4,13.114671163575043
2026-06-06,SKU-1009,Beverages,224.0,0,5331.0,14,False,331.0,258.0,416.14285714285717,440.64285714285717,465.14285714285717,-49.0,5,12.810504634397528
2026-06-07,SKU-1009,Beverages,314.0,0,5017.0,14,False,224.0,255.0,411.2857142857143,404.2857142857143,397.2857142857143,14.0,6,12.198332754428622
2026-06-08,SKU-1009,Beverages,462.0,0,4555.0,14,False,314.0,358.0,419.7142857142857,374.35714285714283,329.0,90.71428571428572,0,10.852620830496937
2026-06-09,SKU-1009,Beverages,387.0,0,4168.0,14,False,462.0,615.0,434.57142857142856,387.42857142857144,340.2857142857143,94.28571428571428,1,9.591058514135437
2026-06-10,SKU-1009,Beverages,374.0,0,3794.0,14,False,387.0,587.0,402.0,386.35714285714283,370.7142857142857,31.285714285714278,2,9.437810945273633
2026-06-11,SKU-1009,Beverages,372.0,0,3422.0,14,False,374.0,509.0,371.57142857142856,388.57142857142856,405.57142857142856,-34.0,3,9.209534794309882
2026-06-12,SKU-1009,Beverages,305.0,0,3117.0,14,False,372.0,331.0,352.0,387.7857142857143,423.57142857142856,-71.57142857142856,4,8.855113636363637
2026-06-13,SKU-1009,Beverages,265.0,0,2852.0,14,False,305.0,224.0,348.2857142857143,382.2142857142857,416.14285714285717,-67.85714285714289,5,8.18867924528302
2026-06-14,SKU-1009,Beverages,315.0,6141,8678.0,14,False,265.0,314.0,354.14285714285717,382.7142857142857,411.2857142857143,-57.14285714285711,6,24.504235578862442
2026-06-15,SKU-1009,Beverages,457.0,0,8221.0,14,False,315.0,462.0,354.2857142857143,387.0,419.7142857142857,-65.42857142857144,0,23.204435483870967
2026-06-16,SKU-1009,Beverages,435.0,0,7786.0,14,False,457.0,387.0,353.57142857142856,394.07142857142856,434.57142857142856,-81.0,1,22.021010101010102
2026-06-17,SKU-1009,Beverages,388.0,0,7398.0,14,False,435.0,374.0,360.42857142857144,381.2142857142857,402.0,-41.571428571428555,2,20.525564803804993
2026-06-18,SKU-1009,Beverages,337.0,0,7061.0,14,False,388.0,372.0,362.42857142857144,367.0,371.57142857142856,-9.14285714285711,3,19.482459597950335
2026-06-19,SKU-1009,Beverages,380.0,0,6681.0,14,False,337.0,305.0,357.42857142857144,354.7142857142857,352.0,5.428571428571445,4,18.691846522781773
2026-06-20,SKU-1009,Beverages,328.0,0,6353.0,14,False,380.0,265.0,368.14285714285717,358.2142857142857,348.2857142857143,19.85714285714289,5,17.256887854093907
2026-06-21,SKU-1009,Beverages,274.0,0,6079.0,14,False,328.0,315.0,377.14285714285717,365.64285714285717,354.14285714285717,23.0,6,16.118560606060605
2026-06-22,SKU-1009,Beverages,304.0,0,5775.0,14,False,274.0,457.0,371.2857142857143,362.7857142857143,354.2857142857143,17.0,0,15.554059253559062
2026-06-23,SKU-1009,Beverages,412.0,0,5363.0,14,False,304.0,435.0,349.42857142857144,351.5,353.57142857142856,-4.14285714285711,1,15.347914963205232
2026-06-24,SKU-1009,Beverages,535.0,0,4828.0,14,False,412.0,388.0,346.14285714285717,353.2857142857143,360.42857142857144,-14.285714285714278,2,13.94799834915394
2026-06-25,SKU-1009,Beverages,473.0,0,4355.0,14,False,535.0,337.0,367.14285714285717,364.7857142857143,362.42857142857144,4.714285714285722,3,11.861867704280154
2026-06-26,SKU-1009,Beverages,165.0,0,4190.0,14,False,473.0,380.0,386.57142857142856,372.0,357.42857142857144,29.14285714285711,4,10.838876570583889
2026-06-27,SKU-1009,Beverages,297.0,0,3893.0,14,False,165.0,328.0,355.85714285714283,362.0,368.14285714285717,-12.285714285714334,5,10.939783219590527
2026-06-28,SKU-1009,Beverages,250.0,0,3643.0,14,False,297.0,274.0,351.42857142857144,364.2857142857143,377.14285714285717,-25.714285714285722,6,10.366260162601625
2026-06-29,SKU-1009,Beverages,385.0,6616,9874.0,14,False,250.0,304.0,348.0,359.64285714285717,371.2857142857143,-23.285714285714278,0,28.373563218390803
2026-01-01,SKU-1010,Snacks,237.0,0,911.0,3,False,,,,,,,3,
2026-01-02,SKU-1010,Snacks,196.0,0,715.0,3,False,237.0,,,,,,4,
2026-01-03,SKU-1010,Snacks,171.0,0,544.0,3,False,196.0,,,,,,5,
2026-01-04,SKU-1010,Snacks,209.0,0,335.0,3,False,171.0,,,,,,6,
2026-01-05,SKU-1010,Snacks,190.0,0,145.0,3,False,209.0,,,,,,0,
2026-01-06,SKU-1010,Snacks,200.0,783,728.0,3,False,190.0,,,,,,1,
2026-01-07,SKU-1010,Snacks,200.0,0,461.0,3,False,200.0,,,,,,2,
2026-01-08,SKU-1010,Snacks,218.0,0,243.0,3,False,200.0,237.0,200.42857142857142,,,,3,1.2124019957234498
2026-01-09,SKU-1010,Snacks,155.0,0,88.0,3,False,218.0,196.0,197.71428571428572,,,,4,0.44508670520231214
2026-01-10,SKU-1010,Snacks,165.0,874,797.0,3,False,155.0,171.0,191.85714285714286,,,,5,4.154132539091586
2026-01-11,SKU-1010,Snacks,179.0,0,618.0,3,False,165.0,209.0,191.0,,,,6,3.235602094240838
2026-01-12,SKU-1010,Snacks,238.0,0,380.0,3,False,179.0,190.0,186.71428571428572,,,,0,2.035195103289977
2026-01-13,SKU-1010,Snacks,205.0,0,175.0,3,False,238.0,200.0,193.57142857142858,,,,1,0.9040590405904059
2026-01-14,SKU-1010,Snacks,220.0,689,644.0,3,False,205.0,200.0,194.28571428571428,,,,2,3.3147058823529414
2026-01-15,SKU-1010,Snacks,277.0,0,367.0,3,False,220.0,218.0,197.14285714285714,198.78571428571428,200.42857142857142,-3.2857142857142776,3,1.8615942028985508
2026-01-16,SKU-1010,Snacks,220.0,0,147.0,3,False,277.0,155.0,205.57142857142858,201.64285714285714,197.71428571428572,7.857142857142861,4,0.715079916608756
2026-01-17,SKU-1010,Snacks,159.0,0,147.0,3,False,220.0,165.0,214.85714285714286,203.35714285714286,191.85714285714286,23.0,5,0.6841755319148936
2026-01-18,SKU-1010,Snacks,173.0,0,0.0,3,False,159.0,179.0,214.0,202.5,191.0,23.0,6,0.0
2026-01-19,SKU-1010,Snacks,152.0,0,0.0,3,False,173.0,238.0,213.14285714285714,199.92857142857142,186.71428571428572,26.428571428571416,0,0.0
2026-01-20,SKU-1010,Snacks,229.0,0,0.0,3,False,152.0,205.0,200.85714285714286,197.21428571428572,193.57142857142858,7.285714285714278,1,0.0
2026-01-21,SKU-1010,Snacks,224.0,0,0.0,3,False,229.0,220.0,204.28571428571428,199.28571428571428,194.28571428571428,10.0,2,0.0
2026-01-22,SKU-1010,Snacks,204.0,879,675.0,3,False,224.0,277.0,204.85714285714286,201.0,197.14285714285714,7.714285714285722,3,3.294979079497908
2026-01-23,SKU-1010,Snacks,206.0,0,469.0,3,False,204.0,220.0,194.42857142857142,200.0,205.57142857142858,-11.142857142857167,4,2.4121969140337987
2026-01-24,SKU-1010,Snacks,124.0,0,345.0,3,False,206.0,159.0,192.42857142857142,203.64285714285714,214.85714285714286,-22.428571428571445,5,1.7928730512249444
2026-01-25,SKU-1010,Snacks,182.0,0,163.0,3,False,124.0,173.0,187.42857142857142,200.71428571428572,214.0,-26.571428571428584,6,0.8696646341463415
2026-01-26,SKU-1010,Snacks,216.0,0,0.0,3,False,182.0,152.0,188.71428571428572,200.92857142857142,213.14285714285714,-24.428571428571416,0,0.0
2026-01-27,SKU-1010,Snacks,242.0,0,0.0,3,False,216.0,229.0,197.85714285714286,199.35714285714286,200.85714285714286,-3.0,1,0.0
2026-01-28,SKU-1010,Snacks,195.0,0,0.0,3,False,242.0,224.0,199.71428571428572,202.0,204.28571428571428,-4.571428571428555,2,0.0
2026-01-29,SKU-1010,Snacks,222.0,0,0.0,3,False,195.0,204.0,195.57142857142858,200.21428571428572,204.85714285714286,-9.285714285714278,3,0.0
2026-01-30,SKU-1010,Snacks,155.0,0,0.0,3,False,222.0,206.0,198.14285714285714,196.28571428571428,194.42857142857142,3.7142857142857224,4,0.0
2026-01-31,SKU-1010,Snacks,167.0,0,0.0,3,False,155.0,124.0,190.85714285714286,191.64285714285714,192.42857142857142,-1.5714285714285552,5,0.0
2026-02-01,SKU-1010,Snacks,175.0,0,0.0,3,False,167.0,182.0,197.0,192.21428571428572,187.42857142857142,9.571428571428584,6,0.0
2026-02-02,SKU-1010,Snacks,217.0,0,0.0,3,False,175.0,216.0,196.0,192.35714285714286,188.71428571428572,7.285714285714278,0,0.0
2026-02-03,SKU-1010,Snacks,430.0,875,445.0,3,False,217.0,242.0,196.14285714285714,197.0,197.85714285714286,-1.7142857142857224,1,2.2687545520757464
2026-02-04,SKU-1010,Snacks,207.0,648,886.0,3,False,430.0,195.0,223.0,211.35714285714286,199.71428571428572,23.285714285714278,2,3.9730941704035874
2026-02-05,SKU-1010,Snacks,199.0,0,687.0,3,False,207.0,222.0,224.71428571428572,210.14285714285714,195.57142857142858,29.14285714285714,3,3.0572155117609663
2026-02-06,SKU-1010,Snacks,222.0,0,465.0,3,False,199.0,155.0,221.42857142857142,209.78571428571428,198.14285714285714,23.285714285714278,4,2.1
2026-02-07,SKU-1010,Snacks,176.0,931,1220.0,3,False,222.0,167.0,231.0,210.92857142857142,190.85714285714286,40.14285714285714,5,5.2813852813852815
2026-02-08,SKU-1010,Snacks,153.0,0,1067.0,3,False,176.0,175.0,232.28571428571428,214.64285714285714,197.0,35.28571428571428,6,4.593480934809349
2026-02-09,SKU-1010,Snacks,193.0,0,874.0,3,False,153.0,217.0,229.14285714285714,212.57142857142858,196.0,33.14285714285714,0,3.814214463840399
2026-02-10,SKU-1010,Snacks,263.0,0,611.0,3,False,193.0,430.0,225.71428571428572,210.92857142857142,196.14285714285714,29.571428571428584,1,2.7069620253164555
2026-02-11,SKU-1010,Snacks,227.0,0,384.0,3,False,263.0,207.0,201.85714285714286,212.42857142857142,223.0,-21.14285714285714,2,1.9023354564755839
2026-02-12,SKU-1010,Snacks,201.0,0,183.0,3,False,227.0,199.0,204.71428571428572,214.71428571428572,224.71428571428572,-20.0,3,0.8939288206559665
2026-02-13,SKU-1010,Snacks,221.0,688,650.0,3,False,201.0,222.0,205.0,213.21428571428572,221.42857142857142,-16.428571428571416,4,3.1707317073170733
2026-02-14,SKU-1010,Snacks,194.0,0,456.0,3,False,221.0,176.0,204.85714285714286,217.92857142857142,231.0,-26.14285714285714,5,2.225941422594142
2026-02-15,SKU-1010,Snacks,176.0,874,1154.0,3,False,194.0,153.0,207.42857142857142,219.85714285714286,232.28571428571428,-24.85714285714286,6,5.5633608815427005
2026-02-16,SKU-1010,Snacks,212.0,0,942.0,3,False,176.0,193.0,210.71428571428572,219.92857142857142,229.14285714285714,-18.428571428571416,0,4.470508474576271
2026-02-17,SKU-1010,Snacks,218.0,0,724.0,3,False,212.0,263.0,213.42857142857142,219.57142857142858,225.71428571428572,-12.285714285714306,1,3.392235609103079
2026-02-18,SKU-1010,Snacks,218.0,0,506.0,3,False,218.0,227.0,207.0,204.42857142857142,201.85714285714286,5.142857142857139,2,2.4444444444444446
2026-02-19,SKU-1010,Snacks,224.0,737,1019.0,3,False,218.0,201.0,205.71428571428572,205.21428571428572,204.71428571428572,1.0,3,4.953472222222222
2026-02-20,SKU-1010,Snacks,236.0,0,783.0,3,False,224.0,221.0,209.0,207.0,205.0,4.0,4,3.7464114832535884
2026-02-21,SKU-1010,Snacks,146.0,0,637.0,3,False,236.0,194.0,211.14285714285714,208.0,204.85714285714286,6.285714285714278,5,3.016914749661705
2026-02-22,SKU-1010,Snacks,195.0,0,442.0,3,False,146.0,176.0,204.28571428571428,205.85714285714286,207.42857142857142,-3.142857142857139,6,2.1636363636363636
2026-02-23,SKU-1010,Snacks,254.0,0,188.0,3,False,195.0,212.0,207.0,208.85714285714286,210.71428571428572,-3.7142857142857224,0,0.9082125603864735
2026-02-24,SKU-1010,Snacks,260.0,912,840.0,3,False,254.0,218.0,213.0,213.21428571428572,213.42857142857142,-0.4285714285714164,1,3.943661971830986
2026-02-25,SKU-1010,Snacks,277.0,0,563.0,3,False,260.0,218.0,219.0,213.0,207.0,12.0,2,2.5707762557077625
2026-02-26,SKU-1010,Snacks,245.0,0,318.0,3,False,277.0,224.0,227.42857142857142,216.57142857142858,205.71428571428572,21.714285714285694,3,1.3982412060301508
2026-02-27,SKU-1010,Snacks,143.0,686,861.0,3,False,245.0,236.0,230.42857142857142,219.71428571428572,209.0,21.428571428571416,4,3.736515809051457
2026-02-28,SKU-1010,Snacks,172.0,0,689.0,3,False,143.0,146.0,217.14285714285714,214.14285714285714,211.14285714285714,6.0,5,3.173026315789474
2026-03-01,SKU-1010,Snacks,186.0,0,503.0,3,False,172.0,195.0,220.85714285714286,212.57142857142858,204.28571428571428,16.571428571428584,6,2.277490297542044
2026-03-02,SKU-1010,Snacks,194.0,0,309.0,3,False,186.0,254.0,219.57142857142858,213.28571428571428,207.0,12.571428571428584,0,1.4072869225764475
2026-03-03,SKU-1010,Snacks,252.0,0,57.0,3,False,194.0,260.0,211.0,212.0,213.0,-2.0,1,0.27014218009478674
2026-03-04,SKU-1010,Snacks,249.0,0,0.0,3,False,252.0,277.0,209.85714285714286,214.42857142857142,219.0,-9.142857142857139,2,0.0
2026-03-05,SKU-1010,Snacks,262.0,0,0.0,3,False,249.0,245.0,205.85714285714286,216.64285714285714,227.42857142857142,-21.571428571428555,3,0.0
2026-03-06,SKU-1010,Snacks,181.0,767,586.0,3,False,262.0,143.0,208.28571428571428,219.35714285714286,230.42857142857142,-22.14285714285714,4,2.813443072702332
2026-03-07,SKU-1010,Snacks,161.0,0,425.0,3,False,181.0,172.0,213.71428571428572,215.42857142857142,217.14285714285714,-3.4285714285714164,5,1.9886363636363635
2026-03-08,SKU-1010,Snacks,214.0,0,211.0,3,False,161.0,186.0,212.14285714285714,216.5,220.85714285714286,-8.714285714285722,6,0.9946127946127946
2026-03-09,SKU-1010,Snacks,196.0,865,880.0,3,False,214.0,194.0,216.14285714285714,217.85714285714286,219.57142857142858,-3.428571428571445,0,4.071381361533377
2026-03-10,SKU-1010,Snacks,228.0,0,652.0,3,False,196.0,252.0,216.42857142857142,213.71428571428572,211.0,5.428571428571416,1,3.012541254125413
2026-03-11,SKU-1010,Snacks,225.0,0,427.0,3,False,228.0,249.0,213.0,211.42857142857142,209.85714285714286,3.142857142857139,2,2.004694835680751
2026-03-12,SKU-1010,Snacks,249.0,0,178.0,3,False,225.0,262.0,209.57142857142858,207.71428571428572,205.85714285714286,3.7142857142857224,3,0.8493524199045671
2026-03-13,SKU-1010,Snacks,198.0,0,0.0,3,False,249.0,181.0,207.71428571428572,208.0,208.28571428571428,-0.5714285714285552,4,0.0
2026-03-14,SKU-1010,Snacks,125.0,0,0.0,3,False,198.0,161.0,210.14285714285714,211.92857142857142,213.71428571428572,-3.5714285714285836,5,0.0
2026-03-15,SKU-1010,Snacks,164.0,0,0.0,3,False,125.0,214.0,205.0,208.57142857142858,212.14285714285714,-7.142857142857139,6,0.0
2026-03-16,SKU-1010,Snacks,154.0,0,0.0,3,False,164.0,196.0,197.85714285714286,207.0,216.14285714285714,-18.285714285714278,0,0.0
2026-03-17,SKU-1010,Snacks,213.0,772,559.0,3,False,154.0,228.0,191.85714285714286,204.14285714285714,216.42857142857142,-24.571428571428555,1,2.9136262099776618
2026-03-18,SKU-1010,Snacks,227.0,0,332.0,3,False,213.0,225.0,189.71428571428572,201.35714285714286,213.0,-23.285714285714278,2,1.75
2026-03-19,SKU-1010,Snacks,169.0,911,1074.0,3,False,227.0,249.0,190.0,199.78571428571428,209.57142857142858,-19.571428571428584,3,5.652631578947369
2026-03-20,SKU-1010,Snacks,142.0,0,932.0,3,False,169.0,198.0,178.57142857142858,193.14285714285714,207.71428571428572,-29.14285714285714,4,5.2192
2026-03-21,SKU-1010,Snacks,196.0,0,736.0,3,False,142.0,125.0,170.57142857142858,190.35714285714286,210.14285714285714,-39.571428571428555,5,4.314907872696817
2026-03-22,SKU-1010,Snacks,142.0,0,594.0,3,False,196.0,164.0,180.71428571428572,192.85714285714286,205.0,-24.285714285714278,6,3.28695652173913
2026-03-23,SKU-1010,Snacks,197.0,0,397.0,3,False,142.0,154.0,177.57142857142858,187.71428571428572,197.85714285714286,-20.285714285714278,0,2.235720032180209
2026-03-24,SKU-1010,Snacks,193.0,0,204.0,3,False,197.0,213.0,183.71428571428572,187.78571428571428,191.85714285714286,-8.142857142857139,1,1.1104199066874028
2026-03-25,SKU-1010,Snacks,216.0,0,0.0,3,False,193.0,227.0,180.85714285714286,185.28571428571428,189.71428571428572,-8.857142857142861,2,0.0
2026-03-26,SKU-1010,Snacks,244.0,782,538.0,3,False,216.0,169.0,179.28571428571428,184.64285714285714,190.0,-10.714285714285722,3,3.0007968127490043
2026-03-27,SKU-1010,Snacks,171.0,0,367.0,3,False,244.0,142.0,190.0,184.28571428571428,178.57142857142858,11.428571428571416,4,1.931578947368421
2026-03-28,SKU-1010,Snacks,172.0,665,860.0,3,False,171.0,196.0,194.14285714285714,182.35714285714286,170.57142857142858,23.571428571428555,5,4.429727740986019
2026-03-29,SKU-1010,Snacks,175.0,0,685.0,3,False,172.0,142.0,190.71428571428572,185.71428571428572,180.71428571428572,10.0,6,3.591760299625468
2026-03-30,SKU-1010,Snacks,191.0,0,494.0,3,False,175.0,197.0,195.42857142857142,186.5,177.57142857142858,17.857142857142833,0,2.527777777777778
2026-03-31,SKU-1010,Snacks,218.0,0,276.0,3,False,191.0,193.0,194.57142857142858,189.14285714285714,183.71428571428572,10.857142857142861,1,1.4185022026431717
2026-04-01,SKU-1010,Snacks,254.0,0,22.0,3,False,218.0,216.0,198.14285714285714,189.5,180.85714285714286,17.285714285714278,2,0.11103100216294161
2026-04-02,SKU-1010,Snacks,216.0,0,0.0,3,False,254.0,244.0,203.57142857142858,191.42857142857142,179.28571428571428,24.285714285714306,3,0.0
2026-04-03,SKU-1010,Snacks,202.0,0,0.0,3,False,216.0,171.0,199.57142857142858,194.78571428571428,190.0,9.571428571428584,4,0.0
2026-04-04,SKU-1010,Snacks,174.0,0,0.0,3,False,202.0,172.0,204.0,199.07142857142858,194.14285714285714,9.857142857142861,5,0.0
2026-04-05,SKU-1010,Snacks,183.0,0,0.0,3,False,174.0,175.0,204.28571428571428,197.5,190.71428571428572,13.571428571428555,6,0.0
2026-04-06,SKU-1010,Snacks,146.0,833,687.0,3,False,183.0,191.0,205.42857142857142,200.42857142857142,195.42857142857142,10.0,0,3.3442280945758
2026-04-07,SKU-1010,Snacks,209.0,0,478.0,3,False,146.0,218.0,199.0,196.78571428571428,194.57142857142858,4.428571428571416,1,2.4020100502512562
2026-04-08,SKU-1010,Snacks,153.0,758,1083.0,3,False,209.0,254.0,197.71428571428572,197.92857142857142,198.14285714285714,-0.4285714285714164,2,5.477601156069364
2026-04-09,SKU-1010,Snacks,197.0,0,886.0,3,False,153.0,216.0,183.28571428571428,193.42857142857142,203.57142857142858,-20.285714285714306,3,4.833982852689011
2026-04-10,SKU-1010,Snacks,198.0,0,688.0,3,False,197.0,202.0,180.57142857142858,190.07142857142858,199.57142857142858,-19.0,4,3.810126582278481
2026-04-11,SKU-1010,Snacks,137.0,0,551.0,3,False,198.0,174.0,180.0,192.0,204.0,-24.0,5,3.061111111111111
2026-04-12,SKU-1010,Snacks,182.0,0,369.0,3,False,137.0,183.0,174.71428571428572,189.5,204.28571428571428,-29.571428571428555,6,2.112019623875715
2026-04-13,SKU-1010,Snacks,184.0,929,1114.0,3,False,182.0,146.0,174.57142857142858,190.0,205.42857142857142,-30.857142857142833,0,6.381342062193125
2026-04-14,SKU-1010,Snacks,223.0,0,891.0,3,False,184.0,209.0,180.0,189.5,199.0,-19.0,1,4.95
2026-04-15,SKU-1010,Snacks,264.0,0,627.0,3,False,223.0,153.0,182.0,189.85714285714286,197.71428571428572,-15.714285714285722,2,3.4450549450549453
2026-04-16,SKU-1010,Snacks,169.0,0,458.0,3,False,264.0,197.0,197.85714285714286,190.57142857142858,183.28571428571428,14.571428571428584,3,2.3148014440433213
2026-04-17,SKU-1010,Snacks,167.0,0,291.0,3,False,169.0,198.0,193.85714285714286,187.21428571428572,180.57142857142858,13.285714285714278,4,1.5011053795136329
2026-04-18,SKU-1010,Snacks,182.0,0,109.0,3,False,167.0,137.0,189.42857142857142,184.71428571428572,180.0,9.428571428571416,5,0.5754147812971343
2026-04-19,SKU-1010,Snacks,171.0,790,728.0,3,False,182.0,182.0,195.85714285714286,185.28571428571428,174.71428571428572,21.14285714285714,6,3.7169948942377826
2026-04-20,SKU-1010,Snacks,184.0,0,544.0,3,False,171.0,184.0,194.28571428571428,184.42857142857142,174.57142857142858,19.714285714285694,0,2.8000000000000003
2026-04-21,SKU-1010,Snacks,236.0,892,1200.0,3,False,184.0,223.0,194.28571428571428,187.14285714285714,180.0,14.285714285714278,1,6.176470588235294
2026-04-22,SKU-1010,Snacks,197.0,0,1003.0,3,False,236.0,264.0,196.14285714285714,189.07142857142858,182.0,14.142857142857139,2,5.113619810633649
2026-04-23,SKU-1010,Snacks,172.0,0,831.0,3,False,197.0,169.0,186.57142857142858,192.21428571428572,197.85714285714286,-11.285714285714278,3,4.454058192955589
2026-04-24,SKU-1010,Snacks,163.0,0,668.0,3,False,172.0,167.0,187.0,190.42857142857142,193.85714285714286,-6.857142857142861,4,3.572192513368984
2026-04-25,SKU-1010,Snacks,160.0,0,508.0,3,False,163.0,182.0,186.42857142857142,187.92857142857142,189.42857142857142,-3.0,5,2.724904214559387
2026-04-26,SKU-1010,Snacks,181.0,0,327.0,3,False,160.0,171.0,183.28571428571428,189.57142857142858,195.85714285714286,-12.571428571428584,6,1.784099766173032
2026-04-27,SKU-1010,Snacks,238.0,778,867.0,3,False,181.0,184.0,184.71428571428572,189.5,194.28571428571428,-9.571428571428555,0,4.693735498839907
2026-04-28,SKU-1010,Snacks,207.0,0,660.0,3,False,238.0,236.0,192.42857142857142,193.35714285714286,194.28571428571428,-1.8571428571428612,1,3.429844097995546
2026-04-29,SKU-1010,Snacks,232.0,0,428.0,3,False,207.0,197.0,188.28571428571428,192.21428571428572,196.14285714285714,-7.857142857142861,2,2.2731411229135055
2026-04-30,SKU-1010,Snacks,223.0,0,205.0,3,False,232.0,172.0,193.28571428571428,189.92857142857142,186.57142857142858,6.714285714285694,3,1.0606060606060606
2026-05-01,SKU-1010,Snacks,241.0,0,0.0,3,False,223.0,163.0,200.57142857142858,193.78571428571428,187.0,13.571428571428584,4,0.0
2026-05-02,SKU-1010,Snacks,157.0,0,0.0,3,False,241.0,160.0,211.71428571428572,199.07142857142858,186.42857142857142,25.285714285714306,5,0.0
2026-05-03,SKU-1010,Snacks,114.0,0,0.0,3,False,157.0,181.0,211.28571428571428,197.28571428571428,183.28571428571428,28.0,6,0.0
2026-05-04,SKU-1010,Snacks,208.0,0,0.0,3,False,114.0,238.0,201.71428571428572,193.21428571428572,184.71428571428572,17.0,0,0.0
2026-05-05,SKU-1010,Snacks,182.0,756,574.0,3,False,208.0,207.0,197.42857142857142,194.92857142857142,192.42857142857142,5.0,1,2.9073806078147615
2026-05-06,SKU-1010,Snacks,254.0,0,320.0,3,False,182.0,232.0,193.85714285714286,191.07142857142858,188.28571428571428,5.571428571428584,2,1.6507000736919675
2026-05-07,SKU-1010,Snacks,207.0,903,1016.0,3,False,254.0,223.0,197.0,195.14285714285714,193.28571428571428,3.7142857142857224,3,5.157360406091371
2026-05-08,SKU-1010,Snacks,209.0,0,807.0,3,False,207.0,241.0,194.71428571428572,197.64285714285714,200.57142857142858,-5.857142857142861,4,4.144534115920763
2026-05-09,SKU-1010,Snacks,165.0,0,642.0,3,False,209.0,157.0,190.14285714285714,200.92857142857142,211.71428571428572,-21.571428571428584,5,3.3764087152516904
2026-05-10,SKU-1010,Snacks,157.0,0,485.0,3,False,165.0,114.0,191.28571428571428,201.28571428571428,211.28571428571428,-20.0,6,2.535474234503361
2026-05-11,SKU-1010,Snacks,199.0,881,1167.0,3,False,157.0,208.0,197.42857142857142,199.57142857142858,201.71428571428572,-4.285714285714306,0,5.910998552821997
2026-05-12,SKU-1010,Snacks,179.0,0,988.0,3,False,199.0,182.0,196.14285714285714,196.78571428571428,197.42857142857142,-1.2857142857142776,1,5.03714493809177
2026-05-13,SKU-1010,Snacks,192.0,0,796.0,3,False,179.0,254.0,195.71428571428572,194.78571428571428,193.85714285714286,1.8571428571428612,2,4.067153284671533
2026-05-14,SKU-1010,Snacks,187.0,0,609.0,3,False,192.0,207.0,186.85714285714286,191.92857142857142,197.0,-10.142857142857139,3,3.2591743119266052
2026-05-15,SKU-1010,Snacks,144.0,0,465.0,3,False,187.0,209.0,184.0,189.35714285714286,194.71428571428572,-10.714285714285722,4,2.527173913043478
2026-05-16,SKU-1010,Snacks,122.0,0,343.0,3,False,144.0,165.0,174.71428571428572,182.42857142857142,190.14285714285714,-15.428571428571416,5,1.9632052330335241
2026-05-17,SKU-1010,Snacks,139.0,631,835.0,3,False,122.0,157.0,168.57142857142858,179.92857142857142,191.28571428571428,-22.714285714285694,6,4.953389830508474
2026-05-18,SKU-1010,Snacks,213.0,0,622.0,3,False,139.0,199.0,166.0,181.71428571428572,197.42857142857142,-31.428571428571416,0,3.746987951807229
2026-05-19,SKU-1010,Snacks,191.0,0,431.0,3,False,213.0,179.0,168.0,182.07142857142858,196.14285714285714,-28.14285714285714,1,2.5654761904761907
2026-05-20,SKU-1010,Snacks,191.0,0,240.0,3,False,191.0,192.0,169.71428571428572,182.71428571428572,195.71428571428572,-26.0,2,1.4141414141414141
2026-05-21,SKU-1010,Snacks,235.0,0,5.0,3,False,191.0,187.0,169.57142857142858,178.21428571428572,186.85714285714286,-17.285714285714278,3,0.02948609941027801
2026-05-22,SKU-1010,Snacks,153.0,0,0.0,3,False,235.0,144.0,176.42857142857142,180.21428571428572,184.0,-7.571428571428584,4,0.0
2026-05-23,SKU-1010,Snacks,173.0,0,0.0,3,False,153.0,122.0,177.71428571428572,176.21428571428572,174.71428571428572,3.0,5,0.0
2026-05-24,SKU-1010,Snacks,132.0,773,641.0,3,False,173.0,139.0,185.0,176.78571428571428,168.57142857142858,16.428571428571416,6,3.464864864864865
2026-05-25,SKU-1010,Snacks,205.0,0,436.0,3,False,132.0,213.0,184.0,175.0,166.0,18.0,0,2.369565217391304
2026-05-26,SKU-1010,Snacks,204.0,0,232.0,3,False,205.0,191.0,182.85714285714286,175.42857142857142,168.0,14.857142857142861,1,1.26875
2026-05-27,SKU-1010,Snacks,171.0,0,61.0,3,False,204.0,191.0,184.71428571428572,177.21428571428572,169.71428571428572,15.0,2,0.3302397525135344
2026-05-28,SKU-1010,Snacks,229.0,0,0.0,3,False,171.0,235.0,181.85714285714286,175.71428571428572,169.57142857142858,12.285714285714278,3,0.0
2026-05-29,SKU-1010,Snacks,171.0,0,0.0,3,False,229.0,153.0,181.0,178.71428571428572,176.42857142857142,4.571428571428584,4,0.0
2026-05-30,SKU-1010,Snacks,181.0,0,0.0,3,False,171.0,173.0,183.57142857142858,180.64285714285714,177.71428571428572,5.857142857142861,5,0.0
2026-05-31,SKU-1010,Snacks,175.0,747,572.0,3,False,181.0,132.0,184.71428571428572,184.85714285714286,185.0,-0.2857142857142776,6,3.096674400618716
2026-06-01,SKU-1010,Snacks,185.0,0,387.0,3,False,175.0,205.0,190.85714285714286,187.42857142857142,184.0,6.857142857142861,0,2.0276946107784433
2026-06-02,SKU-1010,Snacks,227.0,664,824.0,3,False,185.0,204.0,188.0,185.42857142857142,182.85714285714286,5.142857142857139,1,4.382978723404255
2026-06-03,SKU-1010,Snacks,184.0,0,640.0,3,False,227.0,171.0,191.28571428571428,188.0,184.71428571428572,6.571428571428555,2,3.345780433159074
2026-06-04,SKU-1010,Snacks,153.0,0,487.0,3,False,184.0,229.0,193.14285714285714,187.5,181.85714285714286,11.285714285714278,3,2.521449704142012
2026-06-05,SKU-1010,Snacks,154.0,659,992.0,3,False,153.0,171.0,182.28571428571428,181.64285714285714,181.0,1.2857142857142776,4,5.4420062695924765
2026-06-06,SKU-1010,Snacks,182.0,0,810.0,3,False,154.0,181.0,179.85714285714286,181.71428571428572,183.57142857142858,-3.7142857142857224,5,4.503574265289912
2026-06-07,SKU-1010,Snacks,172.0,0,638.0,3,False,182.0,175.0,180.0,182.35714285714286,184.71428571428572,-4.714285714285722,6,3.5444444444444443
2026-06-08,SKU-1010,Snacks,188.0,0,450.0,3,False,172.0,185.0,179.57142857142858,185.21428571428572,190.85714285714286,-11.285714285714278,0,2.5059665871121717
2026-06-09,SKU-1010,Snacks,145.0,0,305.0,3,False,188.0,227.0,180.0,184.0,188.0,-8.0,1,1.6944444444444444
2026-06-10,SKU-1010,Snacks,273.0,694,726.0,3,False,145.0,184.0,168.28571428571428,179.78571428571428,191.28571428571428,-23.0,2,4.314091680814941
2026-06-11,SKU-1010,Snacks,216.0,0,510.0,3,False,273.0,153.0,181.0,187.07142857142858,193.14285714285714,-12.142857142857139,3,2.81767955801105
2026-06-12,SKU-1010,Snacks,195.0,0,315.0,3,False,216.0,154.0,190.0,186.14285714285714,182.28571428571428,7.714285714285722,4,1.6578947368421053
2026-06-13,SKU-1010,Snacks,171.0,0,144.0,3,False,195.0,182.0,195.85714285714286,187.85714285714286,179.85714285714286,16.0,5,0.7352297592997812
2026-06-14,SKU-1010,Snacks,177.0,0,0.0,3,False,171.0,172.0,194.28571428571428,187.14285714285714,180.0,14.285714285714278,6,0.0
2026-06-15,SKU-1010,Snacks,172.0,0,0.0,3,False,177.0,188.0,195.0,187.28571428571428,179.57142857142858,15.428571428571416,0,0.0
2026-06-16,SKU-1010,Snacks,171.0,0,0.0,3,False,172.0,145.0,192.71428571428572,186.35714285714286,180.0,12.714285714285722,1,0.0
2026-06-17,SKU-1010,Snacks,207.0,848,641.0,3,False,171.0,273.0,196.42857142857142,182.35714285714286,168.28571428571428,28.14285714285714,2,3.2632727272727275
2026-06-18,SKU-1010,Snacks,222.0,0,419.0,3,False,207.0,216.0,187.0,184.0,181.0,6.0,3,2.2406417112299466
2026-06-19,SKU-1010,Snacks,172.0,0,247.0,3,False,222.0,195.0,187.85714285714286,188.92857142857142,190.0,-2.142857142857139,4,1.314828897338403
2026-06-20,SKU-1010,Snacks,33.0,0,214.0,3,False,172.0,171.0,184.57142857142858,190.21428571428572,195.85714285714286,-11.285714285714278,5,1.1594427244582042
2026-06-21,SKU-1010,Snacks,164.0,0,50.0,3,False,33.0,177.0,164.85714285714286,179.57142857142858,194.28571428571428,-29.428571428571416,6,0.30329289428076256
2026-06-22,SKU-1010,Snacks,259.0,0,0.0,3,False,164.0,172.0,163.0,179.0,195.0,-32.0,0,0.0
2026-06-23,SKU-1010,Snacks,250.0,0,0.0,3,False,259.0,171.0,175.42857142857142,184.07142857142858,192.71428571428572,-17.285714285714306,1,0.0
2026-06-24,SKU-1010,Snacks,226.0,0,0.0,3,False,250.0,207.0,186.71428571428572,191.57142857142858,196.42857142857142,-9.714285714285694,2,0.0
2026-06-25,SKU-1010,Snacks,107.0,832,725.0,3,False,226.0,222.0,189.42857142857142,188.21428571428572,187.0,2.4285714285714164,3,3.8273001508295628
2026-06-26,SKU-1010,Snacks,178.0,0,547.0,3,False,107.0,172.0,173.0,180.42857142857142,187.85714285714286,-14.857142857142861,4,3.161849710982659
2026-06-27,SKU-1010,Snacks,130.0,0,417.0,3,False,178.0,33.0,173.85714285714286,179.21428571428572,184.57142857142858,-10.714285714285722,5,2.398520953163517
2026-06-28,SKU-1010,Snacks,137.0,0,280.0,3,False,130.0,164.0,187.71428571428572,176.28571428571428,164.85714285714286,22.85714285714286,6,1.491628614916286
2026-06-29,SKU-1010,Snacks,168.0,0,112.0,3,False,137.0,259.0,183.85714285714286,173.42857142857142,163.0,20.85714285714286,0,0.6091686091686092
2026-01-01,SKU-1011,Sugar,168.0,3250,4953.0,14,False,,,,,,,3,
2026-01-02,SKU-1011,Sugar,227.0,0,4726.0,14,False,168.0,,,,,,4,
2026-01-03,SKU-1011,Sugar,149.0,0,4577.0,14,False,227.0,,,,,,5,
2026-01-04,SKU-1011,Sugar,135.0,0,4442.0,14,False,149.0,,,,,,6,
2026-01-05,SKU-1011,Sugar,236.0,0,4206.0,14,False,135.0,,,,,,0,
2026-01-06,SKU-1011,Sugar,235.0,0,3971.0,14,False,236.0,,,,,,1,
2026-01-07,SKU-1011,Sugar,276.0,0,3695.0,14,False,235.0,,,,,,2,
2026-01-08,SKU-1011,Sugar,277.0,0,3418.0,14,False,276.0,168.0,203.71428571428572,,,,3,16.778401122019634
2026-01-09,SKU-1011,Sugar,227.0,0,3191.0,14,False,277.0,227.0,219.28571428571428,,,,4,14.551791530944627
2026-01-10,SKU-1011,Sugar,158.0,0,3033.0,14,False,227.0,149.0,219.28571428571428,,,,5,13.83127035830619
2026-01-11,SKU-1011,Sugar,158.0,0,2870.0,14,False,158.0,135.0,220.57142857142858,,,,6,13.011658031088082
2026-01-12,SKU-1011,Sugar,182.0,0,2688.0,14,False,158.0,236.0,223.85714285714286,,,,0,12.00765794511806
2026-01-13,SKU-1011,Sugar,221.0,0,2467.0,14,False,182.0,235.0,216.14285714285714,,,,1,11.413747521480502
2026-01-14,SKU-1011,Sugar,236.0,0,2231.0,14,False,221.0,276.0,214.14285714285714,,,,2,10.41827885256838
2026-01-15,SKU-1011,Sugar,183.0,0,2048.0,14,False,236.0,277.0,208.42857142857142,206.07142857142858,203.71428571428572,4.714285714285694,3,9.825908156271419
2026-01-16,SKU-1011,Sugar,131.0,3062,4979.0,14,False,183.0,227.0,195.0,207.14285714285714,219.28571428571428,-24.285714285714278,4,25.533333333333335
2026-01-17,SKU-1011,Sugar,199.0,0,4780.0,14,False,131.0,158.0,181.28571428571428,200.28571428571428,219.28571428571428,-38.0,5,26.3672182821119
2026-01-18,SKU-1011,Sugar,235.0,0,4545.0,14,False,199.0,158.0,187.14285714285714,203.85714285714286,220.57142857142858,-33.428571428571445,6,24.286259541984734
2026-01-19,SKU-1011,Sugar,258.0,0,4287.0,14,False,235.0,182.0,198.14285714285714,211.0,223.85714285714286,-25.714285714285722,0,21.635904830569576
2026-01-20,SKU-1011,Sugar,269.0,0,4018.0,14,False,258.0,221.0,209.0,212.57142857142858,216.14285714285714,-7.142857142857139,1,19.22488038277512
2026-01-21,SKU-1011,Sugar,176.0,0,3842.0,14,False,269.0,236.0,215.85714285714286,215.0,214.14285714285714,1.7142857142857224,2,17.798808735936465
2026-01-22,SKU-1011,Sugar,220.0,0,3622.0,14,False,176.0,183.0,207.28571428571428,207.85714285714286,208.42857142857142,-1.1428571428571388,3,17.47346657477602
2026-01-23,SKU-1011,Sugar,147.0,0,3475.0,14,False,220.0,131.0,212.57142857142858,203.78571428571428,195.0,17.571428571428584,4,16.34744623655914
2026-01-24,SKU-1011,Sugar,147.0,0,3319.0,14,False,147.0,199.0,214.85714285714286,198.07142857142858,181.28571428571428,33.571428571428584,5,15.44747340425532
2026-01-25,SKU-1011,Sugar,141.0,0,3178.0,14,False,147.0,235.0,207.42857142857142,197.28571428571428,187.14285714285714,20.285714285714278,6,15.320936639118457
2026-01-26,SKU-1011,Sugar,188.0,0,2990.0,14,False,141.0,258.0,194.0,196.07142857142858,198.14285714285714,-4.142857142857139,0,15.412371134020619
2026-01-27,SKU-1011,Sugar,190.0,0,2800.0,14,False,188.0,269.0,184.0,196.5,209.0,-25.0,1,15.217391304347826
2026-01-28,SKU-1011,Sugar,239.0,0,2561.0,14,False,190.0,176.0,172.71428571428572,194.28571428571428,215.85714285714286,-43.14285714285714,2,14.827956989247312
2026-01-29,SKU-1011,Sugar,202.0,0,2359.0,14,False,239.0,220.0,181.71428571428572,194.5,207.28571428571428,-25.571428571428555,3,12.98191823899371
2026-01-30,SKU-1011,Sugar,144.0,0,2215.0,14,False,202.0,147.0,179.14285714285714,195.85714285714286,212.57142857142858,-33.428571428571445,4,12.364433811802233
2026-01-31,SKU-1011,Sugar,141.0,0,2074.0,14,False,144.0,147.0,178.71428571428572,196.78571428571428,214.85714285714286,-36.14285714285714,5,11.60511590727418
2026-02-01,SKU-1011,Sugar,130.0,0,1944.0,14,False,141.0,141.0,177.85714285714286,192.64285714285714,207.42857142857142,-29.571428571428555,6,10.93012048192771
2026-02-02,SKU-1011,Sugar,226.0,0,1718.0,14,False,130.0,188.0,176.28571428571428,185.14285714285714,194.0,-17.714285714285722,0,9.745542949756889
2026-02-03,SKU-1011,Sugar,203.0,0,1515.0,14,False,226.0,190.0,181.71428571428572,182.85714285714286,184.0,-2.2857142857142776,1,8.337264150943396
2026-02-04,SKU-1011,Sugar,246.0,0,1269.0,14,False,203.0,239.0,183.57142857142858,178.14285714285714,172.71428571428572,10.857142857142861,2,6.9128404669260695
2026-02-05,SKU-1011,Sugar,90.0,3304,4483.0,14,False,246.0,202.0,184.57142857142858,183.14285714285714,181.71428571428572,2.857142857142861,3,24.288699690402474
2026-02-06,SKU-1011,Sugar,280.0,0,4203.0,14,False,90.0,144.0,168.57142857142858,173.85714285714286,179.14285714285714,-10.571428571428555,4,24.933050847457626
2026-02-07,SKU-1011,Sugar,173.0,0,4030.0,14,False,280.0,141.0,188.0,183.35714285714286,178.71428571428572,9.285714285714278,5,21.43617021276596
2026-02-08,SKU-1011,Sugar,178.0,0,3852.0,14,False,173.0,130.0,192.57142857142858,185.21428571428572,177.85714285714286,14.714285714285722,6,20.002967359050444
2026-02-09,SKU-1011,Sugar,193.0,0,3659.0,14,False,178.0,226.0,199.42857142857142,187.85714285714286,176.28571428571428,23.14285714285714,0,18.347421203438397
2026-02-10,SKU-1011,Sugar,245.0,0,3414.0,14,False,193.0,203.0,194.71428571428572,188.21428571428572,181.71428571428572,13.0,1,17.533382245047687
2026-02-11,SKU-1011,Sugar,286.0,0,3128.0,14,False,245.0,246.0,200.71428571428572,192.14285714285714,183.57142857142858,17.14285714285714,2,15.584341637010676
2026-02-12,SKU-1011,Sugar,241.0,0,2887.0,14,False,286.0,90.0,206.42857142857142,195.5,184.57142857142858,21.857142857142833,3,13.985467128027683
2026-02-13,SKU-1011,Sugar,222.0,0,2665.0,14,False,241.0,280.0,228.0,198.28571428571428,168.57142857142858,59.428571428571416,4,11.68859649122807
2026-02-14,SKU-1011,Sugar,175.0,0,2490.0,14,False,222.0,173.0,219.71428571428572,203.85714285714286,188.0,31.714285714285722,5,11.332899869960988
2026-02-15,SKU-1011,Sugar,101.0,0,2490.0,14,False,175.0,178.0,220.0,206.28571428571428,192.57142857142858,27.428571428571416,6,11.318181818181818
2026-02-16,SKU-1011,Sugar,278.0,0,2111.0,14,False,101.0,193.0,209.0,204.21428571428572,199.42857142857142,9.571428571428584,0,10.10047846889952
2026-02-17,SKU-1011,Sugar,220.0,0,1891.0,14,False,278.0,245.0,221.14285714285714,207.92857142857142,194.71428571428572,26.428571428571416,1,8.551033591731267
2026-02-18,SKU-1011,Sugar,204.0,3065,4752.0,14,False,220.0,286.0,217.57142857142858,209.14285714285714,200.71428571428572,16.85714285714286,2,21.841103086014446
2026-02-19,SKU-1011,Sugar,186.0,0,4566.0,14,False,204.0,241.0,205.85714285714286,206.14285714285714,206.42857142857142,-0.5714285714285552,3,22.180430256766133
2026-02-20,SKU-1011,Sugar,117.0,0,4449.0,14,False,186.0,222.0,198.0,213.0,228.0,-30.0,4,22.46969696969697
2026-02-21,SKU-1011,Sugar,183.0,0,4266.0,14,False,117.0,175.0,183.0,201.35714285714286,219.71428571428572,-36.71428571428572,5,23.311475409836067
2026-02-22,SKU-1011,Sugar,134.0,0,4132.0,14,False,183.0,101.0,184.14285714285714,202.07142857142858,220.0,-35.85714285714286,6,22.439100077579518
2026-02-23,SKU-1011,Sugar,213.0,0,3919.0,14,False,134.0,278.0,188.85714285714286,198.92857142857142,209.0,-20.14285714285714,0,20.751134644478064
2026-02-24,SKU-1011,Sugar,280.0,0,3639.0,14,False,213.0,220.0,179.57142857142858,200.35714285714286,221.14285714285714,-41.571428571428555,1,20.264916467780427
2026-02-25,SKU-1011,Sugar,128.0,0,3511.0,14,False,280.0,204.0,188.14285714285714,202.85714285714286,217.57142857142858,-29.428571428571445,2,18.661351556567958
2026-02-26,SKU-1011,Sugar,206.0,0,3305.0,14,False,128.0,186.0,177.28571428571428,191.57142857142858,205.85714285714286,-28.571428571428584,3,18.64222401289283
2026-02-27,SKU-1011,Sugar,190.0,0,3115.0,14,False,206.0,117.0,180.14285714285714,189.07142857142858,198.0,-17.85714285714286,4,17.291831879460744
2026-02-28,SKU-1011,Sugar,133.0,0,2982.0,14,False,190.0,183.0,190.57142857142858,186.78571428571428,183.0,7.571428571428584,5,15.647676161919039
2026-03-01,SKU-1011,Sugar,103.0,0,2879.0,14,False,133.0,134.0,183.42857142857142,183.78571428571428,184.14285714285714,-0.7142857142857224,6,15.695482866043614
2026-03-02,SKU-1011,Sugar,186.0,0,2693.0,14,False,103.0,213.0,179.0,183.92857142857142,188.85714285714286,-9.857142857142861,0,15.044692737430168
2026-03-03,SKU-1011,Sugar,189.0,0,2504.0,14,False,186.0,280.0,175.14285714285714,177.35714285714286,179.57142857142858,-4.428571428571445,1,14.296900489396412
2026-03-04,SKU-1011,Sugar,90.0,0,2414.0,14,False,189.0,128.0,162.14285714285714,175.14285714285714,188.14285714285714,-26.0,2,14.888105726872247
2026-03-05,SKU-1011,Sugar,163.0,0,2251.0,14,False,90.0,206.0,156.71428571428572,167.0,177.28571428571428,-20.571428571428555,3,14.363719234275296
2026-03-06,SKU-1011,Sugar,146.0,0,2105.0,14,False,163.0,190.0,150.57142857142858,165.35714285714286,180.14285714285714,-29.571428571428555,4,13.980075901328272
2026-03-07,SKU-1011,Sugar,161.0,3832,5776.0,14,False,146.0,133.0,144.28571428571428,167.42857142857142,190.57142857142858,-46.285714285714306,5,40.03168316831683
2026-03-08,SKU-1011,Sugar,109.0,0,5667.0,14,False,161.0,103.0,148.28571428571428,165.85714285714286,183.42857142857142,-35.14285714285714,6,38.21676300578035
2026-03-09,SKU-1011,Sugar,185.0,0,5482.0,14,False,109.0,186.0,149.14285714285714,164.07142857142858,179.0,-29.85714285714286,0,36.75670498084291
2026-03-10,SKU-1011,Sugar,271.0,0,5211.0,14,False,185.0,189.0,149.0,162.07142857142858,175.14285714285714,-26.14285714285714,1,34.97315436241611
2026-03-11,SKU-1011,Sugar,187.0,0,5024.0,14,False,271.0,90.0,160.71428571428572,161.42857142857142,162.14285714285714,-1.4285714285714164,2,31.260444444444442
2026-03-12,SKU-1011,Sugar,216.0,0,4808.0,14,False,187.0,163.0,174.57142857142858,165.64285714285714,156.71428571428572,17.85714285714286,3,27.541734860883796
2026-03-13,SKU-1011,Sugar,162.0,0,4646.0,14,False,216.0,146.0,182.14285714285714,166.35714285714286,150.57142857142858,31.571428571428555,4,25.507450980392157
2026-03-14,SKU-1011,Sugar,176.0,0,4470.0,14,False,162.0,161.0,184.42857142857142,164.35714285714286,144.28571428571428,40.14285714285714,5,24.23702556158017
2026-03-15,SKU-1011,Sugar,91.0,0,4379.0,14,False,176.0,109.0,186.57142857142858,167.42857142857142,148.28571428571428,38.285714285714306,6,23.470903522205205
2026-03-16,SKU-1011,Sugar,122.0,0,4257.0,14,False,91.0,185.0,184.0,166.57142857142858,149.14285714285714,34.85714285714286,0,23.13586956521739
2026-03-17,SKU-1011,Sugar,121.0,0,4136.0,14,False,122.0,271.0,175.0,162.0,149.0,26.0,1,23.634285714285713
2026-03-18,SKU-1011,Sugar,319.0,0,3817.0,14,False,121.0,187.0,153.57142857142858,157.14285714285714,160.71428571428572,-7.142857142857139,2,24.854883720930232
2026-03-19,SKU-1011,Sugar,198.0,0,3619.0,14,False,319.0,216.0,172.42857142857142,173.5,174.57142857142858,-2.142857142857167,3,20.9884009942005
2026-03-20,SKU-1011,Sugar,141.0,0,3478.0,14,False,198.0,162.0,169.85714285714286,176.0,182.14285714285714,-12.285714285714278,4,20.476030277544155
2026-03-21,SKU-1011,Sugar,167.0,0,3311.0,14,False,141.0,176.0,166.85714285714286,175.64285714285714,184.42857142857142,-17.571428571428555,5,19.84332191780822
2026-03-22,SKU-1011,Sugar,146.0,0,3165.0,14,False,167.0,91.0,165.57142857142858,176.07142857142858,186.57142857142858,-21.0,6,19.11561691113028
2026-03-23,SKU-1011,Sugar,191.0,0,2974.0,14,False,146.0,122.0,173.42857142857142,178.71428571428572,184.0,-10.571428571428584,0,17.14827018121911
2026-03-24,SKU-1011,Sugar,208.0,0,2766.0,14,False,191.0,121.0,183.28571428571428,179.14285714285714,175.0,8.285714285714278,1,15.091192517537023
2026-03-25,SKU-1011,Sugar,310.0,0,2456.0,14,False,208.0,319.0,195.71428571428572,174.64285714285714,153.57142857142858,42.14285714285714,2,12.54890510948905
2026-03-26,SKU-1011,Sugar,258.0,0,2198.0,14,False,310.0,198.0,194.42857142857142,183.42857142857142,172.42857142857142,22.0,3,11.304922850844967
2026-03-27,SKU-1011,Sugar,197.0,0,2001.0,14,False,258.0,141.0,203.0,186.42857142857142,169.85714285714286,33.14285714285714,4,9.857142857142858
2026-03-28,SKU-1011,Sugar,213.0,0,1788.0,14,False,197.0,167.0,211.0,188.92857142857142,166.85714285714286,44.14285714285714,5,8.4739336492891
2026-03-29,SKU-1011,Sugar,132.0,0,1656.0,14,False,213.0,146.0,217.57142857142858,191.57142857142858,165.57142857142858,52.0,6,7.6112934996717
2026-03-30,SKU-1011,Sugar,145.0,3685,5196.0,14,False,132.0,191.0,215.57142857142858,194.5,173.42857142857142,42.14285714285717,0,24.103379721669977
2026-03-31,SKU-1011,Sugar,228.0,0,4968.0,14,False,145.0,208.0,209.0,196.14285714285714,183.28571428571428,25.714285714285722,1,23.770334928229666
2026-04-01,SKU-1011,Sugar,218.0,0,4750.0,14,False,228.0,310.0,211.85714285714286,203.78571428571428,195.71428571428572,16.14285714285714,2,22.420768712070128
2026-04-02,SKU-1011,Sugar,173.0,0,4577.0,14,False,218.0,258.0,198.71428571428572,196.57142857142858,194.42857142857142,4.285714285714306,3,23.03306973400431
2026-04-03,SKU-1011,Sugar,165.0,0,4412.0,14,False,173.0,197.0,186.57142857142858,194.78571428571428,203.0,-16.428571428571416,4,23.647779479326186
2026-04-04,SKU-1011,Sugar,118.0,0,4294.0,14,False,165.0,213.0,182.0,196.5,211.0,-29.0,5,23.593406593406595
2026-04-05,SKU-1011,Sugar,169.0,0,4125.0,14,False,118.0,132.0,168.42857142857142,193.0,217.57142857142858,-49.14285714285717,6,24.4910941475827
2026-04-06,SKU-1011,Sugar,228.0,0,3897.0,14,False,169.0,145.0,173.71428571428572,194.64285714285714,215.57142857142858,-41.85714285714286,0,22.433388157894736
2026-04-07,SKU-1011,Sugar,242.0,0,3655.0,14,False,228.0,228.0,185.57142857142858,197.28571428571428,209.0,-23.428571428571416,1,19.695919938414164
2026-04-08,SKU-1011,Sugar,247.0,0,3408.0,14,False,242.0,218.0,187.57142857142858,199.71428571428572,211.85714285714286,-24.285714285714278,2,18.16907844630617
2026-04-09,SKU-1011,Sugar,220.0,0,3188.0,14,False,247.0,173.0,191.71428571428572,195.21428571428572,198.71428571428572,-7.0,3,16.628912071535023
2026-04-10,SKU-1011,Sugar,218.0,0,2970.0,14,False,220.0,165.0,198.42857142857142,192.5,186.57142857142858,11.857142857142833,4,14.967602591792657
2026-04-11,SKU-1011,Sugar,159.0,0,2811.0,14,False,218.0,118.0,206.0,194.0,182.0,24.0,5,13.645631067961165
2026-04-12,SKU-1011,Sugar,151.0,0,2660.0,14,False,159.0,169.0,211.85714285714286,190.14285714285714,168.42857142857142,43.428571428571445,6,12.555630478759271
2026-04-13,SKU-1011,Sugar,233.0,0,2427.0,14,False,151.0,228.0,209.28571428571428,191.5,173.71428571428572,35.571428571428555,0,11.596587030716725
2026-04-14,SKU-1011,Sugar,120.0,0,2307.0,14,False,233.0,242.0,210.0,197.78571428571428,185.57142857142858,24.428571428571416,1,10.985714285714286
2026-04-15,SKU-1011,Sugar,120.0,0,2187.0,14,False,120.0,247.0,192.57142857142858,190.07142857142858,187.57142857142858,5.0,2,11.356824925816023
2026-04-16,SKU-1011,Sugar,171.0,0,2016.0,14,False,120.0,220.0,174.42857142857142,183.07142857142858,191.71428571428572,-17.285714285714306,3,11.55773955773956
2026-04-17,SKU-1011,Sugar,176.0,0,1840.0,14,False,171.0,218.0,167.42857142857142,182.92857142857142,198.42857142857142,-31.0,4,10.989761092150172
2026-04-18,SKU-1011,Sugar,110.0,3097,4827.0,14,False,176.0,159.0,161.42857142857142,183.71428571428572,206.0,-44.571428571428584,5,29.901769911504427
2026-04-19,SKU-1011,Sugar,181.0,0,4646.0,14,False,110.0,151.0,154.42857142857142,183.14285714285714,211.85714285714286,-57.428571428571445,6,30.085106382978726
2026-04-20,SKU-1011,Sugar,216.0,0,4430.0,14,False,181.0,233.0,158.71428571428572,184.0,209.28571428571428,-50.571428571428555,0,27.91179117911791
2026-04-21,SKU-1011,Sugar,177.0,0,4253.0,14,False,216.0,120.0,156.28571428571428,183.14285714285714,210.0,-53.71428571428572,1,27.212979890310788
2026-04-22,SKU-1011,Sugar,210.0,0,4043.0,14,False,177.0,120.0,164.42857142857142,178.5,192.57142857142858,-28.142857142857167,2,24.588184187662904
2026-04-23,SKU-1011,Sugar,239.0,0,3804.0,14,False,210.0,171.0,177.28571428571428,175.85714285714286,174.42857142857142,2.857142857142861,3,21.456889605157134
2026-04-24,SKU-1011,Sugar,177.0,0,3627.0,14,False,239.0,176.0,187.0,177.21428571428572,167.42857142857142,19.571428571428584,4,19.39572192513369
2026-04-25,SKU-1011,Sugar,115.0,0,3512.0,14,False,177.0,110.0,187.14285714285714,174.28571428571428,161.42857142857142,25.714285714285722,5,18.76641221374046
2026-04-26,SKU-1011,Sugar,173.0,0,3339.0,14,False,115.0,181.0,187.85714285714286,171.14285714285714,154.42857142857142,33.428571428571445,6,17.774144486692016
2026-04-27,SKU-1011,Sugar,127.0,0,3212.0,14,False,173.0,216.0,186.71428571428572,172.71428571428572,158.71428571428572,28.0,0,17.20275439938791
2026-04-28,SKU-1011,Sugar,737.0,0,2475.0,14,False,127.0,177.0,174.0,165.14285714285714,156.28571428571428,17.714285714285722,1,14.224137931034482
2026-04-29,SKU-1011,Sugar,225.0,0,2250.0,14,False,737.0,210.0,254.0,209.21428571428572,164.42857142857142,89.57142857142858,2,8.858267716535433
2026-04-30,SKU-1011,Sugar,166.0,0,2084.0,14,False,225.0,239.0,256.14285714285717,216.71428571428572,177.28571428571428,78.85714285714289,3,8.136084774121583
2026-05-01,SKU-1011,Sugar,189.0,0,1895.0,14,False,166.0,177.0,245.71428571428572,216.35714285714286,187.0,58.71428571428572,4,7.712209302325581
2026-05-02,SKU-1011,Sugar,189.0,3707,5487.0,14,False,189.0,115.0,247.42857142857142,217.28571428571428,187.14285714285714,60.28571428571428,5,22.176096997690532
2026-05-03,SKU-1011,Sugar,121.0,0,5366.0,14,False,189.0,173.0,258.0,222.92857142857142,187.85714285714286,70.14285714285714,6,20.7984496124031
2026-05-04,SKU-1011,Sugar,211.0,0,5155.0,14,False,121.0,127.0,250.57142857142858,218.64285714285714,186.71428571428572,63.85714285714286,0,20.57297605473204
2026-05-05,SKU-1011,Sugar,234.0,0,4921.0,14,False,211.0,737.0,262.57142857142856,218.28571428571428,174.0,88.57142857142856,1,18.741566920565834
2026-05-06,SKU-1011,Sugar,229.0,0,4692.0,14,False,234.0,225.0,190.71428571428572,222.35714285714286,254.0,-63.28571428571428,2,24.602247191011234
2026-05-07,SKU-1011,Sugar,128.0,0,4564.0,14,False,229.0,166.0,191.28571428571428,223.71428571428572,256.14285714285717,-64.85714285714289,3,23.859596713965647
2026-05-08,SKU-1011,Sugar,201.0,0,4363.0,14,False,128.0,189.0,185.85714285714286,215.78571428571428,245.71428571428572,-59.85714285714286,4,23.4750192159877
2026-05-09,SKU-1011,Sugar,118.0,0,4245.0,14,False,201.0,189.0,187.57142857142858,217.5,247.42857142857142,-59.85714285714283,5,22.63137852246763
2026-05-10,SKU-1011,Sugar,162.0,0,4083.0,14,False,118.0,121.0,177.42857142857142,217.71428571428572,258.0,-80.57142857142858,6,23.01207729468599
2026-05-11,SKU-1011,Sugar,122.0,0,3961.0,14,False,162.0,211.0,183.28571428571428,216.92857142857142,250.57142857142858,-67.2857142857143,0,21.611067809820735
2026-05-12,SKU-1011,Sugar,159.0,0,3802.0,14,False,122.0,234.0,170.57142857142858,216.57142857142858,262.57142857142856,-91.99999999999997,1,22.28978224455611
2026-05-13,SKU-1011,Sugar,207.0,0,3595.0,14,False,159.0,229.0,159.85714285714286,175.28571428571428,190.71428571428572,-30.85714285714286,2,22.488829311885613
2026-05-14,SKU-1011,Sugar,213.0,0,3382.0,14,False,207.0,128.0,156.71428571428572,174.0,191.28571428571428,-34.571428571428555,3,21.580674567000912
2026-05-15,SKU-1011,Sugar,62.0,0,3320.0,14,False,213.0,201.0,168.85714285714286,177.35714285714286,185.85714285714286,-17.0,4,19.661590524534688
2026-05-16,SKU-1011,Sugar,163.0,0,3157.0,14,False,62.0,118.0,149.0,168.28571428571428,187.57142857142858,-38.571428571428584,5,21.187919463087248
2026-05-17,SKU-1011,Sugar,153.0,0,3004.0,14,False,163.0,162.0,155.42857142857142,166.42857142857142,177.42857142857142,-22.0,6,19.327205882352942
2026-05-18,SKU-1011,Sugar,110.0,0,2894.0,14,False,153.0,122.0,154.14285714285714,168.71428571428572,183.28571428571428,-29.14285714285714,0,18.774791473586657
2026-05-19,SKU-1011,Sugar,181.0,0,2713.0,14,False,110.0,159.0,152.42857142857142,161.5,170.57142857142858,-18.142857142857167,1,17.798500468603564
2026-05-20,SKU-1011,Sugar,229.0,0,2484.0,14,False,181.0,207.0,155.57142857142858,157.71428571428572,159.85714285714286,-4.285714285714278,2,15.96694214876033
2026-05-21,SKU-1011,Sugar,187.0,0,2297.0,14,False,229.0,213.0,158.71428571428572,157.71428571428572,156.71428571428572,2.0,3,14.472547254725471
2026-05-22,SKU-1011,Sugar,174.0,0,2297.0,14,False,187.0,62.0,155.0,161.92857142857142,168.85714285714286,-13.857142857142861,4,14.819354838709678
2026-05-23,SKU-1011,Sugar,66.0,0,2057.0,14,False,174.0,163.0,171.0,160.0,149.0,22.0,5,12.029239766081872
2026-05-24,SKU-1011,Sugar,133.0,0,1924.0,14,False,66.0,153.0,157.14285714285714,156.28571428571428,155.42857142857142,1.7142857142857224,6,12.243636363636364
2026-05-25,SKU-1011,Sugar,171.0,0,1753.0,14,False,133.0,110.0,154.28571428571428,154.21428571428572,154.14285714285714,0.1428571428571388,0,11.362037037037037
2026-05-26,SKU-1011,Sugar,198.0,0,1555.0,14,False,171.0,181.0,163.0,157.71428571428572,152.42857142857142,10.571428571428584,1,9.539877300613497
2026-05-27,SKU-1011,Sugar,157.0,0,1398.0,14,False,198.0,229.0,165.42857142857142,160.5,155.57142857142858,9.857142857142833,2,8.450777202072539
2026-05-28,SKU-1011,Sugar,312.0,0,1086.0,14,False,157.0,187.0,155.14285714285714,156.92857142857142,158.71428571428572,-3.5714285714285836,3,7.0
2026-05-29,SKU-1011,Sugar,146.0,0,940.0,14,False,312.0,174.0,173.0,164.0,155.0,18.0,4,5.433526011560693
2026-05-30,SKU-1011,Sugar,165.0,0,775.0,14,False,146.0,66.0,169.0,170.0,171.0,-2.0,5,4.585798816568047
2026-05-31,SKU-1011,Sugar,120.0,3912,4567.0,14,False,165.0,133.0,183.14285714285714,170.14285714285714,157.14285714285714,26.0,6,24.93681747269891
2026-06-01,SKU-1011,Sugar,223.0,0,4344.0,14,False,120.0,171.0,181.28571428571428,167.78571428571428,154.28571428571428,27.0,0,23.962174940898347
2026-06-02,SKU-1011,Sugar,257.0,0,4087.0,14,False,223.0,198.0,188.71428571428572,175.85714285714286,163.0,25.714285714285722,1,21.657077971233914
2026-06-03,SKU-1011,Sugar,211.0,0,3876.0,14,False,257.0,157.0,197.14285714285714,181.28571428571428,165.42857142857142,31.714285714285722,2,19.660869565217393
2026-06-04,SKU-1011,Sugar,271.0,0,3605.0,14,False,211.0,312.0,204.85714285714286,180.0,155.14285714285714,49.71428571428572,3,17.5976290097629
2026-06-05,SKU-1011,Sugar,348.0,0,3257.0,14,False,271.0,146.0,199.0,186.0,173.0,26.0,4,16.366834170854272
2026-06-06,SKU-1011,Sugar,95.0,0,3162.0,14,False,348.0,165.0,227.85714285714286,198.42857142857142,169.0,58.85714285714286,5,13.877115987460815
2026-06-07,SKU-1011,Sugar,158.0,0,3004.0,14,False,95.0,120.0,217.85714285714286,200.5,183.14285714285714,34.71428571428572,6,13.788852459016393
2026-06-08,SKU-1011,Sugar,156.0,0,2848.0,14,False,158.0,223.0,223.28571428571428,202.28571428571428,181.28571428571428,42.0,0,12.754958413307742
2026-06-09,SKU-1011,Sugar,49.0,0,2799.0,14,False,156.0,257.0,213.71428571428572,201.21428571428572,188.71428571428572,25.0,1,13.096925133689838
2026-06-10,SKU-1011,Sugar,136.0,0,2663.0,14,False,49.0,211.0,184.0,190.57142857142858,197.14285714285714,-13.142857142857139,2,14.472826086956522
2026-06-11,SKU-1011,Sugar,315.0,0,2348.0,14,False,136.0,271.0,173.28571428571428,189.07142857142858,204.85714285714286,-31.571428571428584,3,13.549876339653752
2026-06-12,SKU-1011,Sugar,141.0,0,2207.0,14,False,315.0,348.0,179.57142857142858,189.28571428571428,199.0,-19.428571428571416,4,12.290373906125696
2026-06-13,SKU-1011,Sugar,117.0,0,2090.0,14,False,141.0,95.0,150.0,188.92857142857142,227.85714285714286,-77.85714285714286,5,13.933333333333334
2026-06-14,SKU-1011,Sugar,186.0,0,1904.0,14,False,117.0,158.0,153.14285714285714,185.5,217.85714285714286,-64.71428571428572,6,12.432835820895523
2026-06-15,SKU-1011,Sugar,149.0,0,1755.0,14,False,186.0,156.0,157.14285714285714,190.21428571428572,223.28571428571428,-66.14285714285714,0,11.168181818181818
2026-06-16,SKU-1011,Sugar,162.0,0,1593.0,14,False,149.0,49.0,156.14285714285714,184.92857142857142,213.71428571428572,-57.571428571428584,1,10.202195791399816
2026-06-17,SKU-1011,Sugar,278.0,0,1315.0,14,False,162.0,136.0,172.28571428571428,178.14285714285714,184.0,-11.714285714285722,2,7.632669983416252
2026-06-18,SKU-1011,Sugar,164.0,0,1151.0,14,False,278.0,315.0,192.57142857142858,182.92857142857142,173.28571428571428,19.285714285714306,3,5.97700296735905
2026-06-19,SKU-1011,Sugar,127.0,0,1024.0,14,False,164.0,141.0,171.0,175.28571428571428,179.57142857142858,-8.571428571428584,4,5.988304093567251
2026-06-20,SKU-1011,Sugar,66.0,3930,4888.0,14,False,127.0,117.0,169.0,159.5,150.0,19.0,5,28.923076923076923
2026-06-21,SKU-1011,Sugar,148.0,0,4740.0,14,False,66.0,186.0,161.71428571428572,157.42857142857142,153.14285714285714,8.571428571428584,6,29.31095406360424
2026-06-22,SKU-1011,Sugar,220.0,0,4520.0,14,False,148.0,149.0,156.28571428571428,156.71428571428572,157.14285714285714,-0.8571428571428612,0,28.921389396709326
2026-06-23,SKU-1011,Sugar,242.0,0,4278.0,14,False,220.0,162.0,166.42857142857142,161.28571428571428,156.14285714285714,10.285714285714278,1,25.704721030042922
2026-06-24,SKU-1011,Sugar,201.0,0,4077.0,14,False,242.0,278.0,177.85714285714286,175.07142857142858,172.28571428571428,5.571428571428584,2,22.92289156626506
2026-06-25,SKU-1011,Sugar,164.0,0,3913.0,14,False,201.0,164.0,166.85714285714286,179.71428571428572,192.57142857142858,-25.714285714285722,3,23.451198630136986
2026-06-26,SKU-1011,Sugar,137.0,0,3776.0,14,False,164.0,127.0,166.85714285714286,168.92857142857142,171.0,-4.142857142857139,4,22.63013698630137
2026-06-27,SKU-1011,Sugar,103.0,0,3673.0,14,False,137.0,66.0,168.28571428571428,168.64285714285714,169.0,-0.7142857142857224,5,21.82597623089983
2026-06-28,SKU-1011,Sugar,136.0,0,3537.0,14,False,103.0,148.0,173.57142857142858,167.64285714285714,161.71428571428572,11.857142857142861,6,20.377777777777776
2026-06-29,SKU-1011,Sugar,164.0,0,3373.0,14,False,136.0,220.0,171.85714285714286,164.07142857142858,156.28571428571428,15.571428571428584,0,19.626766417290106
2026-01-01,SKU-1012,Beverages,436.0,6882,8422.0,14,False,,,,,,,3,
2026-01-02,SKU-1012,Beverages,471.0,0,7951.0,14,False,436.0,,,,,,4,
2026-01-03,SKU-1012,Beverages,423.0,0,7528.0,14,False,471.0,,,,,,5,
2026-01-04,SKU-1012,Beverages,524.0,0,7004.0,14,False,423.0,,,,,,6,
2026-01-05,SKU-1012,Beverages,443.0,0,6561.0,14,False,524.0,,,,,,0,
2026-01-06,SKU-1012,Beverages,463.0,0,6098.0,14,False,443.0,,,,,,1,
2026-01-07,SKU-1012,Beverages,421.0,6486,12163.0,14,False,463.0,,,,,,2,
2026-01-08,SKU-1012,Beverages,466.0,0,12163.0,14,False,421.0,436.0,454.42857142857144,,,,3,26.765482552656398
2026-01-09,SKU-1012,Beverages,418.0,0,11279.0,14,False,466.0,471.0,458.7142857142857,,,,4,24.588290252257863
2026-01-10,SKU-1012,Beverages,295.0,0,10984.0,14,False,418.0,423.0,451.14285714285717,,,,5,24.347055098163395
2026-01-11,SKU-1012,Beverages,339.0,0,10645.0,14,False,295.0,524.0,432.85714285714283,,,,6,24.592409240924095
2026-01-12,SKU-1012,Beverages,389.0,0,10256.0,14,False,339.0,443.0,406.42857142857144,,,,0,25.234446397188048
2026-01-13,SKU-1012,Beverages,460.0,0,9796.0,14,False,389.0,463.0,398.7142857142857,,,,1,24.56897169473307
2026-01-14,SKU-1012,Beverages,419.0,0,9377.0,14,False,460.0,421.0,398.2857142857143,,,,2,23.543400286944046
2026-01-15,SKU-1012,Beverages,429.0,0,8948.0,14,False,419.0,466.0,398.0,426.2142857142857,454.42857142857144,-56.428571428571445,3,22.482412060301506
2026-01-16,SKU-1012,Beverages,449.0,0,8499.0,14,False,429.0,418.0,392.7142857142857,425.7142857142857,458.7142857142857,-66.0,4,21.641687886504183
2026-01-17,SKU-1012,Beverages,384.0,0,8115.0,14,False,449.0,295.0,397.14285714285717,424.14285714285717,451.14285714285717,-54.0,5,20.43345323741007
2026-01-18,SKU-1012,Beverages,450.0,0,7665.0,14,False,384.0,339.0,409.85714285714283,421.35714285714283,432.85714285714283,-23.0,6,18.701638201463926
2026-01-19,SKU-1012,Beverages,428.0,0,7237.0,14,False,450.0,389.0,425.7142857142857,416.07142857142856,406.42857142857144,19.285714285714278,0,16.999664429530203
2026-01-20,SKU-1012,Beverages,496.0,0,6741.0,14,False,428.0,460.0,431.2857142857143,415.0,398.7142857142857,32.571428571428555,1,15.630009937065253
2026-01-21,SKU-1012,Beverages,538.0,0,6203.0,14,False,496.0,419.0,436.42857142857144,417.35714285714283,398.2857142857143,38.14285714285717,2,14.213093289689034
2026-01-22,SKU-1012,Beverages,414.0,6828,12617.0,14,False,538.0,429.0,453.42857142857144,425.7142857142857,398.0,55.428571428571445,3,27.825771896660363
2026-01-23,SKU-1012,Beverages,416.0,0,12201.0,14,False,414.0,449.0,451.2857142857143,422.0,392.7142857142857,58.571428571428555,4,27.036087369420702
2026-01-24,SKU-1012,Beverages,326.0,0,11875.0,14,False,416.0,384.0,446.57142857142856,421.85714285714283,397.14285714285717,49.42857142857139,5,26.59149072296865
2026-01-25,SKU-1012,Beverages,386.0,0,11489.0,14,False,326.0,450.0,438.2857142857143,424.07142857142856,409.85714285714283,28.428571428571445,6,26.21349413298566
2026-01-26,SKU-1012,Beverages,360.0,0,11129.0,14,False,386.0,428.0,429.14285714285717,427.42857142857144,425.7142857142857,3.428571428571445,0,25.933089214380825
2026-01-27,SKU-1012,Beverages,407.0,0,10722.0,14,False,360.0,496.0,419.42857142857144,425.35714285714283,431.2857142857143,-11.857142857142833,1,25.5633514986376
2026-01-28,SKU-1012,Beverages,460.0,0,10262.0,14,False,407.0,538.0,406.7142857142857,421.57142857142856,436.42857142857144,-29.714285714285722,2,25.23147172462241
2026-01-29,SKU-1012,Beverages,359.0,0,9903.0,14,False,460.0,414.0,395.57142857142856,424.5,453.42857142857144,-57.85714285714289,3,25.034669555796317
2026-01-30,SKU-1012,Beverages,456.0,0,9447.0,14,False,359.0,416.0,387.7142857142857,419.5,451.2857142857143,-63.571428571428555,4,24.365880619012525
2026-01-31,SKU-1012,Beverages,344.0,0,9103.0,14,False,456.0,326.0,393.42857142857144,420.0,446.57142857142856,-53.14285714285711,5,23.137618010167028
2026-02-01,SKU-1012,Beverages,398.0,0,8705.0,14,False,344.0,386.0,396.0,417.14285714285717,438.2857142857143,-42.28571428571428,6,21.982323232323232
2026-02-02,SKU-1012,Beverages,388.0,0,8317.0,14,False,398.0,360.0,397.7142857142857,413.42857142857144,429.14285714285717,-31.428571428571445,0,20.91199712643678
2026-02-03,SKU-1012,Beverages,451.0,0,7866.0,14,False,388.0,407.0,401.7142857142857,410.57142857142856,419.42857142857144,-17.714285714285722,1,19.58108108108108
2026-02-04,SKU-1012,Beverages,477.0,0,7389.0,14,False,451.0,460.0,408.0,407.35714285714283,406.7142857142857,1.2857142857142776,2,18.110294117647058
2026-02-05,SKU-1012,Beverages,471.0,0,6918.0,14,False,477.0,359.0,410.42857142857144,403.0,395.57142857142856,14.85714285714289,3,16.855551688130873
2026-02-06,SKU-1012,Beverages,435.0,0,6483.0,14,False,471.0,456.0,426.42857142857144,407.07142857142856,387.7142857142857,38.71428571428572,4,15.203015075376884
2026-02-07,SKU-1012,Beverages,390.0,0,6093.0,14,False,435.0,344.0,423.42857142857144,408.42857142857144,393.42857142857144,30.0,5,14.389676113360323
2026-02-08,SKU-1012,Beverages,309.0,0,5784.0,14,False,390.0,398.0,430.0,413.0,396.0,34.0,6,13.451162790697675
2026-02-09,SKU-1012,Beverages,427.0,8179,13536.0,14,False,309.0,388.0,417.2857142857143,407.5,397.7142857142857,19.571428571428555,0,32.438206093803494
2026-02-10,SKU-1012,Beverages,504.0,0,13032.0,14,False,427.0,451.0,422.85714285714283,412.2857142857143,401.7142857142857,21.14285714285711,1,30.81891891891892
2026-02-11,SKU-1012,Beverages,465.0,0,12567.0,14,False,504.0,477.0,430.42857142857144,419.2142857142857,408.0,22.428571428571445,2,29.196481911715896
2026-02-12,SKU-1012,Beverages,404.0,0,12163.0,14,False,465.0,471.0,428.7142857142857,419.57142857142856,410.42857142857144,18.285714285714278,3,28.37087637454182
2026-02-13,SKU-1012,Beverages,393.0,0,11770.0,14,False,404.0,435.0,419.14285714285717,422.7857142857143,426.42857142857144,-7.285714285714278,4,28.081117927743694
2026-02-14,SKU-1012,Beverages,366.0,0,11404.0,14,False,393.0,390.0,413.14285714285717,418.2857142857143,423.42857142857144,-10.285714285714278,5,27.603042876901796
2026-02-15,SKU-1012,Beverages,401.0,0,11003.0,14,False,366.0,309.0,409.7142857142857,419.85714285714283,430.0,-20.285714285714278,6,26.855299860529986
2026-02-16,SKU-1012,Beverages,420.0,0,10583.0,14,False,401.0,427.0,422.85714285714283,420.07142857142856,417.2857142857143,5.571428571428555,0,25.027364864864865
2026-02-17,SKU-1012,Beverages,438.0,0,10145.0,14,False,420.0,504.0,421.85714285714283,422.35714285714283,422.85714285714283,-1.0,1,24.04842533017271
2026-02-18,SKU-1012,Beverages,397.0,0,9748.0,14,False,438.0,465.0,412.42857142857144,421.42857142857144,430.42857142857144,-18.0,2,23.635607897471424
2026-02-19,SKU-1012,Beverages,419.0,0,9329.0,14,False,397.0,404.0,402.7142857142857,415.7142857142857,428.7142857142857,-26.0,3,23.16530684639943
2026-02-20,SKU-1012,Beverages,431.0,0,8898.0,14,False,419.0,393.0,404.85714285714283,412.0,419.14285714285717,-14.285714285714334,4,21.97812279463656
2026-02-21,SKU-1012,Beverages,429.0,0,8469.0,14,False,431.0,366.0,410.2857142857143,411.7142857142857,413.14285714285717,-2.8571428571428896,5,20.641713091922007
2026-02-22,SKU-1012,Beverages,409.0,0,8060.0,14,False,429.0,401.0,419.2857142857143,414.5,409.7142857142857,9.571428571428555,6,19.223168654173765
2026-02-23,SKU-1012,Beverages,382.0,0,7678.0,14,False,409.0,420.0,420.42857142857144,421.64285714285717,422.85714285714283,-2.428571428571388,0,18.262317363234793
2026-02-24,SKU-1012,Beverages,431.0,0,7247.0,14,False,382.0,438.0,415.0,418.42857142857144,421.85714285714283,-6.857142857142833,1,17.46265060240964
2026-02-25,SKU-1012,Beverages,468.0,0,6779.0,14,False,431.0,397.0,414.0,413.2142857142857,412.42857142857144,1.5714285714285552,2,16.3743961352657
2026-02-26,SKU-1012,Beverages,614.0,0,6165.0,14,False,468.0,419.0,424.14285714285717,413.42857142857144,402.7142857142857,21.428571428571445,3,14.535197036039069
2026-02-27,SKU-1012,Beverages,413.0,0,5752.0,14,False,614.0,431.0,452.0,428.42857142857144,404.85714285714283,47.14285714285717,4,12.725663716814159
2026-02-28,SKU-1012,Beverages,372.0,0,5380.0,14,False,413.0,429.0,449.42857142857144,429.85714285714283,410.2857142857143,39.14285714285717,5,11.970756516211061
2026-03-01,SKU-1012,Beverages,706.0,0,4674.0,14,False,372.0,409.0,441.2857142857143,430.2857142857143,419.2857142857143,22.0,6,10.59177727419877
2026-03-02,SKU-1012,Beverages,455.0,6428,10647.0,14,False,706.0,382.0,483.7142857142857,452.07142857142856,420.42857142857144,63.28571428571428,0,22.01092734790313
2026-03-03,SKU-1012,Beverages,474.0,0,10173.0,14,False,455.0,431.0,494.14285714285717,454.57142857142856,415.0,79.14285714285717,1,20.587163920208152
2026-03-04,SKU-1012,Beverages,477.0,0,9696.0,14,False,474.0,468.0,500.2857142857143,457.14285714285717,414.0,86.28571428571428,2,19.380925185608223
2026-03-05,SKU-1012,Beverages,430.0,0,9266.0,14,False,477.0,614.0,501.57142857142856,462.85714285714283,424.14285714285717,77.42857142857139,3,18.473939048704075
2026-03-06,SKU-1012,Beverages,386.0,0,8880.0,14,False,430.0,413.0,475.2857142857143,463.64285714285717,452.0,23.285714285714278,4,18.683498647430117
2026-03-07,SKU-1012,Beverages,356.0,0,8524.0,14,False,386.0,372.0,471.42857142857144,460.42857142857144,449.42857142857144,22.0,5,18.081212121212122
2026-03-08,SKU-1012,Beverages,863.0,0,7661.0,14,False,356.0,706.0,469.14285714285717,455.2142857142857,441.2857142857143,27.85714285714289,6,16.329780755176614
2026-03-09,SKU-1012,Beverages,391.0,0,7270.0,14,False,863.0,455.0,491.57142857142856,487.64285714285717,483.7142857142857,7.857142857142833,0,14.789305434466725
2026-03-10,SKU-1012,Beverages,495.0,0,6775.0,14,False,391.0,474.0,482.42857142857144,488.2857142857143,494.14285714285717,-11.714285714285722,1,14.043529760142137
2026-03-11,SKU-1012,Beverages,486.0,0,6289.0,14,False,495.0,477.0,485.42857142857144,492.85714285714283,500.2857142857143,-14.857142857142833,2,12.955562095350206
2026-03-12,SKU-1012,Beverages,428.0,0,5861.0,14,False,486.0,430.0,486.7142857142857,494.14285714285717,501.57142857142856,-14.857142857142833,3,12.041972409744643
2026-03-13,SKU-1012,Beverages,435.0,0,5426.0,14,False,428.0,386.0,486.42857142857144,480.85714285714283,475.2857142857143,11.142857142857167,4,11.154772393538913
2026-03-14,SKU-1012,Beverages,374.0,0,5052.0,14,False,435.0,356.0,493.42857142857144,482.42857142857144,471.42857142857144,22.0,5,10.238563983786914
2026-03-15,SKU-1012,Beverages,396.0,7535,12191.0,14,False,374.0,863.0,496.0,482.57142857142856,469.14285714285717,26.857142857142833,6,24.578629032258064
2026-03-16,SKU-1012,Beverages,426.0,0,11765.0,14,False,396.0,391.0,429.2857142857143,460.42857142857144,491.57142857142856,-62.28571428571428,0,27.405990016638935
2026-03-17,SKU-1012,Beverages,501.0,0,11264.0,14,False,426.0,495.0,434.2857142857143,458.35714285714283,482.42857142857144,-48.14285714285717,1,25.936842105263157
2026-03-18,SKU-1012,Beverages,457.0,0,10807.0,14,False,501.0,486.0,435.14285714285717,460.2857142857143,485.42857142857144,-50.28571428571428,2,24.835521996060407
2026-03-19,SKU-1012,Beverages,470.0,0,10337.0,14,False,457.0,428.0,431.0,458.85714285714283,486.7142857142857,-55.71428571428572,3,23.983758700696054
2026-03-20,SKU-1012,Beverages,458.0,0,9879.0,14,False,470.0,435.0,437.0,461.7142857142857,486.42857142857144,-49.428571428571445,4,22.606407322654462
2026-03-21,SKU-1012,Beverages,391.0,0,9488.0,14,False,458.0,374.0,440.2857142857143,466.85714285714283,493.42857142857144,-53.14285714285717,5,21.54964308890331
2026-03-22,SKU-1012,Beverages,404.0,0,9084.0,14,False,391.0,396.0,442.7142857142857,469.35714285714283,496.0,-53.28571428571428,6,20.518877057115198
2026-03-23,SKU-1012,Beverages,391.0,0,8693.0,14,False,404.0,426.0,443.85714285714283,436.57142857142856,429.2857142857143,14.571428571428555,0,19.58513035082073
2026-03-24,SKU-1012,Beverages,498.0,0,8195.0,14,False,391.0,501.0,438.85714285714283,436.57142857142856,434.2857142857143,4.571428571428555,1,18.673502604166668
2026-03-25,SKU-1012,Beverages,467.0,0,7728.0,14,False,498.0,457.0,438.42857142857144,436.7857142857143,435.14285714285717,3.2857142857142776,2,17.62658846529814
2026-03-26,SKU-1012,Beverages,429.0,0,7299.0,14,False,467.0,470.0,439.85714285714283,435.42857142857144,431.0,8.857142857142833,3,16.594024033777202
2026-03-27,SKU-1012,Beverages,443.0,0,6856.0,14,False,429.0,458.0,434.0,435.5,437.0,-3.0,4,15.797235023041475
2026-03-28,SKU-1012,Beverages,363.0,0,6493.0,14,False,443.0,391.0,431.85714285714283,436.07142857142856,440.2857142857143,-8.428571428571445,5,15.035064505458156
2026-03-29,SKU-1012,Beverages,340.0,0,6153.0,14,False,363.0,404.0,427.85714285714283,435.2857142857143,442.7142857142857,-14.85714285714289,6,14.380968280467446
2026-03-30,SKU-1012,Beverages,426.0,6689,12416.0,14,False,340.0,391.0,418.7142857142857,431.2857142857143,443.85714285714283,-25.14285714285711,0,29.65267826680314
2026-03-31,SKU-1012,Beverages,421.0,0,11995.0,14,False,426.0,498.0,423.7142857142857,431.2857142857143,438.85714285714283,-15.14285714285711,1,28.309170600134863
2026-04-01,SKU-1012,Beverages,439.0,0,11556.0,14,False,421.0,467.0,412.7142857142857,425.57142857142856,438.42857142857144,-25.714285714285722,2,28.0
2026-04-02,SKU-1012,Beverages,371.0,0,11185.0,14,False,439.0,429.0,408.7142857142857,424.2857142857143,439.85714285714283,-31.14285714285711,3,27.36630548759175
2026-04-03,SKU-1012,Beverages,835.0,0,10350.0,14,False,371.0,443.0,400.42857142857144,417.2142857142857,434.0,-33.571428571428555,4,25.847306457367104
2026-04-04,SKU-1012,Beverages,835.0,0,9946.0,14,False,835.0,363.0,456.42857142857144,444.14285714285717,431.85714285714283,24.571428571428612,5,21.79092331768388
2026-04-05,SKU-1012,Beverages,317.0,0,9629.0,14,False,835.0,340.0,523.8571428571429,475.85714285714283,427.85714285714283,96.00000000000006,6,18.380965366784835
2026-04-06,SKU-1012,Beverages,433.0,0,9196.0,14,False,317.0,426.0,520.5714285714286,469.64285714285717,418.7142857142857,101.85714285714283,0,17.665203073545555
2026-04-07,SKU-1012,Beverages,440.0,0,8756.0,14,False,433.0,421.0,521.5714285714286,472.64285714285717,423.7142857142857,97.85714285714283,1,16.787729389208437
2026-04-08,SKU-1012,Beverages,448.0,0,8308.0,14,False,440.0,439.0,524.2857142857143,468.5,412.7142857142857,111.57142857142861,2,15.846321525885557
2026-04-09,SKU-1012,Beverages,465.0,0,7843.0,14,False,448.0,371.0,525.5714285714286,467.14285714285717,408.7142857142857,116.85714285714283,3,14.922805110084262
2026-04-10,SKU-1012,Beverages,417.0,0,7426.0,14,False,465.0,835.0,539.0,469.7142857142857,400.42857142857144,138.57142857142856,4,13.777365491651206
2026-04-11,SKU-1012,Beverages,431.0,0,6995.0,14,False,417.0,835.0,479.2857142857143,467.85714285714283,456.42857142857144,22.857142857142833,5,14.594634873323399
2026-04-12,SKU-1012,Beverages,394.0,0,6601.0,14,False,431.0,317.0,421.57142857142856,472.7142857142857,523.8571428571429,-102.28571428571433,6,15.658082006099628
2026-04-13,SKU-1012,Beverages,455.0,0,6146.0,14,False,394.0,433.0,432.57142857142856,476.57142857142856,520.5714285714286,-88.0,0,14.208058124174373
2026-04-14,SKU-1012,Beverages,395.0,8278,14029.0,14,False,455.0,440.0,435.7142857142857,478.64285714285717,521.5714285714286,-85.85714285714283,1,32.197704918032784
2026-04-15,SKU-1012,Beverages,438.0,0,13591.0,14,False,395.0,448.0,429.2857142857143,476.7857142857143,524.2857142857143,-95.00000000000006,2,31.65956738768719
2026-04-16,SKU-1012,Beverages,486.0,0,13105.0,14,False,438.0,465.0,427.85714285714283,476.7142857142857,525.5714285714286,-97.71428571428572,3,30.629382303839733
2026-04-17,SKU-1012,Beverages,369.0,0,12736.0,14,False,486.0,417.0,430.85714285714283,484.92857142857144,539.0,-108.14285714285717,4,29.559681697612735
2026-04-18,SKU-1012,Beverages,356.0,0,12380.0,14,False,369.0,431.0,424.0,451.64285714285717,479.2857142857143,-55.28571428571428,5,29.19811320754717
2026-04-19,SKU-1012,Beverages,361.0,0,12019.0,14,False,356.0,394.0,413.2857142857143,417.42857142857144,421.57142857142856,-8.285714285714278,6,29.08157621845835
2026-04-20,SKU-1012,Beverages,444.0,0,11575.0,14,False,361.0,455.0,408.57142857142856,420.57142857142856,432.57142857142856,-24.0,0,28.33041958041958
2026-04-21,SKU-1012,Beverages,407.0,0,11168.0,14,False,444.0,395.0,407.0,421.35714285714283,435.7142857142857,-28.714285714285722,1,27.43980343980344
2026-04-21,SKU-1012,Beverages,407.0,0,11168.0,14,False,407.0,438.0,408.7142857142857,419.0,429.2857142857143,-20.571428571428555,1,27.324711639286964
2026-04-22,SKU-1012,Beverages,360.0,0,10808.0,14,False,407.0,486.0,404.2857142857143,416.07142857142856,427.85714285714283,-23.571428571428555,2,26.73356890459364
2026-04-23,SKU-1012,Beverages,352.0,0,10456.0,14,False,360.0,369.0,386.2857142857143,408.57142857142856,430.85714285714283,-44.571428571428555,3,27.068047337278106
2026-04-24,SKU-1012,Beverages,349.0,0,10107.0,14,False,352.0,356.0,383.85714285714283,403.92857142857144,424.0,-40.14285714285717,4,26.330107927056197
2026-04-25,SKU-1012,Beverages,357.0,0,9750.0,14,False,349.0,361.0,382.85714285714283,398.07142857142856,413.2857142857143,-30.428571428571445,5,25.466417910447763
2026-04-26,SKU-1012,Beverages,414.0,0,9336.0,14,False,357.0,444.0,382.2857142857143,395.42857142857144,408.57142857142856,-26.285714285714278,6,24.42152466367713
2026-04-27,SKU-1012,Beverages,360.0,0,8976.0,14,False,414.0,407.0,378.0,392.5,407.0,-29.0,0,23.746031746031747
2026-04-28,SKU-1012,Beverages,440.0,0,8536.0,14,False,360.0,407.0,371.2857142857143,390.0,408.7142857142857,-37.428571428571445,1,22.99038091573682
2026-04-29,SKU-1012,Beverages,920.0,0,7616.0,14,False,440.0,360.0,376.0,390.14285714285717,404.2857142857143,-28.285714285714278,2,20.25531914893617
2026-04-30,SKU-1012,Beverages,434.0,0,7182.0,14,False,920.0,352.0,456.0,421.14285714285717,386.2857142857143,69.71428571428572,3,15.75
2026-05-01,SKU-1012,Beverages,340.0,0,6842.0,14,False,434.0,349.0,467.7142857142857,425.7857142857143,383.85714285714283,83.85714285714289,4,14.628588882101404
2026-05-02,SKU-1012,Beverages,416.0,0,6426.0,14,False,340.0,357.0,466.42857142857144,424.64285714285717,382.85714285714283,83.57142857142861,5,13.777029096477794
2026-05-03,SKU-1012,Beverages,702.0,0,5724.0,14,False,416.0,414.0,474.85714285714283,428.57142857142856,382.2857142857143,92.57142857142856,6,12.054151624548737
2026-05-04,SKU-1012,Beverages,449.0,0,5275.0,14,False,702.0,360.0,516.0,447.0,378.0,138.0,0,10.222868217054264
2026-05-05,SKU-1012,Beverages,470.0,6667,11472.0,14,False,449.0,440.0,528.7142857142857,450.0,371.2857142857143,157.4285714285714,1,21.697919481221295
2026-05-06,SKU-1012,Beverages,451.0,0,11021.0,14,False,470.0,920.0,533.0,454.5,376.0,157.0,2,20.677298311444652
2026-05-07,SKU-1012,Beverages,399.0,0,10622.0,14,False,451.0,434.0,466.0,461.0,456.0,10.0,3,22.793991416309012
2026-05-08,SKU-1012,Beverages,404.0,0,10218.0,14,False,399.0,340.0,461.0,464.35714285714283,467.7142857142857,-6.714285714285722,4,22.164859002169198
2026-05-09,SKU-1012,Beverages,421.0,0,9797.0,14,False,404.0,416.0,470.14285714285717,468.2857142857143,466.42857142857144,3.7142857142857224,5,20.838347006988755
2026-05-10,SKU-1012,Beverages,387.0,0,9410.0,14,False,421.0,702.0,470.85714285714283,472.85714285714283,474.85714285714283,-4.0,6,19.98483009708738
2026-05-11,SKU-1012,Beverages,341.0,0,9069.0,14,False,387.0,449.0,425.85714285714283,470.92857142857144,516.0,-90.14285714285717,0,21.295873867829588
2026-05-12,SKU-1012,Beverages,438.0,0,8631.0,14,False,341.0,470.0,410.42857142857144,469.57142857142856,528.7142857142857,-118.28571428571422,1,21.029237730595195
2026-05-13,SKU-1012,Beverages,418.0,0,8213.0,14,False,438.0,451.0,405.85714285714283,469.42857142857144,533.0,-127.14285714285717,2,20.236184442097855
2026-05-14,SKU-1012,Beverages,491.0,0,7722.0,14,False,418.0,399.0,401.14285714285717,433.57142857142856,466.0,-64.85714285714283,3,19.25
2026-05-15,SKU-1012,Beverages,372.0,0,7350.0,14,False,491.0,404.0,414.2857142857143,437.64285714285717,461.0,-46.71428571428572,4,17.74137931034483
2026-05-16,SKU-1012,Beverages,417.0,0,6933.0,14,False,372.0,421.0,409.7142857142857,439.92857142857144,470.14285714285717,-60.428571428571445,5,16.92154811715481
2026-05-17,SKU-1012,Beverages,454.0,0,6479.0,14,False,417.0,387.0,409.14285714285717,440.0,470.85714285714283,-61.714285714285666,6,15.835544692737429
2026-05-18,SKU-1012,Beverages,475.0,0,6004.0,14,False,454.0,341.0,418.7142857142857,422.2857142857143,425.85714285714283,-7.14285714285711,0,14.33913340156943
2026-05-19,SKU-1012,Beverages,391.0,7690,13303.0,14,False,475.0,438.0,437.85714285714283,424.14285714285717,410.42857142857144,27.428571428571388,1,30.38205546492659
2026-05-20,SKU-1012,Beverages,446.0,0,12857.0,14,False,391.0,418.0,431.14285714285717,418.5,405.85714285714283,25.285714285714334,2,29.820742213386346
2026-05-21,SKU-1012,Beverages,413.0,0,12444.0,14,False,446.0,491.0,435.14285714285717,418.14285714285717,401.14285714285717,34.0,3,28.597504924491133
2026-05-21,SKU-1012,Beverages,413.0,0,12444.0,14,False,413.0,372.0,424.0,419.14285714285717,414.2857142857143,9.714285714285722,3,29.349056603773583
2026-05-22,SKU-1012,Beverages,423.0,0,12021.0,14,False,413.0,417.0,429.85714285714283,419.7857142857143,409.7142857142857,20.14285714285711,4,27.965104685942176
2026-05-23,SKU-1012,Beverages,397.0,0,11624.0,14,False,423.0,454.0,430.7142857142857,419.92857142857144,409.14285714285717,21.571428571428555,5,26.987728026533997
2026-05-24,SKU-1012,Beverages,467.0,0,11157.0,14,False,397.0,475.0,422.57142857142856,420.64285714285717,418.7142857142857,3.857142857142833,6,26.4026369168357
2026-05-25,SKU-1012,Beverages,406.0,0,10751.0,14,False,467.0,391.0,421.42857142857144,429.64285714285717,437.85714285714283,-16.428571428571388,0,25.51084745762712
2026-05-26,SKU-1012,Beverages,400.0,0,10351.0,14,False,406.0,446.0,423.57142857142856,427.35714285714283,431.14285714285717,-7.571428571428612,1,24.43743676222597
2026-05-27,SKU-1012,Beverages,469.0,0,9882.0,14,False,400.0,413.0,417.0,426.07142857142856,435.14285714285717,-18.142857142857167,2,23.697841726618705
2026-05-28,SKU-1012,Beverages,424.0,0,9458.0,14,False,469.0,413.0,425.0,424.5,424.0,1.0,3,22.254117647058823
2026-05-29,SKU-1012,Beverages,370.0,0,9088.0,14,False,424.0,423.0,426.57142857142856,428.2142857142857,429.85714285714283,-3.2857142857142776,4,21.304755525787005
2026-05-30,SKU-1012,Beverages,372.0,0,8716.0,14,False,370.0,397.0,419.0,424.85714285714283,430.7142857142857,-11.714285714285722,5,20.801909307875896
2026-05-31,SKU-1012,Beverages,375.0,0,8341.0,14,False,372.0,467.0,415.42857142857144,419.0,422.57142857142856,-7.14285714285711,6,20.07806052269601
2026-06-01,SKU-1012,Beverages,375.0,0,8053.0,14,False,375.0,406.0,402.2857142857143,411.85714285714283,421.42857142857144,-19.142857142857167,0,20.018110795454547
2026-06-02,SKU-1012,Beverages,419.0,0,7634.0,14,False,375.0,400.0,397.85714285714283,410.7142857142857,423.57142857142856,-25.714285714285722,1,19.187791741472175
2026-06-03,SKU-1012,Beverages,515.0,0,7119.0,14,False,419.0,469.0,400.57142857142856,408.7857142857143,417.0,-16.428571428571445,2,17.772111269614836
2026-06-04,SKU-1012,Beverages,491.0,0,6628.0,14,False,515.0,424.0,407.14285714285717,416.07142857142856,425.0,-17.857142857142833,3,16.279298245614033
2026-06-05,SKU-1012,Beverages,398.0,0,6230.0,14,False,491.0,370.0,416.7142857142857,421.64285714285717,426.57142857142856,-9.857142857142833,4,14.950291395269112
2026-06-06,SKU-1012,Beverages,376.0,6492,12346.0,14,False,398.0,372.0,420.7142857142857,419.85714285714283,419.0,1.7142857142857224,5,29.345331069609507
2026-06-07,SKU-1012,Beverages,434.0,0,11912.0,14,False,376.0,375.0,421.2857142857143,418.35714285714283,415.42857142857144,5.857142857142833,6,28.275347575449306
2026-06-08,SKU-1012,Beverages,434.0,0,11447.0,14,False,434.0,375.0,429.7142857142857,416.0,402.2857142857143,27.428571428571445,0,26.638630319148934
2026-06-09,SKU-1012,Beverages,387.0,0,11060.0,14,False,434.0,419.0,438.14285714285717,418.0,397.85714285714283,40.285714285714334,1,25.242908379523964
2026-06-10,SKU-1012,Beverages,419.0,0,10641.0,14,False,387.0,515.0,433.57142857142856,417.07142857142856,400.57142857142856,33.0,2,24.542668863261945
2026-06-11,SKU-1012,Beverages,419.0,0,10222.0,14,False,419.0,491.0,419.85714285714283,413.5,407.14285714285717,12.714285714285666,3,24.346376318475674
2026-06-12,SKU-1012,Beverages,440.0,0,9782.0,14,False,419.0,398.0,409.57142857142856,413.14285714285717,416.7142857142857,-7.142857142857167,4,23.883501918381583
2026-06-13,SKU-1012,Beverages,339.0,0,9443.0,14,False,440.0,376.0,415.57142857142856,418.14285714285717,420.7142857142857,-5.142857142857167,5,22.722928841526297
2026-06-14,SKU-1012,Beverages,450.0,0,8993.0,14,False,339.0,434.0,410.2857142857143,415.7857142857143,421.2857142857143,-11.0,6,21.918871866295266
2026-06-15,SKU-1012,Beverages,391.0,0,8602.0,14,False,450.0,434.0,412.57142857142856,421.14285714285717,429.7142857142857,-17.142857142857167,0,20.849722991689752
2026-06-16,SKU-1012,Beverages,470.0,0,8132.0,14,False,391.0,387.0,406.42857142857144,422.2857142857143,438.14285714285717,-31.714285714285722,1,20.008435852372582
2026-06-17,SKU-1012,Beverages,451.0,0,7681.0,14,False,470.0,419.0,418.2857142857143,425.92857142857144,433.57142857142856,-15.285714285714278,2,18.36304644808743
2026-06-18,SKU-1012,Beverages,437.0,0,7244.0,14,False,451.0,419.0,422.85714285714283,421.35714285714283,419.85714285714283,3.0,3,17.13108108108108
2026-06-19,SKU-1012,Beverages,407.0,0,6837.0,14,False,437.0,440.0,425.42857142857144,417.5,409.57142857142856,15.85714285714289,4,16.070852921423775
2026-06-20,SKU-1012,Beverages,369.0,0,6468.0,14,False,407.0,339.0,420.7142857142857,418.14285714285717,415.57142857142856,5.142857142857167,5,15.373853989813243
2026-06-21,SKU-1012,Beverages,391.0,0,6077.0,14,False,369.0,450.0,425.0,417.64285714285717,410.2857142857143,14.714285714285722,6,14.298823529411765
2026-06-22,SKU-1012,Beverages,420.0,0,5657.0,14,False,391.0,391.0,416.57142857142856,414.57142857142856,412.57142857142856,4.0,0,13.579903978052126
2026-06-23,SKU-1012,Beverages,411.0,7942,13188.0,14,False,420.0,470.0,420.7142857142857,413.57142857142856,406.42857142857144,14.285714285714278,1,31.346689303904924
2026-06-24,SKU-1012,Beverages,508.0,0,12680.0,14,False,411.0,451.0,412.2857142857143,415.2857142857143,418.2857142857143,-6.0,2,30.755370755370755
2026-06-25,SKU-1012,Beverages,351.0,0,12329.0,14,False,508.0,437.0,420.42857142857144,421.64285714285717,422.85714285714283,-2.428571428571388,3,29.324838600067956
2026-06-26,SKU-1012,Beverages,392.0,0,11937.0,14,False,351.0,407.0,408.14285714285717,416.7857142857143,425.42857142857144,-17.285714285714278,4,29.24711235561778
2026-06-27,SKU-1012,Beverages,362.0,0,11575.0,14,False,392.0,369.0,406.0,413.35714285714283,420.7142857142857,-14.714285714285722,5,28.50985221674877
2026-06-28,SKU-1012,Beverages,391.0,0,11184.0,14,False,362.0,391.0,405.0,415.0,425.0,-20.0,6,27.614814814814814
2026-06-29,SKU-1012,Beverages,413.0,0,10771.0,14,False,391.0,420.0,405.0,410.7857142857143,416.57142857142856,-11.571428571428555,0,26.595061728395063
2026-01-01,SKU-1013,Pasta,436.0,0,1514.0,10,False,,,,,,,3,
2026-01-02,SKU-1013,Pasta,377.0,0,1137.0,10,False,436.0,,,,,,4,
2026-01-03,SKU-1013,Pasta,445.0,0,692.0,10,False,377.0,,,,,,5,
2026-01-04,SKU-1013,Pasta,504.0,0,188.0,10,False,445.0,,,,,,6,
2026-01-05,SKU-1013,Pasta,476.0,0,0.0,10,False,504.0,,,,,,0,
2026-01-06,SKU-1013,Pasta,501.0,0,0.0,10,False,476.0,,,,,,1,
2026-01-07,SKU-1013,Pasta,556.0,0,0.0,10,False,501.0,,,,,,2,
2026-01-08,SKU-1013,Pasta,640.0,0,0.0,10,False,556.0,436.0,470.7142857142857,,,,3,0.0
2026-01-09,SKU-1013,Pasta,427.0,0,0.0,10,False,640.0,377.0,499.85714285714283,,,,4,0.0
2026-01-10,SKU-1013,Pasta,425.0,6481,6056.0,10,False,427.0,445.0,507.0,,,,5,11.944773175542407
2026-01-11,SKU-1013,Pasta,321.0,0,5735.0,10,False,425.0,504.0,504.14285714285717,,,,6,11.375743836780957
2026-01-12,SKU-1013,Pasta,386.0,0,5349.0,10,False,321.0,476.0,478.0,,,,0,11.190376569037657
2026-01-13,SKU-1013,Pasta,532.0,0,4817.0,10,False,386.0,501.0,465.14285714285717,,,,1,10.35595823095823
2026-01-14,SKU-1013,Pasta,456.0,0,4361.0,10,False,532.0,556.0,469.57142857142856,,,,2,9.287191968360208
2026-01-15,SKU-1013,Pasta,1071.0,0,3290.0,10,False,456.0,640.0,455.2857142857143,463.0,470.7142857142857,-15.428571428571445,3,7.226231565735802
2026-01-16,SKU-1013,Pasta,396.0,0,2894.0,10,False,1071.0,427.0,516.8571428571429,508.35714285714283,499.85714285714283,17.000000000000057,4,5.599226091763405
2026-01-17,SKU-1013,Pasta,473.0,0,2421.0,10,False,396.0,425.0,512.4285714285714,509.7142857142857,507.0,5.428571428571445,5,4.724560914413159
2026-01-18,SKU-1013,Pasta,898.0,0,1523.0,10,False,473.0,321.0,519.2857142857143,511.7142857142857,504.14285714285717,15.142857142857167,6,2.9328748280605224
2026-01-19,SKU-1013,Pasta,480.0,0,1043.0,10,False,898.0,386.0,601.7142857142857,539.8571428571429,478.0,123.71428571428567,0,1.7333808167141502
2026-01-20,SKU-1013,Pasta,592.0,0,451.0,10,False,480.0,532.0,615.1428571428571,540.1428571428571,465.14285714285717,149.99999999999994,1,0.7331630283325593
2026-01-21,SKU-1013,Pasta,348.0,0,103.0,10,False,592.0,456.0,623.7142857142857,546.6428571428571,469.57142857142856,154.1428571428571,2,0.16513971598717364
2026-01-22,SKU-1013,Pasta,507.0,0,0.0,10,False,348.0,1071.0,608.2857142857143,531.7857142857143,455.2857142857143,153.00000000000006,3,0.0
2026-01-23,SKU-1013,Pasta,415.0,0,0.0,10,False,507.0,396.0,527.7142857142857,522.2857142857143,516.8571428571429,10.857142857142776,4,0.0
2026-01-24,SKU-1013,Pasta,412.0,4936,4524.0,10,False,415.0,473.0,530.4285714285714,521.4285714285714,512.4285714285714,18.0,5,8.528952329652572
2026-01-25,SKU-1013,Pasta,399.0,0,4125.0,10,False,412.0,898.0,521.7142857142857,520.5,519.2857142857143,2.428571428571331,6,7.9066265060240974
2026-01-26,SKU-1013,Pasta,309.0,0,3816.0,10,False,399.0,480.0,450.42857142857144,526.0714285714286,601.7142857142857,-151.28571428571422,0,8.471931493815413
2026-01-27,SKU-1013,Pasta,482.0,0,3334.0,10,False,309.0,592.0,426.0,520.5714285714286,615.1428571428571,-189.1428571428571,1,7.826291079812207
2026-01-28,SKU-1013,Pasta,548.0,0,2786.0,10,False,482.0,348.0,410.2857142857143,517.0,623.7142857142857,-213.4285714285714,2,6.790389972144847
2026-01-29,SKU-1013,Pasta,461.0,0,2325.0,10,False,548.0,507.0,438.85714285714283,523.5714285714286,608.2857142857143,-169.4285714285715,3,5.2978515625
2026-01-30,SKU-1013,Pasta,604.0,4646,6367.0,10,False,461.0,415.0,432.2857142857143,480.0,527.7142857142857,-95.42857142857139,4,14.728684732319895
2026-01-31,SKU-1013,Pasta,416.0,0,5951.0,10,False,604.0,412.0,459.2857142857143,494.85714285714283,530.4285714285714,-71.14285714285717,5,12.957076205287715
2026-02-01,SKU-1013,Pasta,399.0,0,5552.0,10,False,416.0,399.0,459.85714285714283,490.7857142857143,521.7142857142857,-61.85714285714283,6,12.073314694004349
2026-02-02,SKU-1013,Pasta,292.0,0,5260.0,10,False,399.0,309.0,459.85714285714283,455.14285714285717,450.42857142857144,9.428571428571388,0,11.438334886610749
2026-02-03,SKU-1013,Pasta,504.0,0,4756.0,10,False,292.0,482.0,457.42857142857144,441.7142857142857,426.0,31.428571428571445,1,10.397251717676452
2026-02-04,SKU-1013,Pasta,581.0,0,4175.0,10,False,504.0,548.0,460.57142857142856,435.42857142857144,410.2857142857143,50.28571428571428,2,9.064826302729529
2026-02-05,SKU-1013,Pasta,400.0,0,3775.0,10,False,581.0,461.0,465.2857142857143,452.07142857142856,438.85714285714283,26.428571428571445,3,8.113294442738717
2026-02-06,SKU-1013,Pasta,378.0,0,3397.0,10,False,400.0,604.0,456.57142857142856,444.42857142857144,432.2857142857143,24.285714285714278,4,7.440237797246558
2026-02-07,SKU-1013,Pasta,452.0,0,2945.0,10,False,378.0,416.0,424.2857142857143,441.7857142857143,459.2857142857143,-35.0,5,6.941077441077441
2026-02-08,SKU-1013,Pasta,413.0,0,2532.0,10,False,452.0,399.0,429.42857142857144,444.64285714285717,459.85714285714283,-30.428571428571388,6,5.896207584830339
2026-02-09,SKU-1013,Pasta,423.0,5185,7294.0,10,False,413.0,292.0,431.42857142857144,445.64285714285717,459.85714285714283,-28.428571428571388,0,16.90662251655629
2026-02-10,SKU-1013,Pasta,521.0,0,6773.0,10,False,423.0,504.0,450.14285714285717,453.7857142857143,457.42857142857144,-7.285714285714278,1,15.046334496985084
2026-02-11,SKU-1013,Pasta,494.0,0,6279.0,10,False,521.0,581.0,452.57142857142856,456.57142857142856,460.57142857142856,-8.0,2,13.874053030303031
2026-02-12,SKU-1013,Pasta,429.0,0,5850.0,10,False,494.0,400.0,440.14285714285717,452.7142857142857,465.2857142857143,-25.14285714285711,3,13.291139240506329
2026-02-13,SKU-1013,Pasta,518.0,0,5332.0,10,False,429.0,378.0,444.2857142857143,450.42857142857144,456.57142857142856,-12.285714285714278,4,12.00128617363344
2026-02-14,SKU-1013,Pasta,429.0,0,4903.0,10,False,518.0,452.0,464.2857142857143,444.2857142857143,424.2857142857143,40.0,5,10.560307692307692
2026-02-15,SKU-1013,Pasta,447.0,0,4456.0,10,False,429.0,413.0,461.0,445.2142857142857,429.42857142857144,31.571428571428555,6,9.66594360086768
2026-02-16,SKU-1013,Pasta,494.0,0,3962.0,10,False,447.0,423.0,465.85714285714283,448.64285714285717,431.42857142857144,34.42857142857139,0,8.504753143207605
2026-02-17,SKU-1013,Pasta,532.0,0,3430.0,10,False,494.0,521.0,476.0,463.07142857142856,450.14285714285717,25.857142857142833,1,7.205882352941177
2026-02-18,SKU-1013,Pasta,571.0,0,2859.0,10,False,532.0,494.0,477.57142857142856,465.07142857142856,452.57142857142856,25.0,2,5.9865390367933
2026-02-19,SKU-1013,Pasta,412.0,0,2447.0,10,False,571.0,429.0,488.57142857142856,464.35714285714283,440.14285714285717,48.42857142857139,3,5.008479532163743
2026-02-20,SKU-1013,Pasta,385.0,0,2062.0,10,False,412.0,518.0,486.14285714285717,465.2142857142857,444.2857142857143,41.85714285714289,4,4.241551572142227
2026-02-21,SKU-1013,Pasta,404.0,6577,8235.0,10,False,385.0,429.0,467.14285714285717,465.7142857142857,464.2857142857143,2.8571428571428896,5,17.628440366972477
2026-02-22,SKU-1013,Pasta,491.0,0,7744.0,10,False,404.0,447.0,463.57142857142856,462.2857142857143,461.0,2.571428571428555,6,16.70508474576271
2026-02-23,SKU-1013,Pasta,324.0,0,7420.0,10,False,491.0,494.0,469.85714285714283,467.85714285714283,465.85714285714283,4.0,0,15.792034052903619
2026-02-24,SKU-1013,Pasta,426.0,0,6994.0,10,False,324.0,532.0,445.57142857142856,460.7857142857143,476.0,-30.428571428571445,1,15.696697659506253
2026-02-25,SKU-1013,Pasta,455.0,0,6539.0,10,False,426.0,571.0,430.42857142857144,454.0,477.57142857142856,-47.14285714285711,2,15.191835380019914
2026-02-26,SKU-1013,Pasta,638.0,0,5901.0,10,False,455.0,412.0,413.85714285714283,451.2142857142857,488.57142857142856,-74.71428571428572,3,14.258543320676562
2026-02-27,SKU-1013,Pasta,543.0,0,5358.0,10,False,638.0,385.0,446.14285714285717,466.14285714285717,486.14285714285717,-40.0,4,12.009606147934678
2026-02-28,SKU-1013,Pasta,537.0,0,4821.0,10,False,543.0,404.0,468.7142857142857,467.92857142857144,467.14285714285717,1.5714285714285552,5,10.28558366351722
2026-03-01,SKU-1013,Pasta,392.0,0,4429.0,10,False,537.0,491.0,487.7142857142857,475.64285714285717,463.57142857142856,24.142857142857167,6,9.081136496777972
2026-03-02,SKU-1013,Pasta,553.0,0,3876.0,10,False,392.0,324.0,473.57142857142856,471.7142857142857,469.85714285714283,3.7142857142857224,0,8.184615384615386
2026-03-03,SKU-1013,Pasta,533.0,0,3343.0,10,False,553.0,426.0,506.2857142857143,475.92857142857144,445.57142857142856,60.71428571428572,1,6.602990970654628
2026-03-04,SKU-1013,Pasta,550.0,0,2793.0,10,False,533.0,455.0,521.5714285714286,476.0,430.42857142857144,91.14285714285711,2,5.354971240755957
2026-03-05,SKU-1013,Pasta,416.0,0,2377.0,10,False,550.0,638.0,535.1428571428571,474.5,413.85714285714283,121.28571428571428,3,4.441804591564336
2026-03-06,SKU-1013,Pasta,543.0,0,1834.0,10,False,416.0,543.0,503.42857142857144,474.7857142857143,446.14285714285717,57.28571428571428,4,3.6430192962542565
2026-03-07,SKU-1013,Pasta,416.0,0,1418.0,10,False,543.0,537.0,503.42857142857144,486.07142857142856,468.7142857142857,34.71428571428572,5,2.8166855845629963
2026-03-08,SKU-1013,Pasta,349.0,6569,7638.0,10,False,416.0,392.0,486.14285714285717,486.92857142857144,487.7142857142857,-1.5714285714285552,6,15.711431090214516
2026-03-09,SKU-1013,Pasta,449.0,0,7189.0,10,False,349.0,553.0,480.0,476.7857142857143,473.57142857142856,6.428571428571445,0,14.977083333333333
2026-03-10,SKU-1013,Pasta,537.0,0,6652.0,10,False,449.0,533.0,465.14285714285717,485.7142857142857,506.2857142857143,-41.14285714285711,1,14.3009828009828
2026-03-11,SKU-1013,Pasta,473.0,0,6179.0,10,False,537.0,550.0,465.7142857142857,493.64285714285717,521.5714285714286,-55.85714285714283,2,13.267791411042944
2026-03-12,SKU-1013,Pasta,488.0,0,5691.0,10,False,473.0,416.0,454.7142857142857,494.92857142857144,535.1428571428571,-80.42857142857139,3,12.515551366635249
2026-03-13,SKU-1013,Pasta,451.0,0,5240.0,10,False,488.0,543.0,465.0,484.2142857142857,503.42857142857144,-38.428571428571445,4,11.268817204301076
2026-03-14,SKU-1013,Pasta,400.0,0,4840.0,10,False,451.0,416.0,451.85714285714283,477.64285714285717,503.42857142857144,-51.57142857142861,5,10.711349984192223
2026-03-15,SKU-1013,Pasta,397.0,0,4443.0,10,False,400.0,349.0,449.57142857142856,467.85714285714283,486.14285714285717,-36.57142857142861,6,9.88274547187798
2026-03-16,SKU-1013,Pasta,449.0,0,3994.0,10,False,397.0,449.0,456.42857142857144,468.2142857142857,480.0,-23.571428571428555,0,8.750547730829421
2026-03-17,SKU-1013,Pasta,474.0,0,3520.0,10,False,449.0,537.0,456.42857142857144,460.7857142857143,465.14285714285717,-8.714285714285722,1,7.712050078247261
2026-03-18,SKU-1013,Pasta,1366.0,0,2154.0,10,False,474.0,473.0,447.42857142857144,456.57142857142856,465.7142857142857,-18.285714285714278,2,4.814176245210728
2026-03-19,SKU-1013,Pasta,1292.0,0,862.0,10,False,1366.0,488.0,575.0,514.8571428571429,454.7142857142857,120.28571428571428,3,1.4991304347826087
2026-03-20,SKU-1013,Pasta,448.0,0,414.0,10,False,1292.0,451.0,689.8571428571429,577.4285714285714,465.0,224.8571428571429,4,0.6001242493269828
2026-03-21,SKU-1013,Pasta,386.0,0,28.0,10,False,448.0,400.0,689.4285714285714,570.6428571428571,451.85714285714283,237.5714285714286,5,0.04061334438458351
2026-03-22,SKU-1013,Pasta,465.0,0,0.0,10,False,386.0,397.0,687.4285714285714,568.5,449.57142857142856,237.8571428571429,6,0.0
2026-03-23,SKU-1013,Pasta,447.0,0,0.0,10,False,465.0,449.0,697.1428571428571,576.7857142857143,456.42857142857144,240.71428571428567,0,0.0
2026-03-24,SKU-1013,Pasta,457.0,0,0.0,10,False,447.0,474.0,696.8571428571429,576.6428571428571,456.42857142857144,240.42857142857144,1,0.0
2026-03-25,SKU-1013,Pasta,483.0,5799,5316.0,10,False,457.0,1366.0,694.4285714285714,570.9285714285714,447.42857142857144,247.0,2,7.655214976342316
2026-03-26,SKU-1013,Pasta,348.0,0,4968.0,10,False,483.0,1292.0,568.2857142857143,571.6428571428571,575.0,-6.714285714285666,3,8.7420814479638
2026-03-27,SKU-1013,Pasta,448.0,0,4520.0,10,False,348.0,448.0,433.42857142857144,561.6428571428571,689.8571428571429,-256.42857142857144,4,10.42847725774555
2026-03-28,SKU-1013,Pasta,499.0,0,4021.0,10,False,448.0,386.0,433.42857142857144,561.4285714285714,689.4285714285714,-256.0,5,9.277191825972313
2026-03-29,SKU-1013,Pasta,376.0,0,3645.0,10,False,499.0,465.0,449.57142857142856,568.5,687.4285714285714,-237.8571428571429,6,8.107721639656816
2026-03-30,SKU-1013,Pasta,637.0,0,3008.0,10,False,376.0,447.0,436.85714285714283,567.0,697.1428571428571,-260.2857142857143,0,6.8855461085676914
2026-03-31,SKU-1013,Pasta,577.0,0,2431.0,10,False,637.0,457.0,464.0,580.4285714285714,696.8571428571429,-232.8571428571429,1,5.239224137931035
2026-04-01,SKU-1013,Pasta,565.0,0,1866.0,10,False,577.0,483.0,481.14285714285717,587.7857142857143,694.4285714285714,-213.28571428571428,2,3.8782660332541568
2026-04-02,SKU-1013,Pasta,539.0,0,1327.0,10,False,565.0,348.0,492.85714285714283,530.5714285714286,568.2857142857143,-75.4285714285715,3,2.692463768115942
2026-04-03,SKU-1013,Pasta,441.0,0,886.0,10,False,539.0,448.0,520.1428571428571,476.7857142857143,433.42857142857144,86.71428571428567,4,1.7033781928041747
2026-04-04,SKU-1013,Pasta,386.0,6215,6715.0,10,False,441.0,499.0,519.1428571428571,476.2857142857143,433.42857142857144,85.71428571428567,5,12.934782608695652
2026-04-05,SKU-1013,Pasta,411.0,0,6304.0,10,False,386.0,376.0,503.0,476.2857142857143,449.57142857142856,53.428571428571445,6,12.532803180914513
2026-04-06,SKU-1013,Pasta,379.0,0,5925.0,10,False,411.0,637.0,508.0,472.42857142857144,436.85714285714283,71.14285714285717,0,11.663385826771654
2026-04-07,SKU-1013,Pasta,477.0,0,5448.0,10,False,379.0,577.0,471.14285714285717,467.57142857142856,464.0,7.142857142857167,1,11.563371740448757
2026-04-08,SKU-1013,Pasta,481.0,0,4967.0,10,False,477.0,565.0,456.85714285714283,469.0,481.14285714285717,-24.285714285714334,2,10.872107567229518
2026-04-09,SKU-1013,Pasta,610.0,0,4357.0,10,False,481.0,539.0,444.85714285714283,468.85714285714283,492.85714285714283,-48.0,3,9.794155427103405
2026-04-10,SKU-1013,Pasta,451.0,0,3906.0,10,False,610.0,441.0,455.0,487.57142857142856,520.1428571428571,-65.14285714285711,4,8.584615384615384
2026-04-11,SKU-1013,Pasta,386.0,0,3520.0,10,False,451.0,386.0,456.42857142857144,487.7857142857143,519.1428571428571,-62.714285714285666,5,7.712050078247261
2026-04-12,SKU-1013,Pasta,422.0,6375,9473.0,10,False,386.0,411.0,456.42857142857144,479.7142857142857,503.0,-46.571428571428555,6,20.754616588419406
2026-04-13,SKU-1013,Pasta,497.0,0,8976.0,10,False,422.0,379.0,458.0,483.0,508.0,-50.0,0,19.59825327510917
2026-04-14,SKU-1013,Pasta,585.0,0,8391.0,10,False,497.0,477.0,474.85714285714283,473.0,471.14285714285717,3.7142857142856656,1,17.670577617328522
2026-04-15,SKU-1013,Pasta,617.0,0,7774.0,10,False,585.0,481.0,490.2857142857143,473.57142857142856,456.85714285714283,33.428571428571445,2,15.856060606060606
2026-04-16,SKU-1013,Pasta,623.0,0,7151.0,10,False,617.0,610.0,509.7142857142857,477.2857142857143,444.85714285714283,64.85714285714289,3,14.029428251121075
2026-04-17,SKU-1013,Pasta,416.0,0,6735.0,10,False,623.0,451.0,511.57142857142856,483.2857142857143,455.0,56.571428571428555,4,13.165316950572466
2026-04-18,SKU-1013,Pasta,384.0,0,6351.0,10,False,416.0,386.0,506.57142857142856,481.5,456.42857142857144,50.14285714285711,5,12.537225042301184
2026-04-19,SKU-1013,Pasta,394.0,0,5957.0,10,False,384.0,422.0,506.2857142857143,481.35714285714283,456.42857142857144,49.85714285714283,6,11.766083521444695
2026-04-20,SKU-1013,Pasta,410.0,0,5547.0,10,False,394.0,497.0,502.2857142857143,480.14285714285717,458.0,44.28571428571428,0,11.043515358361775
2026-04-21,SKU-1013,Pasta,575.0,0,4972.0,10,False,410.0,585.0,489.85714285714283,482.35714285714283,474.85714285714283,15.0,1,10.149897929425489
2026-04-22,SKU-1013,Pasta,420.0,0,4552.0,10,False,575.0,617.0,488.42857142857144,489.35714285714283,490.2857142857143,-1.8571428571428328,2,9.319684118163206
2026-04-23,SKU-1013,Pasta,567.0,0,3985.0,10,False,420.0,623.0,460.2857142857143,485.0,509.7142857142857,-49.428571428571445,3,8.657666045934203
2026-04-24,SKU-1013,Pasta,352.0,0,3633.0,10,False,567.0,416.0,452.2857142857143,481.92857142857144,511.57142857142856,-59.28571428571428,4,8.032533164876817
2026-04-25,SKU-1013,Pasta,334.0,0,3299.0,10,False,352.0,384.0,443.14285714285717,474.85714285714283,506.57142857142856,-63.42857142857139,5,7.44455190199871
2026-04-26,SKU-1013,Pasta,402.0,0,2897.0,10,False,334.0,394.0,436.0,471.14285714285717,506.2857142857143,-70.28571428571428,6,6.644495412844036
2026-04-27,SKU-1013,Pasta,519.0,0,2378.0,10,False,402.0,410.0,437.14285714285717,469.7142857142857,502.2857142857143,-65.14285714285711,0,5.439869281045751
2026-04-28,SKU-1013,Pasta,535.0,0,1843.0,10,False,519.0,575.0,452.7142857142857,471.2857142857143,489.85714285714283,-37.14285714285711,1,4.071000315556958
2026-04-29,SKU-1013,Pasta,460.0,0,1383.0,10,False,535.0,420.0,447.0,467.7142857142857,488.42857142857144,-41.428571428571445,2,3.0939597315436242
2026-04-30,SKU-1013,Pasta,336.0,0,1047.0,10,False,460.0,567.0,452.7142857142857,456.5,460.2857142857143,-7.571428571428555,3,2.312716945408646
2026-05-01,SKU-1013,Pasta,470.0,5258,5835.0,10,False,336.0,352.0,419.7142857142857,436.0,452.2857142857143,-32.571428571428555,4,13.902314499659632
2026-05-02,SKU-1013,Pasta,436.0,0,5399.0,10,False,470.0,334.0,436.57142857142856,439.85714285714283,443.14285714285717,-6.571428571428612,5,12.366819371727749
2026-05-03,SKU-1013,Pasta,400.0,0,4999.0,10,False,436.0,402.0,451.14285714285717,443.57142857142856,436.0,15.142857142857167,6,11.080747308423051
2026-05-04,SKU-1013,Pasta,471.0,0,4528.0,10,False,400.0,519.0,450.85714285714283,444.0,437.14285714285717,13.714285714285666,0,10.043092522179975
2026-05-05,SKU-1013,Pasta,388.0,0,4140.0,10,False,471.0,535.0,444.0,448.35714285714283,452.7142857142857,-8.714285714285722,1,9.324324324324325
2026-05-06,SKU-1013,Pasta,464.0,0,3676.0,10,False,388.0,460.0,423.0,435.0,447.0,-24.0,2,8.6903073286052
2026-05-07,SKU-1013,Pasta,494.0,0,3182.0,10,False,464.0,336.0,423.57142857142856,438.14285714285717,452.7142857142857,-29.142857142857167,3,7.512310286677909
2026-05-08,SKU-1013,Pasta,521.0,5032,7693.0,10,False,494.0,470.0,446.14285714285717,432.92857142857144,419.7142857142857,26.428571428571445,4,17.243355747678514
2026-05-09,SKU-1013,Pasta,365.0,0,7328.0,10,False,521.0,436.0,453.42857142857144,445.0,436.57142857142856,16.85714285714289,5,16.161310649023314
2026-05-10,SKU-1013,Pasta,941.0,0,6387.0,10,False,365.0,400.0,443.2857142857143,447.2142857142857,451.14285714285717,-7.85714285714289,6,14.408314534321624
2026-05-11,SKU-1013,Pasta,493.0,0,5894.0,10,False,941.0,471.0,520.5714285714286,485.7142857142857,450.85714285714283,69.71428571428572,0,11.322173435784853
2026-05-12,SKU-1013,Pasta,322.0,0,5572.0,10,False,493.0,388.0,523.7142857142857,483.85714285714283,444.0,79.71428571428567,1,10.639388979814512
2026-05-13,SKU-1013,Pasta,535.0,0,5037.0,10,False,322.0,464.0,514.2857142857143,468.64285714285717,423.0,91.28571428571433,2,9.794166666666666
2026-05-14,SKU-1013,Pasta,535.0,0,4564.0,10,False,535.0,494.0,524.4285714285714,474.0,423.57142857142856,100.85714285714289,3,8.70280577499319
2026-05-15,SKU-1013,Pasta,376.0,0,4188.0,10,False,535.0,521.0,530.2857142857143,488.2142857142857,446.14285714285717,84.14285714285717,4,7.8976293103448265
2026-05-16,SKU-1013,Pasta,228.0,0,3960.0,10,False,376.0,365.0,509.57142857142856,481.5,453.42857142857144,56.14285714285711,5,7.771236333052986
2026-05-17,SKU-1013,Pasta,367.0,0,3593.0,10,False,228.0,941.0,490.0,466.64285714285717,443.2857142857143,46.71428571428572,6,7.33265306122449
2026-05-18,SKU-1013,Pasta,416.0,0,3177.0,10,False,367.0,493.0,408.0,464.2857142857143,520.5714285714286,-112.57142857142856,0,7.786764705882353
2026-05-19,SKU-1013,Pasta,514.0,0,2663.0,10,False,416.0,322.0,397.0,460.35714285714283,523.7142857142857,-126.71428571428567,1,6.707808564231738
2026-05-20,SKU-1013,Pasta,422.0,5661,7902.0,10,False,514.0,535.0,424.42857142857144,469.35714285714283,514.2857142857143,-89.85714285714289,2,18.617973746213394
2026-05-21,SKU-1013,Pasta,524.0,0,7378.0,10,False,422.0,535.0,408.2857142857143,466.35714285714283,524.4285714285714,-116.14285714285717,3,18.070678796361094
2026-05-22,SKU-1013,Pasta,436.0,0,6942.0,10,False,524.0,376.0,406.7142857142857,468.5,530.2857142857143,-123.57142857142861,4,17.06849315068493
2026-05-23,SKU-1013,Pasta,368.0,0,6574.0,10,False,436.0,228.0,415.2857142857143,462.42857142857144,509.57142857142856,-94.28571428571428,5,15.830065359477125
2026-05-24,SKU-1013,Pasta,479.0,0,6095.0,10,False,368.0,367.0,435.2857142857143,462.64285714285717,490.0,-54.71428571428572,6,14.002297341647523
2026-05-25,SKU-1013,Pasta,491.0,0,5604.0,10,False,479.0,416.0,451.2857142857143,429.64285714285717,408.0,43.28571428571428,0,12.417853751187085
2026-05-26,SKU-1013,Pasta,416.0,0,5188.0,10,False,491.0,514.0,462.0,429.5,397.0,65.0,1,11.229437229437229
2026-05-27,SKU-1013,Pasta,430.0,0,4758.0,10,False,416.0,422.0,448.0,436.2142857142857,424.42857142857144,23.571428571428555,2,10.620535714285714
2026-05-28,SKU-1013,Pasta,505.0,0,4253.0,10,False,430.0,524.0,449.14285714285717,428.7142857142857,408.2857142857143,40.85714285714289,3,9.4691475826972
2026-05-29,SKU-1013,Pasta,372.0,0,3881.0,10,False,505.0,436.0,446.42857142857144,426.57142857142856,406.7142857142857,39.71428571428572,4,8.693439999999999
2026-05-30,SKU-1013,Pasta,485.0,0,3396.0,10,False,372.0,368.0,437.2857142857143,426.2857142857143,415.2857142857143,22.0,5,7.766089513230971
2026-05-31,SKU-1013,Pasta,442.0,0,2954.0,10,False,485.0,479.0,454.0,444.64285714285717,435.2857142857143,18.714285714285722,6,6.506607929515418
2026-06-01,SKU-1013,Pasta,432.0,0,2522.0,10,False,442.0,491.0,448.7142857142857,450.0,451.2857142857143,-2.571428571428555,0,5.620503024514486
2026-06-02,SKU-1013,Pasta,579.0,0,1943.0,10,False,432.0,416.0,440.2857142857143,451.14285714285717,462.0,-21.714285714285722,1,4.41304347826087
2026-06-03,SKU-1013,Pasta,485.0,0,1458.0,10,False,579.0,430.0,463.57142857142856,455.7857142857143,448.0,15.571428571428555,2,3.145146379044684
2026-06-04,SKU-1013,Pasta,517.0,0,941.0,10,False,485.0,505.0,471.42857142857144,460.2857142857143,449.14285714285717,22.285714285714278,3,1.996060606060606
2026-06-05,SKU-1013,Pasta,457.0,4717,5201.0,10,False,517.0,372.0,473.14285714285717,459.7857142857143,446.42857142857144,26.714285714285722,4,10.992451690821255
2026-06-06,SKU-1013,Pasta,392.0,0,4809.0,10,False,457.0,485.0,485.2857142857143,461.2857142857143,437.2857142857143,48.0,5,9.909626140712394
2026-06-07,SKU-1013,Pasta,382.0,0,4427.0,10,False,392.0,442.0,472.0,463.0,454.0,18.0,6,9.379237288135593
2026-06-08,SKU-1013,Pasta,434.0,0,3993.0,10,False,382.0,432.0,463.42857142857144,456.07142857142856,448.7142857142857,14.714285714285722,0,8.616214549938347
2026-06-09,SKU-1013,Pasta,427.0,0,3566.0,10,False,434.0,579.0,463.7142857142857,452.0,440.2857142857143,23.428571428571445,1,7.690080098582871
2026-06-10,SKU-1013,Pasta,452.0,0,3114.0,10,False,427.0,485.0,442.0,452.7857142857143,463.57142857142856,-21.571428571428555,2,7.04524886877828
2026-06-11,SKU-1013,Pasta,615.0,0,2499.0,10,False,452.0,517.0,437.2857142857143,454.35714285714283,471.42857142857144,-34.14285714285717,3,5.714799085266253
2026-06-12,SKU-1013,Pasta,615.0,5844,7860.0,10,False,615.0,457.0,451.2857142857143,462.2142857142857,473.14285714285717,-21.85714285714289,4,17.41690408357075
2026-06-13,SKU-1013,Pasta,419.0,0,7441.0,10,False,615.0,392.0,473.85714285714283,479.57142857142856,485.2857142857143,-11.428571428571445,5,15.703044920108532
2026-06-14,SKU-1013,Pasta,529.0,0,6912.0,10,False,419.0,382.0,477.7142857142857,474.85714285714283,472.0,5.714285714285722,6,14.4688995215311
2026-06-15,SKU-1013,Pasta,612.0,0,6300.0,10,False,529.0,434.0,498.7142857142857,481.07142857142856,463.42857142857144,35.28571428571428,0,12.632483529074763
2026-06-16,SKU-1013,Pasta,609.0,0,5691.0,10,False,612.0,427.0,524.1428571428571,493.92857142857144,463.7142857142857,60.42857142857139,1,10.85772690106296
2026-06-17,SKU-1013,Pasta,472.0,0,5219.0,10,False,609.0,452.0,550.1428571428571,496.07142857142856,442.0,108.14285714285711,2,9.486626850168788
2026-06-18,SKU-1013,Pasta,481.0,0,4738.0,10,False,472.0,615.0,553.0,495.14285714285717,437.2857142857143,115.71428571428572,3,8.567811934900542
2026-06-19,SKU-1013,Pasta,463.0,0,4275.0,10,False,481.0,615.0,533.8571428571429,492.57142857142856,451.2857142857143,82.57142857142861,4,8.007760235483007
2026-06-20,SKU-1013,Pasta,475.0,0,3800.0,10,False,463.0,419.0,512.1428571428571,493.0,473.85714285714283,38.28571428571428,5,7.4198047419804745
2026-06-21,SKU-1013,Pasta,396.0,0,3404.0,10,False,475.0,529.0,520.1428571428571,498.92857142857144,477.7142857142857,42.42857142857139,6,6.544355946168635
2026-06-22,SKU-1013,Pasta,458.0,0,2946.0,10,False,396.0,612.0,501.14285714285717,499.92857142857144,498.7142857142857,2.428571428571445,0,5.878563283922463
2026-06-23,SKU-1013,Pasta,451.0,4806,7301.0,10,False,458.0,609.0,479.14285714285717,501.64285714285717,524.1428571428571,-44.99999999999994,1,15.237626714370899
2026-06-24,SKU-1013,Pasta,488.0,0,6813.0,10,False,451.0,472.0,456.57142857142856,503.35714285714283,550.1428571428571,-93.57142857142856,2,14.922090112640802
2026-06-25,SKU-1013,Pasta,433.0,0,6380.0,10,False,488.0,481.0,458.85714285714283,505.92857142857144,553.0,-94.14285714285717,3,13.904109589041097
2026-06-26,SKU-1013,Pasta,524.0,0,5856.0,10,False,433.0,463.0,452.0,492.92857142857144,533.8571428571429,-81.85714285714289,4,12.955752212389381
2026-06-27,SKU-1013,Pasta,494.0,0,5362.0,10,False,524.0,475.0,460.7142857142857,486.42857142857144,512.1428571428571,-51.42857142857139,5,11.6384496124031
2026-06-28,SKU-1013,Pasta,495.0,0,4867.0,10,False,494.0,396.0,463.42857142857144,491.7857142857143,520.1428571428571,-56.714285714285666,6,10.502157829839703
2026-06-29,SKU-1013,Pasta,472.0,0,4395.0,10,False,495.0,458.0,477.57142857142856,489.35714285714283,501.14285714285717,-23.571428571428612,0,9.202811845647622
2026-01-01,SKU-1014,Snacks,345.0,0,1726.0,7,False,,,,,,,3,
2026-01-02,SKU-1014,Snacks,207.0,2945,4464.0,7,False,345.0,,,,,,4,
2026-01-03,SKU-1014,Snacks,251.0,0,4213.0,7,False,207.0,,,,,,5,
2026-01-04,SKU-1014,Snacks,197.0,0,4016.0,7,False,251.0,,,,,,6,
2026-01-05,SKU-1014,Snacks,382.0,0,3634.0,7,False,197.0,,,,,,0,
2026-01-06,SKU-1014,Snacks,296.0,0,3338.0,7,False,382.0,,,,,,1,
2026-01-07,SKU-1014,Snacks,264.0,0,3074.0,7,False,296.0,,,,,,2,
2026-01-08,SKU-1014,Snacks,332.0,0,2742.0,7,False,264.0,345.0,277.42857142857144,,,,3,9.883625128733264
2026-01-09,SKU-1014,Snacks,268.0,0,2474.0,7,False,332.0,207.0,275.57142857142856,,,,4,8.977708657335407
2026-01-10,SKU-1014,Snacks,293.0,0,2181.0,7,False,268.0,251.0,284.2857142857143,,,,5,7.671859296482412
2026-01-11,SKU-1014,Snacks,217.0,0,1964.0,7,False,293.0,197.0,290.2857142857143,,,,6,6.765748031496063
2026-01-12,SKU-1014,Snacks,253.0,0,1711.0,7,False,217.0,382.0,293.14285714285717,,,,0,5.836744639376218
2026-01-13,SKU-1014,Snacks,240.0,0,1471.0,7,False,253.0,296.0,274.7142857142857,,,,1,5.354654186167447
2026-01-14,SKU-1014,Snacks,392.0,0,1079.0,7,False,240.0,264.0,266.7142857142857,,,,2,4.045527584359935
2026-01-15,SKU-1014,Snacks,373.0,2987,3693.0,7,False,392.0,332.0,285.0,281.2142857142857,277.42857142857144,7.571428571428555,3,12.957894736842105
2026-01-16,SKU-1014,Snacks,144.0,0,3549.0,7,False,373.0,268.0,290.85714285714283,283.2142857142857,275.57142857142856,15.285714285714278,4,12.201866404715128
2026-01-17,SKU-1014,Snacks,182.0,0,3367.0,7,False,144.0,293.0,273.14285714285717,278.7142857142857,284.2857142857143,-11.14285714285711,5,12.326882845188283
2026-01-18,SKU-1014,Snacks,308.0,0,3059.0,7,False,182.0,217.0,257.2857142857143,273.7857142857143,290.2857142857143,-33.0,6,11.889505830094393
2026-01-19,SKU-1014,Snacks,360.0,0,2699.0,7,False,308.0,253.0,270.2857142857143,281.7142857142857,293.14285714285717,-22.85714285714289,0,9.985729386892178
2026-01-20,SKU-1014,Snacks,340.0,0,2359.0,7,False,360.0,240.0,285.57142857142856,280.14285714285717,274.7142857142857,10.857142857142833,1,8.260630315157579
2026-01-21,SKU-1014,Snacks,229.0,0,2130.0,7,False,340.0,392.0,299.85714285714283,283.2857142857143,266.7142857142857,33.14285714285711,2,7.103382563125298
2026-01-22,SKU-1014,Snacks,298.0,0,1832.0,7,False,229.0,373.0,276.57142857142856,280.7857142857143,285.0,-8.428571428571445,3,6.623966942148761
2026-01-23,SKU-1014,Snacks,327.0,0,1505.0,7,False,298.0,144.0,265.85714285714283,278.35714285714283,290.85714285714283,-25.0,4,5.6609349811929075
2026-01-24,SKU-1014,Snacks,409.0,0,1096.0,7,False,327.0,182.0,292.0,282.57142857142856,273.14285714285717,18.857142857142833,5,3.7534246575342465
2026-01-25,SKU-1014,Snacks,212.0,0,884.0,7,False,409.0,308.0,324.42857142857144,290.85714285714283,257.2857142857143,67.14285714285717,6,2.7247908410391894
2026-01-26,SKU-1014,Snacks,184.0,0,700.0,7,False,212.0,360.0,310.7142857142857,290.5,270.2857142857143,40.428571428571445,0,2.2528735632183907
2026-01-27,SKU-1014,Snacks,181.0,0,519.0,7,False,184.0,340.0,285.57142857142856,285.57142857142856,285.57142857142856,0.0,1,1.8174087043521763
2026-01-28,SKU-1014,Snacks,412.0,0,107.0,7,False,181.0,229.0,262.85714285714283,281.35714285714283,299.85714285714283,-37.0,2,0.4070652173913044
2026-01-29,SKU-1014,Snacks,297.0,0,0.0,7,False,412.0,298.0,289.0,282.7857142857143,276.57142857142856,12.428571428571445,3,0.0
2026-01-30,SKU-1014,Snacks,194.0,0,0.0,7,False,297.0,327.0,288.85714285714283,277.35714285714283,265.85714285714283,23.0,4,0.0
2026-01-31,SKU-1014,Snacks,31.0,2653,2622.0,7,False,194.0,409.0,269.85714285714283,280.92857142857144,292.0,-22.142857142857167,5,9.716251985177344
2026-02-01,SKU-1014,Snacks,191.0,0,2431.0,7,False,31.0,212.0,215.85714285714286,270.14285714285717,324.42857142857144,-108.57142857142858,6,11.262078093977498
2026-02-02,SKU-1014,Snacks,286.0,0,2145.0,7,False,191.0,184.0,212.85714285714286,261.7857142857143,310.7142857142857,-97.85714285714286,0,10.077181208053691
2026-02-03,SKU-1014,Snacks,300.0,0,1845.0,7,False,286.0,181.0,227.42857142857142,256.5,285.57142857142856,-58.14285714285714,1,8.112437185929648
2026-02-04,SKU-1014,Snacks,316.0,0,1845.0,7,False,300.0,412.0,244.42857142857142,253.64285714285714,262.85714285714283,-18.428571428571416,2,7.548217416715372
2026-02-05,SKU-1014,Snacks,199.0,0,1330.0,7,False,316.0,297.0,230.71428571428572,259.85714285714283,289.0,-58.28571428571428,3,5.764705882352941
2026-02-06,SKU-1014,Snacks,193.0,0,1137.0,7,False,199.0,194.0,216.71428571428572,252.78571428571428,288.85714285714283,-72.14285714285711,4,5.246539222148978
2026-02-07,SKU-1014,Snacks,239.0,2727,3625.0,7,False,193.0,31.0,216.57142857142858,243.21428571428572,269.85714285714283,-53.28571428571425,5,16.738126649076516
2026-02-08,SKU-1014,Snacks,257.0,0,3368.0,7,False,239.0,191.0,246.28571428571428,231.07142857142858,215.85714285714286,30.428571428571416,6,13.675174013921113
2026-02-09,SKU-1014,Snacks,235.0,0,3133.0,7,False,257.0,286.0,255.71428571428572,234.28571428571428,212.85714285714286,42.85714285714286,0,12.25195530726257
2026-02-10,SKU-1014,Snacks,256.0,0,2877.0,7,False,235.0,300.0,248.42857142857142,237.92857142857142,227.42857142857142,21.0,1,11.580793559516964
2026-02-11,SKU-1014,Snacks,277.0,0,2600.0,7,False,256.0,316.0,242.14285714285714,243.28571428571428,244.42857142857142,-2.2857142857142776,2,10.737463126843657
2026-02-12,SKU-1014,Snacks,180.0,0,2420.0,7,False,277.0,199.0,236.57142857142858,233.64285714285714,230.71428571428572,5.857142857142861,3,10.229468599033815
2026-02-13,SKU-1014,Snacks,240.0,0,2180.0,7,False,180.0,193.0,233.85714285714286,225.28571428571428,216.71428571428572,17.14285714285714,4,9.321930360415394
2026-02-14,SKU-1014,Snacks,242.0,0,1938.0,7,False,240.0,239.0,240.57142857142858,228.57142857142858,216.57142857142858,24.0,5,8.055819477434678
2026-02-15,SKU-1014,Snacks,342.0,0,1596.0,7,False,242.0,257.0,241.0,243.64285714285714,246.28571428571428,-5.285714285714278,6,6.622406639004149
2026-02-16,SKU-1014,Snacks,347.0,0,1249.0,7,False,342.0,235.0,253.14285714285714,254.42857142857142,255.71428571428572,-2.5714285714285836,0,4.933972911963883
2026-02-17,SKU-1014,Snacks,110.0,0,1139.0,7,False,347.0,256.0,269.14285714285717,258.7857142857143,248.42857142857142,20.71428571428575,1,4.2319532908704875
2026-02-18,SKU-1014,Snacks,340.0,0,799.0,7,False,110.0,277.0,248.28571428571428,245.21428571428572,242.14285714285714,6.142857142857139,2,3.2180667433831993
2026-02-19,SKU-1014,Snacks,354.0,2064,2509.0,7,False,340.0,180.0,257.2857142857143,246.92857142857142,236.57142857142858,20.714285714285694,3,9.751804553026098
2026-02-20,SKU-1014,Snacks,641.0,0,1868.0,7,False,354.0,240.0,282.14285714285717,258.0,233.85714285714286,48.285714285714306,4,6.620759493670885
2026-02-21,SKU-1014,Snacks,245.0,0,1623.0,7,False,641.0,242.0,339.42857142857144,290.0,240.57142857142858,98.85714285714286,5,4.781565656565657
2026-02-22,SKU-1014,Snacks,234.0,2674,4063.0,7,False,245.0,342.0,339.85714285714283,290.42857142857144,241.0,98.85714285714283,6,11.955023118957547
2026-02-23,SKU-1014,Snacks,167.0,0,3896.0,7,False,234.0,347.0,324.42857142857144,288.7857142857143,253.14285714285714,71.2857142857143,0,12.008806693086745
2026-02-23,SKU-1014,Snacks,167.0,0,3896.0,7,False,167.0,110.0,298.7142857142857,283.92857142857144,269.14285714285717,29.571428571428555,0,13.042563366810139
2026-02-24,SKU-1014,Snacks,241.0,0,3655.0,7,False,167.0,340.0,306.85714285714283,277.57142857142856,248.28571428571428,58.571428571428555,1,11.911080074487897
2026-02-25,SKU-1014,Snacks,294.0,0,3361.0,7,False,241.0,354.0,292.7142857142857,275.0,257.2857142857143,35.428571428571445,2,11.482186432406051
2026-02-26,SKU-1014,Snacks,305.0,0,3056.0,7,False,294.0,641.0,284.14285714285717,283.14285714285717,282.14285714285717,2.0,3,10.755153343388637
2026-02-27,SKU-1014,Snacks,339.0,0,2717.0,7,False,305.0,245.0,236.14285714285714,287.7857142857143,339.42857142857144,-103.2857142857143,4,11.505747126436782
2026-02-28,SKU-1014,Snacks,209.0,0,2508.0,7,False,339.0,234.0,249.57142857142858,294.7142857142857,339.85714285714283,-90.28571428571425,5,10.049227246708643
2026-03-01,SKU-1014,Snacks,247.0,0,2261.0,7,False,209.0,167.0,246.0,285.2142857142857,324.42857142857144,-78.42857142857144,6,9.191056910569106
2026-03-02,SKU-1014,Snacks,220.0,0,2041.0,7,False,247.0,167.0,257.42857142857144,278.07142857142856,298.7142857142857,-41.28571428571428,0,7.928412874583795
2026-03-03,SKU-1014,Snacks,273.0,0,1768.0,7,False,220.0,241.0,265.0,285.92857142857144,306.85714285714283,-41.85714285714283,1,6.6716981132075475
2026-03-04,SKU-1014,Snacks,263.0,0,1505.0,7,False,273.0,294.0,269.57142857142856,281.14285714285717,292.7142857142857,-23.142857142857167,2,5.582935877053524
2026-03-05,SKU-1014,Snacks,304.0,2077,3278.0,7,False,263.0,305.0,265.14285714285717,274.64285714285717,284.14285714285717,-19.0,3,12.363146551724137
2026-03-06,SKU-1014,Snacks,292.0,0,2986.0,7,False,304.0,339.0,265.0,250.57142857142858,236.14285714285714,28.85714285714286,4,11.267924528301887
2026-03-07,SKU-1014,Snacks,214.0,0,2772.0,7,False,292.0,209.0,258.2857142857143,253.92857142857142,249.57142857142858,8.714285714285694,5,10.732300884955752
2026-03-08,SKU-1014,Snacks,311.0,0,2461.0,7,False,214.0,247.0,259.0,252.5,246.0,13.0,6,9.501930501930502
2026-03-09,SKU-1014,Snacks,322.0,0,2139.0,7,False,311.0,220.0,268.14285714285717,262.7857142857143,257.42857142857144,10.714285714285722,0,7.977091102823654
2026-03-10,SKU-1014,Snacks,311.0,0,1828.0,7,False,322.0,273.0,282.7142857142857,273.85714285714283,265.0,17.714285714285722,1,6.46589186457807
2026-03-11,SKU-1014,Snacks,650.0,0,1178.0,7,False,311.0,263.0,288.14285714285717,278.85714285714283,269.57142857142856,18.571428571428612,2,4.088249876053545
2026-03-12,SKU-1014,Snacks,311.0,0,867.0,7,False,650.0,304.0,343.42857142857144,304.2857142857143,265.14285714285717,78.28571428571428,3,2.5245424292845255
2026-03-13,SKU-1014,Snacks,224.0,0,643.0,7,False,311.0,292.0,344.42857142857144,304.7142857142857,265.0,79.42857142857144,4,1.8668602239734549
2026-03-14,SKU-1014,Snacks,286.0,0,357.0,7,False,224.0,214.0,334.7142857142857,296.5,258.2857142857143,76.42857142857144,5,1.0665813060179257
2026-03-15,SKU-1014,Snacks,422.0,0,0.0,7,False,286.0,311.0,345.0,302.0,259.0,86.0,6,0.0
2026-03-16,SKU-1014,Snacks,310.0,0,0.0,7,False,422.0,322.0,360.85714285714283,314.5,268.14285714285717,92.71428571428567,0,0.0
2026-03-17,SKU-1014,Snacks,329.0,0,0.0,7,False,310.0,311.0,359.14285714285717,320.92857142857144,282.7142857142857,76.42857142857144,1,0.0
2026-03-18,SKU-1014,Snacks,364.0,0,0.0,7,False,329.0,650.0,361.7142857142857,324.92857142857144,288.14285714285717,73.57142857142856,2,0.0
2026-03-19,SKU-1014,Snacks,155.0,2282,2127.0,7,False,364.0,311.0,320.85714285714283,332.14285714285717,343.42857142857144,-22.571428571428612,3,6.629118432769368
2026-03-20,SKU-1014,Snacks,211.0,0,1916.0,7,False,155.0,224.0,298.57142857142856,321.5,344.42857142857144,-45.85714285714289,4,6.417224880382776
2026-03-21,SKU-1014,Snacks,263.0,0,1653.0,7,False,211.0,286.0,296.7142857142857,315.7142857142857,334.7142857142857,-38.0,5,5.571015888300433
2026-03-22,SKU-1014,Snacks,94.0,0,1559.0,7,False,263.0,422.0,293.42857142857144,319.2142857142857,345.0,-51.571428571428555,6,5.313047711781889
2026-03-23,SKU-1014,Snacks,259.0,0,1300.0,7,False,94.0,310.0,246.57142857142858,303.7142857142857,360.85714285714283,-114.28571428571425,0,5.272305909617613
2026-03-24,SKU-1014,Snacks,341.0,2546,3505.0,7,False,259.0,329.0,239.28571428571428,299.2142857142857,359.14285714285717,-119.85714285714289,1,14.64776119402985
2026-03-25,SKU-1014,Snacks,238.0,0,3267.0,7,False,341.0,364.0,241.0,301.35714285714283,361.7142857142857,-120.71428571428572,2,13.556016597510373
2026-03-26,SKU-1014,Snacks,330.0,0,2937.0,7,False,238.0,155.0,223.0,271.92857142857144,320.85714285714283,-97.85714285714283,3,13.170403587443946
2026-03-27,SKU-1014,Snacks,286.0,0,2651.0,7,False,330.0,211.0,248.0,273.2857142857143,298.57142857142856,-50.571428571428555,4,10.689516129032258
2026-03-28,SKU-1014,Snacks,201.0,0,2450.0,7,False,286.0,263.0,258.7142857142857,277.7142857142857,296.7142857142857,-38.0,5,9.469906129210381
2026-03-29,SKU-1014,Snacks,317.0,0,2133.0,7,False,201.0,94.0,249.85714285714286,271.64285714285717,293.42857142857144,-43.571428571428584,6,8.5368782161235
2026-03-30,SKU-1014,Snacks,331.0,0,1802.0,7,False,317.0,259.0,281.7142857142857,264.14285714285717,246.57142857142858,35.14285714285714,0,6.396551724137931
2026-03-31,SKU-1014,Snacks,414.0,0,1388.0,7,False,331.0,341.0,292.0,265.64285714285717,239.28571428571428,52.71428571428572,1,4.7534246575342465
2026-04-01,SKU-1014,Snacks,414.0,0,1120.0,7,False,414.0,238.0,302.42857142857144,271.7142857142857,241.0,61.428571428571445,2,3.703353802550779
2026-04-02,SKU-1014,Snacks,237.0,2515,3398.0,7,False,414.0,330.0,327.57142857142856,275.2857142857143,223.0,104.57142857142856,3,10.373310074138683
2026-04-03,SKU-1014,Snacks,177.0,0,3221.0,7,False,237.0,286.0,314.2857142857143,281.14285714285717,248.0,66.28571428571428,4,10.248636363636363
2026-04-04,SKU-1014,Snacks,261.0,0,2960.0,7,False,177.0,201.0,298.7142857142857,278.7142857142857,258.7142857142857,40.0,5,9.9091343854615
2026-04-05,SKU-1014,Snacks,268.0,0,2692.0,7,False,261.0,317.0,307.2857142857143,278.57142857142856,249.85714285714286,57.428571428571416,6,8.760576476057647
2026-04-06,SKU-1014,Snacks,157.0,0,2535.0,7,False,268.0,331.0,300.2857142857143,291.0,281.7142857142857,18.571428571428555,0,8.441960038058992
2026-04-07,SKU-1014,Snacks,325.0,0,2210.0,7,False,157.0,414.0,275.42857142857144,283.7142857142857,292.0,-16.571428571428555,1,8.023858921161825
2026-04-08,SKU-1014,Snacks,382.0,0,1828.0,7,False,325.0,414.0,262.7142857142857,282.57142857142856,302.42857142857144,-39.71428571428572,2,6.958129418162044
2026-04-09,SKU-1014,Snacks,211.0,0,1617.0,7,False,382.0,237.0,258.14285714285717,292.85714285714283,327.57142857142856,-69.42857142857139,3,6.263973436635307
2026-04-10,SKU-1014,Snacks,234.0,0,1383.0,7,False,211.0,177.0,254.42857142857142,284.35714285714283,314.2857142857143,-59.85714285714286,4,5.4357102751263335
2026-04-11,SKU-1014,Snacks,213.0,0,1170.0,7,False,234.0,261.0,262.57142857142856,280.64285714285717,298.7142857142857,-36.14285714285717,5,4.455930359085963
2026-04-12,SKU-1014,Snacks,306.0,0,864.0,7,False,213.0,268.0,255.71428571428572,281.5,307.2857142857143,-51.571428571428555,6,3.3787709497206704
2026-04-13,SKU-1014,Snacks,543.0,0,321.0,7,False,306.0,157.0,261.14285714285717,280.7142857142857,300.2857142857143,-39.14285714285711,0,1.2292122538293215
2026-04-14,SKU-1014,Snacks,315.0,0,6.0,7,False,543.0,325.0,316.2857142857143,295.85714285714283,275.42857142857144,40.85714285714283,1,0.018970189701897018
2026-04-15,SKU-1014,Snacks,377.0,0,0.0,7,False,315.0,382.0,314.85714285714283,288.7857142857143,262.7142857142857,52.14285714285711,2,0.0
2026-04-16,SKU-1014,Snacks,291.0,0,0.0,7,False,377.0,211.0,314.14285714285717,286.14285714285717,258.14285714285717,56.0,3,0.0
2026-04-17,SKU-1014,Snacks,193.0,0,0.0,7,False,291.0,234.0,325.57142857142856,290.0,254.42857142857142,71.14285714285714,4,0.0
2026-04-18,SKU-1014,Snacks,239.0,2473,2234.0,7,False,193.0,213.0,319.7142857142857,291.14285714285717,262.57142857142856,57.14285714285717,5,6.987488829311886
2026-04-19,SKU-1014,Snacks,170.0,0,2064.0,7,False,239.0,306.0,323.42857142857144,289.57142857142856,255.71428571428572,67.71428571428572,6,6.381625441696113
2026-04-20,SKU-1014,Snacks,328.0,0,1736.0,7,False,170.0,543.0,304.0,282.57142857142856,261.14285714285717,42.85714285714283,0,5.7105263157894735
2026-04-21,SKU-1014,Snacks,316.0,0,1420.0,7,False,328.0,315.0,273.2857142857143,294.7857142857143,316.2857142857143,-43.0,1,5.196027182435965
2026-04-22,SKU-1014,Snacks,243.0,0,1177.0,7,False,316.0,377.0,273.42857142857144,294.14285714285717,314.85714285714283,-41.42857142857139,2,4.304597701149425
2026-04-23,SKU-1014,Snacks,299.0,0,878.0,7,False,243.0,291.0,254.28571428571428,284.2142857142857,314.14285714285717,-59.85714285714289,3,3.452808988764045
2026-04-24,SKU-1014,Snacks,234.0,0,644.0,7,False,299.0,193.0,255.42857142857142,290.5,325.57142857142856,-70.14285714285714,4,2.521252796420582
2026-04-25,SKU-1014,Snacks,228.0,0,416.0,7,False,234.0,239.0,261.2857142857143,290.5,319.7142857142857,-58.428571428571445,5,1.5921268452706396
2026-04-26,SKU-1014,Snacks,212.0,0,204.0,7,False,228.0,170.0,259.7142857142857,291.57142857142856,323.42857142857144,-63.71428571428572,6,0.7854785478547854
2026-04-27,SKU-1014,Snacks,408.0,2572,2368.0,7,False,212.0,328.0,265.7142857142857,284.85714285714283,304.0,-38.28571428571428,0,8.911827956989248
2026-04-28,SKU-1014,Snacks,328.0,0,2040.0,7,False,408.0,316.0,277.14285714285717,275.2142857142857,273.2857142857143,3.8571428571428896,1,7.360824742268041
2026-04-29,SKU-1014,Snacks,321.0,0,1719.0,7,False,328.0,243.0,278.85714285714283,276.14285714285717,273.42857142857144,5.428571428571388,2,6.164446721311476
2026-04-30,SKU-1014,Snacks,273.0,0,1446.0,7,False,321.0,299.0,290.0,272.14285714285717,254.28571428571428,35.71428571428572,3,4.9862068965517246
2026-05-01,SKU-1014,Snacks,268.0,2293,3471.0,7,False,273.0,234.0,286.2857142857143,270.85714285714283,255.42857142857142,30.85714285714286,4,12.124251497005988
2026-05-02,SKU-1014,Snacks,240.0,0,3231.0,7,False,268.0,228.0,291.14285714285717,276.2142857142857,261.2857142857143,29.85714285714289,5,11.09764474975466
2026-05-03,SKU-1014,Snacks,213.0,0,3018.0,7,False,240.0,212.0,292.85714285714283,276.2857142857143,259.7142857142857,33.14285714285711,6,10.305365853658538
2026-05-04,SKU-1014,Snacks,207.0,0,2811.0,7,False,213.0,408.0,293.0,279.35714285714283,265.7142857142857,27.285714285714278,0,9.593856655290102
2026-05-05,SKU-1014,Snacks,263.0,0,2548.0,7,False,207.0,328.0,264.2857142857143,270.7142857142857,277.14285714285717,-12.85714285714289,1,9.641081081081081
2026-05-06,SKU-1014,Snacks,412.0,0,2136.0,7,False,263.0,321.0,255.0,266.92857142857144,278.85714285714283,-23.857142857142833,2,8.376470588235295
2026-05-07,SKU-1014,Snacks,376.0,0,1760.0,7,False,412.0,273.0,268.0,279.0,290.0,-22.0,3,6.567164179104478
2026-05-08,SKU-1014,Snacks,255.0,2870,4375.0,7,False,376.0,268.0,282.7142857142857,284.5,286.2857142857143,-3.571428571428555,4,15.474987367357251
2026-05-09,SKU-1014,Snacks,242.0,0,4133.0,7,False,255.0,240.0,280.85714285714283,286.0,291.14285714285717,-10.285714285714334,5,14.715666327568668
2026-05-10,SKU-1014,Snacks,241.0,0,3892.0,7,False,242.0,213.0,281.14285714285717,287.0,292.85714285714283,-11.714285714285666,6,13.843495934959348
2026-05-11,SKU-1014,Snacks,207.0,0,3685.0,7,False,241.0,207.0,285.14285714285717,289.07142857142856,293.0,-7.857142857142833,0,12.923346693386772
2026-05-12,SKU-1014,Snacks,258.0,0,3427.0,7,False,207.0,263.0,285.14285714285717,274.7142857142857,264.2857142857143,20.85714285714289,1,12.018537074148295
2026-05-13,SKU-1014,Snacks,372.0,0,3055.0,7,False,258.0,412.0,284.42857142857144,269.7142857142857,255.0,29.428571428571445,2,10.740833751883475
2026-05-14,SKU-1014,Snacks,455.0,0,2600.0,7,False,372.0,376.0,278.7142857142857,273.35714285714283,268.0,10.714285714285722,3,9.328549461814454
2026-05-15,SKU-1014,Snacks,254.0,0,2346.0,7,False,455.0,255.0,290.0,286.35714285714283,282.7142857142857,7.285714285714278,4,8.089655172413794
2026-05-16,SKU-1014,Snacks,181.0,0,2165.0,7,False,254.0,242.0,289.85714285714283,285.35714285714283,280.85714285714283,9.0,5,7.469196648595368
2026-05-17,SKU-1014,Snacks,222.0,0,1943.0,7,False,181.0,241.0,281.14285714285717,281.14285714285717,281.14285714285717,0.0,6,6.911077235772357
2026-05-18,SKU-1014,Snacks,279.0,0,1664.0,7,False,222.0,207.0,278.42857142857144,281.7857142857143,285.14285714285717,-6.714285714285722,0,5.9763981528989225
2026-05-19,SKU-1014,Snacks,264.0,0,1400.0,7,False,279.0,258.0,288.7142857142857,286.92857142857144,285.14285714285717,3.571428571428555,1,4.8490846115784265
2026-05-20,SKU-1014,Snacks,444.0,0,956.0,7,False,264.0,372.0,289.57142857142856,287.0,284.42857142857144,5.14285714285711,2,3.301430685742477
2026-05-21,SKU-1014,Snacks,231.0,2618,3343.0,7,False,444.0,455.0,299.85714285714283,289.2857142857143,278.7142857142857,21.14285714285711,3,11.148642210576465
2026-05-22,SKU-1014,Snacks,353.0,0,2990.0,7,False,231.0,254.0,267.85714285714283,278.92857142857144,290.0,-22.142857142857167,4,11.162666666666668
2026-05-23,SKU-1014,Snacks,115.0,0,2875.0,7,False,353.0,181.0,282.0,285.92857142857144,289.85714285714283,-7.857142857142833,5,10.195035460992909
2026-05-24,SKU-1014,Snacks,234.0,0,2641.0,7,False,115.0,222.0,272.57142857142856,276.85714285714283,281.14285714285717,-8.571428571428612,6,9.689203354297694
2026-05-25,SKU-1014,Snacks,234.0,0,2077.0,7,False,234.0,279.0,274.2857142857143,276.35714285714283,278.42857142857144,-4.142857142857167,0,7.572395833333333
2026-05-26,SKU-1014,Snacks,265.0,0,1812.0,7,False,234.0,264.0,267.85714285714283,278.2857142857143,288.7142857142857,-20.85714285714289,1,6.764800000000001
2026-05-27,SKU-1014,Snacks,219.0,0,1593.0,7,False,265.0,444.0,268.0,278.7857142857143,289.57142857142856,-21.571428571428555,2,5.9440298507462686
2026-05-28,SKU-1014,Snacks,256.0,0,1337.0,7,False,219.0,231.0,235.85714285714286,267.85714285714283,299.85714285714283,-63.99999999999997,3,5.668685645063598
2026-05-29,SKU-1014,Snacks,256.0,2886,3963.0,7,False,256.0,353.0,239.42857142857142,253.64285714285714,267.85714285714283,-28.428571428571416,4,16.551909307875896
2026-05-30,SKU-1014,Snacks,205.0,0,3758.0,7,False,256.0,115.0,225.57142857142858,253.78571428571428,282.0,-56.428571428571416,5,16.65991133628879
2026-05-31,SKU-1014,Snacks,219.0,0,3539.0,7,False,205.0,234.0,238.42857142857142,255.5,272.57142857142856,-34.14285714285714,6,14.843019772318755
2026-06-01,SKU-1014,Snacks,317.0,0,3222.0,7,False,219.0,234.0,236.28571428571428,255.28571428571428,274.2857142857143,-38.0,0,13.6360338573156
2026-06-02,SKU-1014,Snacks,173.0,0,3049.0,7,False,317.0,265.0,248.14285714285714,258.0,267.85714285714283,-19.714285714285694,1,12.28727691421992
2026-06-03,SKU-1014,Snacks,300.0,0,2749.0,7,False,173.0,219.0,235.0,251.5,268.0,-33.0,2,11.697872340425532
2026-06-04,SKU-1014,Snacks,291.0,0,2458.0,7,False,300.0,256.0,246.57142857142858,241.21428571428572,235.85714285714286,10.714285714285722,3,9.968713789107763
2026-06-05,SKU-1014,Snacks,257.0,0,2201.0,7,False,291.0,256.0,251.57142857142858,245.5,239.42857142857142,12.142857142857167,4,8.749006246450879
2026-06-06,SKU-1014,Snacks,156.0,0,2045.0,7,False,257.0,205.0,251.71428571428572,238.64285714285714,225.57142857142858,26.14285714285714,5,8.124290578887628
2026-06-07,SKU-1014,Snacks,115.0,0,1930.0,7,False,156.0,219.0,244.71428571428572,241.57142857142858,238.42857142857142,6.285714285714306,6,7.886748394629305
2026-06-08,SKU-1014,Snacks,105.0,0,1825.0,7,False,115.0,317.0,229.85714285714286,233.07142857142858,236.28571428571428,-6.428571428571416,0,7.939714108141703
2026-06-09,SKU-1014,Snacks,223.0,0,1602.0,7,False,105.0,173.0,199.57142857142858,223.85714285714286,248.14285714285714,-48.571428571428555,1,8.02720114531138
2026-06-10,SKU-1014,Snacks,146.0,0,1456.0,7,False,223.0,300.0,206.71428571428572,220.85714285714286,235.0,-28.285714285714278,2,7.043538355217692
2026-06-11,SKU-1014,Snacks,186.0,2008,3278.0,7,False,146.0,291.0,184.71428571428572,215.64285714285714,246.57142857142858,-61.85714285714286,3,17.746326372776487
2026-06-12,SKU-1014,Snacks,186.0,0,3113.0,7,False,186.0,257.0,169.71428571428572,210.64285714285714,251.57142857142858,-81.85714285714286,4,18.34259259259259
2026-06-13,SKU-1014,Snacks,198.0,0,2915.0,7,False,186.0,156.0,159.57142857142858,205.64285714285714,251.71428571428572,-92.14285714285714,5,18.26768128916741
2026-06-14,SKU-1014,Snacks,302.0,0,2613.0,7,False,198.0,115.0,165.57142857142858,205.14285714285714,244.71428571428572,-79.14285714285714,6,15.781708369283864
2026-06-15,SKU-1014,Snacks,232.0,0,2381.0,7,False,302.0,105.0,192.28571428571428,211.07142857142858,229.85714285714286,-37.571428571428584,0,12.382615156017831
2026-06-16,SKU-1014,Snacks,191.0,0,2190.0,7,False,232.0,223.0,210.42857142857142,205.0,199.57142857142858,10.857142857142833,1,10.407331975560082
2026-06-17,SKU-1014,Snacks,307.0,0,1883.0,7,False,191.0,146.0,205.85714285714286,206.28571428571428,206.71428571428572,-0.8571428571428612,2,9.147120055517002
2026-06-18,SKU-1014,Snacks,338.0,0,1545.0,7,False,307.0,186.0,228.85714285714286,206.78571428571428,184.71428571428572,44.14285714285714,3,6.750936329588015
2026-06-19,SKU-1014,Snacks,274.0,0,1271.0,7,False,338.0,186.0,250.57142857142858,210.14285714285714,169.71428571428572,80.85714285714286,4,5.072405929304447
2026-06-20,SKU-1014,Snacks,152.0,2232,1271.0,7,False,274.0,198.0,263.14285714285717,211.35714285714286,159.57142857142858,103.57142857142858,5,4.830076004343105
2026-06-21,SKU-1014,Snacks,219.0,0,3132.0,7,False,152.0,302.0,256.57142857142856,211.07142857142858,165.57142857142858,90.99999999999997,6,12.207126948775057
2026-06-22,SKU-1014,Snacks,219.0,0,2913.0,7,False,219.0,232.0,244.71428571428572,218.5,192.28571428571428,52.428571428571445,0,11.90367775831874
2026-06-23,SKU-1014,Snacks,407.0,0,2506.0,7,False,219.0,191.0,242.85714285714286,226.64285714285714,210.42857142857142,32.428571428571445,1,10.318823529411764
2026-06-24,SKU-1014,Snacks,360.0,0,2146.0,7,False,407.0,307.0,273.7142857142857,239.78571428571428,205.85714285714286,67.85714285714286,2,7.840292275574113
2026-06-25,SKU-1014,Snacks,157.0,0,1989.0,7,False,360.0,338.0,281.2857142857143,255.07142857142858,228.85714285714286,52.428571428571416,3,7.071102082275267
2026-06-26,SKU-1014,Snacks,335.0,0,1654.0,7,False,157.0,274.0,255.42857142857142,253.0,250.57142857142858,4.857142857142833,4,6.475391498881432
2026-06-27,SKU-1014,Snacks,125.0,0,1529.0,7,False,335.0,152.0,264.14285714285717,263.64285714285717,263.14285714285717,1.0,5,5.788534342888047
2026-06-28,SKU-1014,Snacks,164.0,0,1365.0,7,False,125.0,219.0,260.2857142857143,258.42857142857144,256.57142857142856,3.7142857142857224,6,5.24423710208562
2026-06-29,SKU-1014,Snacks,245.0,0,1120.0,7,False,164.0,219.0,252.42857142857142,248.57142857142858,244.71428571428572,7.714285714285694,0,4.4368986983588
2026-01-01,SKU-1015,Pasta,355.0,0,1993.0,7,False,,,,,,,3,
2026-01-02,SKU-1015,Pasta,285.0,0,1708.0,7,False,355.0,,,,,,4,
2026-01-03,SKU-1015,Pasta,293.0,0,1415.0,7,False,285.0,,,,,,5,
2026-01-04,SKU-1015,Pasta,272.0,0,1143.0,7,False,293.0,,,,,,6,
2026-01-05,SKU-1015,Pasta,352.0,0,791.0,7,False,272.0,,,,,,0,
2026-01-06,SKU-1015,Pasta,395.0,0,396.0,7,False,352.0,,,,,,1,
2026-01-07,SKU-1015,Pasta,413.0,0,0.0,7,False,395.0,,,,,,2,
2026-01-08,SKU-1015,Pasta,390.0,0,0.0,7,False,413.0,355.0,337.85714285714283,,,,3,0.0
2026-01-09,SKU-1015,Pasta,282.0,0,0.0,7,False,390.0,285.0,342.85714285714283,,,,4,0.0
2026-01-10,SKU-1015,Pasta,271.0,3314,3043.0,7,False,282.0,293.0,342.42857142857144,,,,5,8.886524822695035
2026-01-11,SKU-1015,Pasta,245.0,0,2798.0,7,False,271.0,272.0,339.2857142857143,,,,6,8.246736842105264
2026-01-12,SKU-1015,Pasta,329.0,0,2469.0,7,False,245.0,352.0,335.42857142857144,,,,0,7.360732538330494
2026-01-13,SKU-1015,Pasta,467.0,0,2002.0,7,False,329.0,395.0,332.14285714285717,,,,1,6.02752688172043
2026-01-14,SKU-1015,Pasta,356.0,2959,4605.0,7,False,467.0,413.0,342.42857142857144,,,,2,13.448060075093867
2026-01-15,SKU-1015,Pasta,399.0,0,4206.0,7,False,356.0,390.0,334.2857142857143,336.07142857142856,337.85714285714283,-3.571428571428555,3,12.582051282051282
2026-01-16,SKU-1015,Pasta,266.0,0,3940.0,7,False,399.0,282.0,335.57142857142856,339.2142857142857,342.85714285714283,-7.285714285714278,4,11.741166453810132
2026-01-17,SKU-1015,Pasta,252.0,0,3688.0,7,False,266.0,271.0,333.2857142857143,337.85714285714283,342.42857142857144,-9.142857142857167,5,11.065580797256752
2026-01-18,SKU-1015,Pasta,306.0,0,3382.0,7,False,252.0,245.0,330.57142857142856,334.92857142857144,339.2857142857143,-8.714285714285722,6,10.230769230769232
2026-01-19,SKU-1015,Pasta,675.0,0,2707.0,7,False,306.0,329.0,339.2857142857143,337.35714285714283,335.42857142857144,3.857142857142833,0,7.978526315789474
2026-01-20,SKU-1015,Pasta,429.0,0,2278.0,7,False,675.0,467.0,388.7142857142857,360.42857142857144,332.14285714285717,56.571428571428555,1,5.86034546122749
2026-01-21,SKU-1015,Pasta,423.0,0,1855.0,7,False,429.0,356.0,383.2857142857143,362.85714285714283,342.42857142857144,40.85714285714283,2,4.839731643682445
2026-01-22,SKU-1015,Pasta,435.0,3348,4768.0,7,False,423.0,399.0,392.85714285714283,363.57142857142856,334.2857142857143,58.571428571428555,3,12.136727272727274
2026-01-23,SKU-1015,Pasta,297.0,0,4471.0,7,False,435.0,266.0,398.0,366.7857142857143,335.57142857142856,62.428571428571445,4,11.233668341708542
2026-01-24,SKU-1015,Pasta,271.0,0,4200.0,7,False,297.0,252.0,402.42857142857144,367.85714285714283,333.2857142857143,69.14285714285717,5,10.436634717784877
2026-01-25,SKU-1015,Pasta,254.0,0,3946.0,7,False,271.0,306.0,405.14285714285717,367.85714285714283,330.57142857142856,74.57142857142861,6,9.739774330042312
2026-01-26,SKU-1015,Pasta,314.0,0,3632.0,7,False,254.0,675.0,397.7142857142857,368.5,339.2857142857143,58.428571428571445,0,9.132183908045977
2026-01-27,SKU-1015,Pasta,405.0,0,3227.0,7,False,314.0,429.0,346.14285714285717,367.42857142857144,388.7142857142857,-42.571428571428555,1,9.322740404457283
2026-01-28,SKU-1015,Pasta,422.0,0,2805.0,7,False,405.0,423.0,342.7142857142857,363.0,383.2857142857143,-40.571428571428555,2,8.18466027511463
2026-01-29,SKU-1015,Pasta,398.0,0,2407.0,7,False,422.0,435.0,342.57142857142856,367.7142857142857,392.85714285714283,-50.28571428571428,3,7.02627189324437
2026-01-30,SKU-1015,Pasta,783.0,0,1624.0,7,False,398.0,297.0,337.2857142857143,367.64285714285717,398.0,-60.71428571428572,4,4.814908936891148
2026-01-31,SKU-1015,Pasta,283.0,0,1341.0,7,False,783.0,271.0,406.7142857142857,404.57142857142856,402.42857142857144,4.285714285714278,5,3.297154899894626
2026-02-01,SKU-1015,Pasta,243.0,0,1098.0,7,False,283.0,254.0,408.42857142857144,406.7857142857143,405.14285714285717,3.2857142857142776,6,2.688352570828961
2026-02-02,SKU-1015,Pasta,321.0,3626,4403.0,7,False,243.0,314.0,406.85714285714283,402.2857142857143,397.7142857142857,9.14285714285711,0,10.821980337078653
2026-02-03,SKU-1015,Pasta,357.0,0,4046.0,7,False,321.0,405.0,407.85714285714283,377.0,346.14285714285717,61.714285714285666,1,9.92014010507881
2026-02-04,SKU-1015,Pasta,388.0,0,3658.0,7,False,357.0,422.0,401.0,371.85714285714283,342.7142857142857,58.28571428571428,2,9.12219451371571
2026-02-05,SKU-1015,Pasta,437.0,0,3221.0,7,False,388.0,398.0,396.14285714285717,369.35714285714283,342.57142857142856,53.57142857142861,3,8.130905156869815
2026-02-06,SKU-1015,Pasta,318.0,0,2903.0,7,False,437.0,783.0,401.7142857142857,369.5,337.2857142857143,64.42857142857144,4,7.226529160739687
2026-02-07,SKU-1015,Pasta,292.0,0,2611.0,7,False,318.0,283.0,335.2857142857143,371.0,406.7142857142857,-71.42857142857144,5,7.787388155091606
2026-02-08,SKU-1015,Pasta,235.0,0,2376.0,7,False,292.0,243.0,336.57142857142856,372.5,408.42857142857144,-71.85714285714289,6,7.0594227504244484
2026-02-09,SKU-1015,Pasta,377.0,0,1999.0,7,False,235.0,321.0,335.42857142857144,371.14285714285717,406.85714285714283,-71.42857142857139,0,5.95954003407155
2026-02-10,SKU-1015,Pasta,471.0,0,1999.0,7,False,377.0,357.0,343.42857142857144,375.64285714285717,407.85714285714283,-64.42857142857139,1,5.82071547420965
2026-02-11,SKU-1015,Pasta,425.0,0,1103.0,7,False,471.0,388.0,359.7142857142857,380.35714285714283,401.0,-41.28571428571428,2,3.0663224781572676
2026-02-12,SKU-1015,Pasta,406.0,0,1103.0,7,False,425.0,437.0,365.0,380.57142857142856,396.14285714285717,-31.142857142857167,3,3.021917808219178
2026-02-13,SKU-1015,Pasta,305.0,0,392.0,7,False,406.0,318.0,360.57142857142856,381.14285714285717,401.7142857142857,-41.14285714285717,4,1.0871632329635499
2026-02-14,SKU-1015,Pasta,244.0,0,148.0,7,False,305.0,292.0,358.7142857142857,347.0,335.2857142857143,23.428571428571445,5,0.41258462763839104
2026-02-15,SKU-1015,Pasta,280.0,2754,2622.0,7,False,244.0,235.0,351.85714285714283,344.2142857142857,336.57142857142856,15.285714285714278,6,7.451887941534714
2026-02-16,SKU-1015,Pasta,139.0,0,2483.0,7,False,280.0,377.0,358.2857142857143,346.85714285714283,335.42857142857144,22.857142857142833,0,6.930223285486443
2026-02-17,SKU-1015,Pasta,139.0,0,2064.0,7,False,139.0,471.0,324.2857142857143,333.85714285714283,343.42857142857144,-19.142857142857167,1,6.364757709251101
2026-02-18,SKU-1015,Pasta,388.0,0,1676.0,7,False,139.0,425.0,276.85714285714283,318.2857142857143,359.7142857142857,-82.85714285714289,2,6.053663570691435
2026-02-19,SKU-1015,Pasta,354.0,0,1322.0,7,False,388.0,406.0,271.57142857142856,318.2857142857143,365.0,-93.42857142857144,3,4.867964229352973
2026-02-20,SKU-1015,Pasta,363.0,2506,3465.0,7,False,354.0,305.0,264.14285714285717,312.35714285714283,360.57142857142856,-96.42857142857139,4,13.117901568415359
2026-02-21,SKU-1015,Pasta,273.0,0,3192.0,7,False,363.0,244.0,272.42857142857144,315.57142857142856,358.7142857142857,-86.28571428571428,5,11.716832721552176
2026-02-22,SKU-1015,Pasta,296.0,0,2896.0,7,False,273.0,280.0,276.57142857142856,314.2142857142857,351.85714285714283,-75.28571428571428,6,10.47107438016529
2026-02-23,SKU-1015,Pasta,375.0,0,2521.0,7,False,296.0,139.0,278.85714285714283,318.57142857142856,358.2857142857143,-79.42857142857144,0,9.040471311475411
2026-02-24,SKU-1015,Pasta,435.0,0,2086.0,7,False,375.0,139.0,312.57142857142856,318.42857142857144,324.2857142857143,-11.714285714285722,1,6.673674588665448
2026-02-25,SKU-1015,Pasta,431.0,3183,4838.0,7,False,435.0,388.0,354.85714285714283,315.85714285714283,276.85714285714283,78.0,2,13.633655394524961
2026-02-26,SKU-1015,Pasta,390.0,0,4448.0,7,False,431.0,354.0,361.0,316.2857142857143,271.57142857142856,89.42857142857144,3,12.321329639889196
2026-02-27,SKU-1015,Pasta,348.0,0,4100.0,7,False,390.0,363.0,366.14285714285717,315.14285714285717,264.14285714285717,102.0,4,11.197815060476003
2026-02-28,SKU-1015,Pasta,246.0,0,3854.0,7,False,348.0,273.0,364.0,318.2142857142857,272.42857142857144,91.57142857142856,5,10.587912087912088
2026-03-01,SKU-1015,Pasta,310.0,0,3544.0,7,False,246.0,296.0,360.14285714285717,318.35714285714283,276.57142857142856,83.57142857142861,6,9.840539468464895
2026-03-02,SKU-1015,Pasta,331.0,0,3213.0,7,False,310.0,375.0,362.14285714285717,320.5,278.85714285714283,83.28571428571433,0,8.872189349112425
2026-03-03,SKU-1015,Pasta,437.0,0,2776.0,7,False,331.0,435.0,355.85714285714283,334.2142857142857,312.57142857142856,43.28571428571428,1,7.800883179446006
2026-03-04,SKU-1015,Pasta,453.0,0,2323.0,7,False,437.0,431.0,356.14285714285717,355.5,354.85714285714283,1.2857142857143344,2,6.5226634576815075
2026-03-05,SKU-1015,Pasta,397.0,0,1926.0,7,False,453.0,390.0,359.2857142857143,360.14285714285717,361.0,-1.7142857142857224,3,5.360636182902585
2026-03-06,SKU-1015,Pasta,327.0,0,1599.0,7,False,397.0,348.0,360.2857142857143,363.2142857142857,366.14285714285717,-5.85714285714289,4,4.438144329896907
2026-03-07,SKU-1015,Pasta,250.0,3592,4941.0,7,False,327.0,246.0,357.2857142857143,360.64285714285717,364.0,-6.714285714285722,5,13.829268292682928
2026-03-08,SKU-1015,Pasta,290.0,0,4651.0,7,False,250.0,310.0,357.85714285714283,359.0,360.14285714285717,-2.2857142857143344,6,12.99680638722555
2026-03-09,SKU-1015,Pasta,355.0,0,4296.0,7,False,290.0,331.0,355.0,358.57142857142856,362.14285714285717,-7.142857142857167,0,12.101408450704225
2026-03-10,SKU-1015,Pasta,453.0,0,3843.0,7,False,355.0,437.0,358.42857142857144,357.14285714285717,355.85714285714283,2.571428571428612,1,10.721801514547629
2026-03-11,SKU-1015,Pasta,439.0,0,3404.0,7,False,453.0,453.0,360.7142857142857,358.42857142857144,356.14285714285717,4.571428571428555,2,9.436831683168316
2026-03-12,SKU-1015,Pasta,425.0,0,2979.0,7,False,439.0,397.0,358.7142857142857,359.0,359.2857142857143,-0.5714285714285552,3,8.304659498207885
2026-03-13,SKU-1015,Pasta,323.0,0,2656.0,7,False,425.0,327.0,362.7142857142857,361.5,360.2857142857143,2.428571428571445,4,7.3225679401339105
2026-03-14,SKU-1015,Pasta,294.0,0,2362.0,7,False,323.0,250.0,362.14285714285717,359.7142857142857,357.2857142857143,4.85714285714289,5,6.522287968441814
2026-03-15,SKU-1015,Pasta,255.0,0,2107.0,7,False,294.0,290.0,368.42857142857144,363.14285714285717,357.85714285714283,10.571428571428612,6,5.718883288096161
2026-03-16,SKU-1015,Pasta,299.0,2904,4712.0,7,False,255.0,355.0,363.42857142857144,359.2142857142857,355.0,8.428571428571445,0,12.965408805031446
2026-03-17,SKU-1015,Pasta,497.0,0,4215.0,7,False,299.0,453.0,355.42857142857144,356.92857142857144,358.42857142857144,-3.0,1,11.858922829581992
2026-03-18,SKU-1015,Pasta,616.0,0,3599.0,7,False,497.0,439.0,361.7142857142857,361.2142857142857,360.7142857142857,1.0,2,9.949842022116904
2026-03-19,SKU-1015,Pasta,411.0,0,3188.0,7,False,616.0,425.0,387.0,372.85714285714283,358.7142857142857,28.285714285714278,3,8.237726098191214
2026-03-20,SKU-1015,Pasta,411.0,0,2806.0,7,False,411.0,323.0,385.0,373.85714285714283,362.7142857142857,22.285714285714278,4,7.288311688311689
2026-03-21,SKU-1015,Pasta,302.0,0,2504.0,7,False,411.0,294.0,397.57142857142856,379.85714285714283,362.14285714285717,35.42857142857139,5,6.298239310097018
2026-03-22,SKU-1015,Pasta,253.0,0,2251.0,7,False,302.0,255.0,398.7142857142857,383.57142857142856,368.42857142857144,30.285714285714278,6,5.645646721605159
2026-03-23,SKU-1015,Pasta,253.0,0,1906.0,7,False,253.0,299.0,398.42857142857144,380.92857142857144,363.42857142857144,35.0,0,4.783793474363571
2026-03-24,SKU-1015,Pasta,400.0,0,1906.0,7,False,253.0,497.0,391.85714285714283,373.64285714285717,355.42857142857144,36.42857142857139,1,4.86401749908859
2026-03-25,SKU-1015,Pasta,997.0,2835,3344.0,7,False,400.0,616.0,378.0,369.85714285714283,361.7142857142857,16.285714285714278,2,8.846560846560847
2026-03-26,SKU-1015,Pasta,400.0,0,2944.0,7,False,997.0,411.0,432.42857142857144,409.7142857142857,387.0,45.428571428571445,3,6.80806078625702
2026-03-27,SKU-1015,Pasta,306.0,0,2638.0,7,False,400.0,411.0,430.85714285714283,407.92857142857144,385.0,45.85714285714283,4,6.122679045092839
2026-03-28,SKU-1015,Pasta,261.0,0,2377.0,7,False,306.0,302.0,415.85714285714283,406.7142857142857,397.57142857142856,18.285714285714278,5,5.715905187220887
2026-03-29,SKU-1015,Pasta,285.0,0,2092.0,7,False,261.0,253.0,410.0,404.35714285714283,398.7142857142857,11.285714285714278,6,5.102439024390244
2026-03-30,SKU-1015,Pasta,310.0,0,1782.0,7,False,285.0,253.0,414.57142857142856,406.5,398.42857142857144,16.14285714285711,0,4.298414886285321
2026-03-31,SKU-1015,Pasta,426.0,0,1356.0,7,False,310.0,400.0,422.7142857142857,407.2857142857143,391.85714285714283,30.85714285714289,1,3.2078404866508956
2026-04-01,SKU-1015,Pasta,458.0,0,898.0,7,False,426.0,997.0,426.42857142857144,402.2142857142857,378.0,48.428571428571445,2,2.1058626465661643
2026-04-02,SKU-1015,Pasta,397.0,3556,4057.0,7,False,458.0,400.0,349.42857142857144,390.92857142857144,432.42857142857144,-83.0,3,11.610384300899428
2026-04-03,SKU-1015,Pasta,505.0,0,3552.0,7,False,397.0,306.0,349.0,389.92857142857144,430.85714285714283,-81.85714285714283,4,10.177650429799426
2026-04-04,SKU-1015,Pasta,286.0,0,3266.0,7,False,505.0,261.0,377.42857142857144,396.64285714285717,415.85714285714283,-38.42857142857139,5,8.653292959878879
2026-04-05,SKU-1015,Pasta,311.0,0,2955.0,7,False,286.0,285.0,381.0,395.5,410.0,-29.0,6,7.755905511811024
2026-04-06,SKU-1015,Pasta,322.0,0,2633.0,7,False,311.0,310.0,384.7142857142857,399.64285714285717,414.57142857142856,-29.857142857142833,0,6.8440401039732635
2026-04-07,SKU-1015,Pasta,360.0,0,2273.0,7,False,322.0,426.0,386.42857142857144,404.57142857142856,422.7142857142857,-36.28571428571428,1,5.882070240295748
2026-04-08,SKU-1015,Pasta,404.0,0,1869.0,7,False,360.0,458.0,377.0,401.7142857142857,426.42857142857144,-49.428571428571445,2,4.957559681697613
2026-04-09,SKU-1015,Pasta,417.0,0,1452.0,7,False,404.0,397.0,369.2857142857143,359.35714285714283,349.42857142857144,19.857142857142833,3,3.931914893617021
2026-04-10,SKU-1015,Pasta,335.0,3282,4399.0,7,False,417.0,505.0,372.14285714285717,360.57142857142856,349.0,23.142857142857167,4,11.820729366602686
2026-04-11,SKU-1015,Pasta,215.0,0,4184.0,7,False,335.0,286.0,347.85714285714283,362.64285714285717,377.42857142857144,-29.571428571428612,5,12.027926078028749
2026-04-12,SKU-1015,Pasta,244.0,0,3940.0,7,False,215.0,311.0,337.7142857142857,359.35714285714283,381.0,-43.28571428571428,6,11.666666666666666
2026-04-13,SKU-1015,Pasta,350.0,0,3590.0,7,False,244.0,322.0,328.14285714285717,356.42857142857144,384.7142857142857,-56.571428571428555,0,10.940356987374836
2026-04-14,SKU-1015,Pasta,449.0,0,3141.0,7,False,350.0,360.0,332.14285714285717,359.2857142857143,386.42857142857144,-54.28571428571428,1,9.456774193548386
2026-04-15,SKU-1015,Pasta,459.0,0,2682.0,7,False,449.0,404.0,344.85714285714283,360.92857142857144,377.0,-32.14285714285717,2,7.7771333885666944
2026-04-16,SKU-1015,Pasta,404.0,0,2278.0,7,False,459.0,417.0,352.7142857142857,361.0,369.2857142857143,-16.571428571428555,3,6.458485216686918
2026-04-17,SKU-1015,Pasta,362.0,0,1916.0,7,False,404.0,335.0,350.85714285714283,361.5,372.14285714285717,-21.285714285714334,4,5.460912052117264
2026-04-18,SKU-1015,Pasta,249.0,3331,4998.0,7,False,362.0,215.0,354.7142857142857,351.2857142857143,347.85714285714283,6.85714285714289,5,14.090213451469996
2026-04-19,SKU-1015,Pasta,276.0,0,4722.0,7,False,249.0,244.0,359.57142857142856,348.64285714285717,337.7142857142857,21.857142857142833,6,13.132300357568534
2026-04-20,SKU-1015,Pasta,397.0,0,4325.0,7,False,276.0,350.0,364.14285714285717,346.14285714285717,328.14285714285717,36.0,0,11.877206747744212
2026-04-21,SKU-1015,Pasta,408.0,0,3917.0,7,False,397.0,449.0,370.85714285714283,351.5,332.14285714285717,38.714285714285666,1,10.562018489984592
2026-04-22,SKU-1015,Pasta,402.0,0,3515.0,7,False,408.0,459.0,365.0,354.92857142857144,344.85714285714283,20.142857142857167,2,9.63013698630137
2026-04-23,SKU-1015,Pasta,408.0,0,3107.0,7,False,402.0,404.0,356.85714285714283,354.7857142857143,352.7142857142857,4.14285714285711,3,8.706565252201761
2026-04-24,SKU-1015,Pasta,300.0,0,2807.0,7,False,408.0,362.0,357.42857142857144,354.14285714285717,350.85714285714283,6.571428571428612,4,7.853317346123101
2026-04-25,SKU-1015,Pasta,266.0,0,2541.0,7,False,300.0,249.0,348.57142857142856,351.64285714285717,354.7142857142857,-6.142857142857167,5,7.289754098360656
2026-04-26,SKU-1015,Pasta,284.0,0,2257.0,7,False,266.0,276.0,351.0,355.2857142857143,359.57142857142856,-8.571428571428555,6,6.43019943019943
2026-04-27,SKU-1015,Pasta,359.0,0,1898.0,7,False,284.0,397.0,352.14285714285717,358.14285714285717,364.14285714285717,-12.0,0,5.389858012170385
2026-04-28,SKU-1015,Pasta,393.0,2874,4379.0,7,False,359.0,408.0,346.7142857142857,358.7857142857143,370.85714285714283,-24.14285714285711,1,12.629995879686856
2026-04-29,SKU-1015,Pasta,436.0,0,3943.0,7,False,393.0,402.0,344.57142857142856,354.7857142857143,365.0,-20.428571428571445,2,11.443200663349918
2026-04-30,SKU-1015,Pasta,406.0,0,3537.0,7,False,436.0,408.0,349.42857142857144,353.14285714285717,356.85714285714283,-7.428571428571388,3,10.122240392477513
2026-05-01,SKU-1015,Pasta,309.0,0,3228.0,7,False,406.0,300.0,349.14285714285717,353.2857142857143,357.42857142857144,-8.285714285714278,4,9.245499181669393
2026-05-02,SKU-1015,Pasta,275.0,0,2953.0,7,False,309.0,266.0,350.42857142857144,349.5,348.57142857142856,1.8571428571428896,5,8.426824296779454
2026-05-03,SKU-1015,Pasta,288.0,0,2665.0,7,False,275.0,284.0,351.7142857142857,351.35714285714283,351.0,0.7142857142857224,6,7.577173030056864
2026-05-04,SKU-1015,Pasta,342.0,0,2323.0,7,False,288.0,359.0,352.2857142857143,352.2142857142857,352.14285714285717,0.14285714285711038,0,6.5940794809407945
2026-05-05,SKU-1015,Pasta,400.0,0,1923.0,7,False,342.0,393.0,349.85714285714283,348.2857142857143,346.7142857142857,3.1428571428571104,1,5.496529195590037
2026-05-06,SKU-1015,Pasta,446.0,0,1477.0,7,False,400.0,436.0,350.85714285714283,347.7142857142857,344.57142857142856,6.285714285714278,2,4.209690553745928
2026-05-07,SKU-1015,Pasta,921.0,0,556.0,7,False,446.0,406.0,352.2857142857143,350.85714285714283,349.42857142857144,2.857142857142833,3,1.578264395782644
2026-05-08,SKU-1015,Pasta,299.0,0,257.0,7,False,921.0,309.0,425.85714285714283,387.5,349.14285714285717,76.71428571428567,4,0.6034887621603489
2026-05-09,SKU-1015,Pasta,249.0,3052,3060.0,7,False,299.0,275.0,424.42857142857144,387.42857142857144,350.42857142857144,74.0,5,7.209693705822955
2026-05-10,SKU-1015,Pasta,309.0,0,2751.0,7,False,249.0,288.0,420.7142857142857,386.2142857142857,351.7142857142857,69.0,6,6.538879456706281
2026-05-11,SKU-1015,Pasta,326.0,0,2425.0,7,False,309.0,342.0,423.7142857142857,388.0,352.2857142857143,71.42857142857144,0,5.7231962238705325
2026-05-12,SKU-1015,Pasta,446.0,0,1979.0,7,False,326.0,400.0,421.42857142857144,385.64285714285717,349.85714285714283,71.57142857142861,1,4.69593220338983
2026-05-13,SKU-1015,Pasta,1165.0,0,814.0,7,False,446.0,446.0,428.0,389.42857142857144,350.85714285714283,77.14285714285717,2,1.9018691588785046
2026-05-14,SKU-1015,Pasta,387.0,0,427.0,7,False,1165.0,921.0,530.7142857142857,441.5,352.2857142857143,178.4285714285714,3,0.8045760430686407
2026-05-15,SKU-1015,Pasta,264.0,0,163.0,7,False,387.0,299.0,454.42857142857144,440.14285714285717,425.85714285714283,28.571428571428612,4,0.3586922351461804
2026-05-16,SKU-1015,Pasta,269.0,3539,3433.0,7,False,264.0,249.0,449.42857142857144,436.92857142857144,424.42857142857144,25.0,5,7.6385886840432295
2026-05-17,SKU-1015,Pasta,287.0,0,3146.0,7,False,269.0,309.0,452.2857142857143,436.5,420.7142857142857,31.571428571428555,6,6.9557801642451045
2026-05-18,SKU-1015,Pasta,384.0,0,2762.0,7,False,287.0,326.0,449.14285714285717,436.42857142857144,423.7142857142857,25.428571428571445,0,6.149491094147582
2026-05-19,SKU-1015,Pasta,437.0,0,2325.0,7,False,384.0,446.0,457.42857142857144,439.42857142857144,421.42857142857144,36.0,1,5.082760774515927
2026-05-20,SKU-1015,Pasta,396.0,0,1929.0,7,False,437.0,1165.0,456.14285714285717,442.07142857142856,428.0,28.142857142857167,2,4.228938302536799
2026-05-21,SKU-1015,Pasta,411.0,0,1518.0,7,False,396.0,387.0,346.2857142857143,438.5,530.7142857142857,-184.4285714285714,3,4.383663366336633
2026-05-22,SKU-1015,Pasta,251.0,0,1267.0,7,False,411.0,264.0,349.7142857142857,402.07142857142856,454.42857142857144,-104.71428571428572,4,3.622957516339869
2026-05-23,SKU-1015,Pasta,304.0,2754,3717.0,7,False,251.0,269.0,347.85714285714283,398.64285714285717,449.42857142857144,-101.57142857142861,5,10.685420944558523
2026-05-24,SKU-1015,Pasta,291.0,0,3717.0,7,False,304.0,287.0,352.85714285714283,402.57142857142856,452.2857142857143,-99.42857142857144,6,10.534008097165993
2026-05-25,SKU-1015,Pasta,366.0,0,3060.0,7,False,291.0,384.0,353.42857142857144,401.2857142857143,449.14285714285717,-95.71428571428572,0,8.658043654001617
2026-05-26,SKU-1015,Pasta,366.0,0,2669.0,7,False,366.0,437.0,350.85714285714283,404.14285714285717,457.42857142857144,-106.57142857142861,1,7.607084690553746
2026-05-27,SKU-1015,Pasta,437.0,0,2232.0,7,False,366.0,396.0,340.7142857142857,398.42857142857144,456.14285714285717,-115.42857142857144,2,6.5509433962264145
2026-05-28,SKU-1015,Pasta,437.0,0,1775.0,7,False,437.0,411.0,346.57142857142856,346.42857142857144,346.2857142857143,0.2857142857142776,3,5.121599340478154
2026-05-29,SKU-1015,Pasta,317.0,0,1458.0,7,False,437.0,251.0,350.2857142857143,350.0,349.7142857142857,0.5714285714285552,4,4.16231647634584
2026-05-30,SKU-1015,Pasta,282.0,2933,4109.0,7,False,317.0,304.0,359.7142857142857,353.7857142857143,347.85714285714283,11.85714285714289,5,11.422954725972994
2026-05-31,SKU-1015,Pasta,289.0,0,3820.0,7,False,282.0,291.0,356.57142857142856,354.7142857142857,352.85714285714283,3.7142857142857224,6,10.713141025641026
2026-06-01,SKU-1015,Pasta,393.0,0,3427.0,7,False,289.0,366.0,356.2857142857143,354.85714285714283,353.42857142857144,2.857142857142833,0,9.618684843624699
2026-06-02,SKU-1015,Pasta,415.0,0,3012.0,7,False,393.0,366.0,360.14285714285717,355.5,350.85714285714283,9.285714285714334,1,8.363347877826259
2026-06-03,SKU-1015,Pasta,499.0,0,2513.0,7,False,415.0,437.0,367.14285714285717,353.92857142857144,340.7142857142857,26.428571428571445,2,6.844747081712062
2026-06-04,SKU-1015,Pasta,396.0,0,2513.0,7,False,499.0,437.0,376.0,361.2857142857143,346.57142857142856,29.428571428571445,3,6.683510638297872
2026-06-05,SKU-1015,Pasta,306.0,3264,5075.0,7,False,396.0,317.0,370.14285714285717,360.2142857142857,350.2857142857143,19.85714285714289,4,13.710922423774603
2026-06-06,SKU-1015,Pasta,299.0,0,4776.0,7,False,306.0,282.0,368.57142857142856,364.14285714285717,359.7142857142857,8.857142857142833,5,12.958139534883722
2026-06-07,SKU-1015,Pasta,280.0,0,4496.0,7,False,299.0,289.0,371.0,363.7857142857143,356.57142857142856,14.428571428571445,6,12.118598382749326
2026-06-08,SKU-1015,Pasta,403.0,0,4093.0,7,False,280.0,393.0,369.7142857142857,363.0,356.2857142857143,13.428571428571445,0,11.070710973724884
2026-06-09,SKU-1015,Pasta,410.0,0,3683.0,7,False,403.0,415.0,371.14285714285717,365.64285714285717,360.14285714285717,11.0,1,9.923402617397997
2026-06-10,SKU-1015,Pasta,457.0,0,3226.0,7,False,410.0,499.0,370.42857142857144,368.7857142857143,367.14285714285717,3.2857142857142776,2,8.708831469340533
2026-06-11,SKU-1015,Pasta,372.0,0,2854.0,7,False,457.0,396.0,364.42857142857144,370.2142857142857,376.0,-11.571428571428555,3,7.831438651509211
2026-06-12,SKU-1015,Pasta,261.0,0,2593.0,7,False,372.0,306.0,361.0,365.57142857142856,370.14285714285717,-9.142857142857167,4,7.1828254847645425
2026-06-13,SKU-1015,Pasta,298.0,0,2295.0,7,False,261.0,299.0,354.57142857142856,361.57142857142856,368.57142857142856,-14.0,5,6.472602739726027
2026-06-14,SKU-1015,Pasta,305.0,0,1990.0,7,False,298.0,280.0,354.42857142857144,362.7142857142857,371.0,-16.571428571428555,6,5.614671503426037
2026-06-15,SKU-1015,Pasta,326.0,0,1664.0,7,False,305.0,403.0,358.0,363.85714285714283,369.7142857142857,-11.714285714285722,0,4.648044692737431
2026-06-16,SKU-1015,Pasta,353.0,0,1311.0,7,False,326.0,410.0,347.0,359.07142857142856,371.14285714285717,-24.142857142857167,1,3.7780979827089336
2026-06-17,SKU-1015,Pasta,444.0,0,867.0,7,False,353.0,457.0,338.85714285714283,354.64285714285717,370.42857142857144,-31.571428571428612,2,2.5586003372681283
2026-06-18,SKU-1015,Pasta,388.0,0,479.0,7,False,444.0,372.0,337.0,350.7142857142857,364.42857142857144,-27.428571428571445,3,1.4213649851632046
2026-06-19,SKU-1015,Pasta,354.0,2972,3097.0,7,False,388.0,261.0,339.2857142857143,350.14285714285717,361.0,-21.714285714285722,4,9.128
2026-06-20,SKU-1015,Pasta,257.0,0,2840.0,7,False,354.0,298.0,352.57142857142856,353.57142857142856,354.57142857142856,-2.0,5,8.055105348460293
2026-06-21,SKU-1015,Pasta,308.0,0,2532.0,7,False,257.0,305.0,346.7142857142857,350.57142857142856,354.42857142857144,-7.714285714285722,6,7.302843016069221
2026-06-22,SKU-1015,Pasta,359.0,0,2173.0,7,False,308.0,326.0,347.14285714285717,352.57142857142856,358.0,-10.857142857142833,0,6.2596707818930035
2026-06-23,SKU-1015,Pasta,136.0,0,2037.0,7,False,359.0,353.0,351.85714285714283,349.42857142857144,347.0,4.857142857142833,1,5.789281364190012
2026-06-24,SKU-1015,Pasta,412.0,3157,4782.0,7,False,136.0,444.0,320.85714285714283,329.85714285714283,338.85714285714283,-18.0,2,14.903829029385575
2026-06-25,SKU-1015,Pasta,410.0,0,4372.0,7,False,412.0,388.0,316.2857142857143,326.64285714285717,337.0,-20.714285714285722,3,13.822944896115628
2026-06-26,SKU-1015,Pasta,319.0,0,4053.0,7,False,410.0,354.0,319.42857142857144,329.35714285714283,339.2857142857143,-19.857142857142833,4,12.688282647584973
2026-06-27,SKU-1015,Pasta,447.0,0,3606.0,7,False,319.0,257.0,314.42857142857144,333.5,352.57142857142856,-38.14285714285711,5,11.46842344388914
2026-06-28,SKU-1015,Pasta,447.0,0,3302.0,7,False,447.0,308.0,341.57142857142856,344.14285714285717,346.7142857142857,-5.142857142857167,6,9.667084901714764
2026-06-29,SKU-1015,Pasta,345.0,0,2957.0,7,False,447.0,359.0,361.42857142857144,354.2857142857143,347.14285714285717,14.285714285714278,0,8.181422924901186
2026-01-01,SKU-1016,Snacks,360.0,0,1377.0,14,False,,,,,,,3,
2026-01-02,SKU-1016,Snacks,360.0,3927,5059.0,14,False,360.0,,,,,,4,
2026-01-03,SKU-1016,Snacks,360.0,0,4771.0,14,False,360.0,,,,,,5,
2026-01-04,SKU-1016,Snacks,258.0,0,4513.0,14,False,360.0,,,,,,6,
2026-01-05,SKU-1016,Snacks,330.0,0,4183.0,14,False,258.0,,,,,,0,
2026-01-06,SKU-1016,Snacks,363.0,0,3820.0,14,False,330.0,,,,,,1,
2026-01-07,SKU-1016,Snacks,374.0,4044,7490.0,14,False,363.0,,,,,,2,
2026-01-08,SKU-1016,Snacks,392.0,0,7098.0,14,False,374.0,360.0,343.57142857142856,,,,3,20.65945945945946
2026-01-09,SKU-1016,Snacks,254.0,0,6844.0,14,False,392.0,360.0,348.14285714285717,,,,4,19.65859663520722
2026-01-10,SKU-1016,Snacks,239.0,0,6605.0,14,False,254.0,360.0,333.0,,,,5,19.834834834834833
2026-01-11,SKU-1016,Snacks,197.0,0,6408.0,14,False,239.0,258.0,315.7142857142857,,,,6,20.29683257918552
2026-01-12,SKU-1016,Snacks,311.0,0,6097.0,14,False,197.0,330.0,307.0,,,,0,19.859934853420196
2026-01-13,SKU-1016,Snacks,227.0,0,5870.0,14,False,311.0,363.0,304.2857142857143,,,,1,19.291079812206572
2026-01-14,SKU-1016,Snacks,322.0,0,5548.0,14,False,227.0,374.0,284.85714285714283,,,,2,19.476429287863592
2026-01-15,SKU-1016,Snacks,339.0,0,5209.0,14,False,322.0,392.0,277.42857142857144,310.5,343.57142857142856,-66.14285714285711,3,18.776004119464467
2026-01-16,SKU-1016,Snacks,339.0,0,4959.0,14,False,339.0,254.0,269.85714285714283,309.0,348.14285714285717,-78.28571428571433,4,18.376389624139758
2026-01-17,SKU-1016,Snacks,224.0,0,4735.0,14,False,339.0,239.0,282.0,307.5,333.0,-51.0,5,16.79078014184397
2026-01-18,SKU-1016,Snacks,222.0,0,4513.0,14,False,224.0,197.0,279.85714285714283,297.7857142857143,315.7142857142857,-35.85714285714289,6,16.126084737110773
2026-01-19,SKU-1016,Snacks,255.0,0,4258.0,14,False,222.0,311.0,283.42857142857144,295.2142857142857,307.0,-23.571428571428555,0,15.023185483870966
2026-01-20,SKU-1016,Snacks,365.0,0,3893.0,14,False,255.0,227.0,275.42857142857144,289.85714285714283,304.2857142857143,-28.857142857142833,1,14.134336099585061
2026-01-21,SKU-1016,Snacks,427.0,0,3466.0,14,False,365.0,322.0,295.14285714285717,290.0,284.85714285714283,10.285714285714334,2,11.743465634075507
2026-01-22,SKU-1016,Snacks,245.0,0,3221.0,14,False,427.0,339.0,310.14285714285717,293.7857142857143,277.42857142857144,32.71428571428572,3,10.385536619069553
2026-01-23,SKU-1016,Snacks,323.0,0,2898.0,14,False,245.0,339.0,296.7142857142857,283.2857142857143,269.85714285714283,26.85714285714289,4,9.76697159364468
2026-01-24,SKU-1016,Snacks,230.0,0,2668.0,14,False,323.0,224.0,294.42857142857144,288.2142857142857,282.0,12.428571428571445,5,9.061620572537603
2026-01-25,SKU-1016,Snacks,155.0,0,2513.0,14,False,230.0,222.0,295.2857142857143,287.57142857142856,279.85714285714283,15.428571428571445,6,8.510401548137397
2026-01-26,SKU-1016,Snacks,237.0,0,2276.0,14,False,155.0,255.0,285.7142857142857,284.57142857142856,283.42857142857144,2.2857142857142776,0,7.966
2026-01-27,SKU-1016,Snacks,345.0,0,1931.0,14,False,237.0,365.0,283.14285714285717,279.2857142857143,275.42857142857144,7.714285714285722,1,6.819878910191725
2026-01-28,SKU-1016,Snacks,322.0,0,1609.0,14,False,345.0,427.0,280.2857142857143,287.7142857142857,295.14285714285717,-14.85714285714289,2,5.740570846075434
2026-01-29,SKU-1016,Snacks,272.0,5319,6656.0,14,False,322.0,245.0,265.2857142857143,287.7142857142857,310.14285714285717,-44.85714285714289,3,25.08992999461497
2026-01-30,SKU-1016,Snacks,211.0,0,6445.0,14,False,272.0,323.0,269.14285714285717,282.92857142857144,296.7142857142857,-27.571428571428555,4,23.946390658174096
2026-01-30,SKU-1016,Snacks,211.0,0,6445.0,14,False,211.0,230.0,253.14285714285714,273.7857142857143,294.42857142857144,-41.285714285714306,4,25.459932279909708
2026-01-31,SKU-1016,Snacks,212.0,0,6233.0,14,False,211.0,155.0,250.42857142857142,272.85714285714283,295.2857142857143,-44.85714285714286,5,24.88933257273246
2026-02-01,SKU-1016,Snacks,121.0,0,6112.0,14,False,212.0,237.0,258.57142857142856,272.14285714285717,285.7142857142857,-27.142857142857167,6,23.637569060773483
2026-02-02,SKU-1016,Snacks,340.0,0,5772.0,14,False,121.0,345.0,242.0,262.57142857142856,283.14285714285717,-41.14285714285717,0,23.85123966942149
2026-02-03,SKU-1016,Snacks,199.0,0,5573.0,14,False,340.0,322.0,241.28571428571428,260.7857142857143,280.2857142857143,-39.0,1,23.09709887507401
2026-02-04,SKU-1016,Snacks,455.0,0,5118.0,14,False,199.0,272.0,223.71428571428572,244.5,265.2857142857143,-41.571428571428555,2,22.877394636015325
2026-02-05,SKU-1016,Snacks,236.0,0,4882.0,14,False,455.0,211.0,249.85714285714286,259.5,269.14285714285717,-19.285714285714306,3,19.539165237278443
2026-02-06,SKU-1016,Snacks,128.0,0,4754.0,14,False,236.0,211.0,253.42857142857142,253.28571428571428,253.14285714285714,0.2857142857142776,4,18.758737316798197
2026-02-07,SKU-1016,Snacks,184.0,0,4570.0,14,False,128.0,212.0,241.57142857142858,246.0,250.42857142857142,-8.857142857142833,5,18.91780011827321
2026-02-08,SKU-1016,Snacks,239.0,0,4331.0,14,False,184.0,121.0,237.57142857142858,248.07142857142858,258.57142857142856,-20.99999999999997,6,18.230306674684304
2026-02-09,SKU-1016,Snacks,232.0,0,4099.0,14,False,239.0,340.0,254.42857142857142,248.21428571428572,242.0,12.428571428571416,0,16.110612015721504
2026-02-10,SKU-1016,Snacks,309.0,0,3790.0,14,False,232.0,199.0,239.0,240.14285714285714,241.28571428571428,-2.2857142857142776,1,15.857740585774058
2026-02-11,SKU-1016,Snacks,412.0,0,3378.0,14,False,309.0,455.0,254.71428571428572,239.21428571428572,223.71428571428572,31.0,2,13.261918115535615
2026-02-12,SKU-1016,Snacks,342.0,0,3036.0,14,False,412.0,236.0,248.57142857142858,249.21428571428572,249.85714285714286,-1.2857142857142776,3,12.213793103448275
2026-02-13,SKU-1016,Snacks,238.0,4331,7129.0,14,False,342.0,128.0,263.7142857142857,258.57142857142856,253.42857142857142,10.285714285714306,4,27.033044420368363
2026-02-14,SKU-1016,Snacks,232.0,0,6897.0,14,False,238.0,184.0,279.42857142857144,260.5,241.57142857142858,37.85714285714286,5,24.68251533742331
2026-02-15,SKU-1016,Snacks,233.0,0,6664.0,14,False,232.0,239.0,286.2857142857143,261.92857142857144,237.57142857142858,48.714285714285694,6,23.27744510978044
2026-02-16,SKU-1016,Snacks,196.0,0,6468.0,14,False,233.0,232.0,285.42857142857144,269.92857142857144,254.42857142857142,31.00000000000003,0,22.66066066066066
2026-02-17,SKU-1016,Snacks,217.0,0,6251.0,14,False,196.0,309.0,280.2857142857143,259.64285714285717,239.0,41.28571428571428,1,22.30224260958206
2026-02-18,SKU-1016,Snacks,329.0,0,5922.0,14,False,217.0,412.0,267.14285714285717,260.92857142857144,254.71428571428572,12.428571428571445,2,22.16791443850267
2026-02-19,SKU-1016,Snacks,317.0,0,5922.0,14,False,329.0,342.0,255.28571428571428,251.92857142857142,248.57142857142858,6.714285714285694,3,23.19753777280358
2026-02-20,SKU-1016,Snacks,209.0,0,5396.0,14,False,317.0,238.0,251.71428571428572,257.7142857142857,263.7142857142857,-12.0,4,21.43700340522134
2026-02-21,SKU-1016,Snacks,287.0,0,5109.0,14,False,209.0,232.0,247.57142857142858,263.5,279.42857142857144,-31.85714285714286,5,20.636468551644548
2026-02-22,SKU-1016,Snacks,133.0,0,4976.0,14,False,287.0,233.0,255.42857142857142,270.85714285714283,286.2857142857143,-30.85714285714286,6,19.480984340044742
2026-02-23,SKU-1016,Snacks,327.0,0,4649.0,14,False,133.0,196.0,241.14285714285714,263.2857142857143,285.42857142857144,-44.285714285714306,0,19.279028436018958
2026-02-24,SKU-1016,Snacks,330.0,0,4319.0,14,False,327.0,217.0,259.85714285714283,270.07142857142856,280.2857142857143,-20.428571428571445,1,16.62067069818582
2026-02-25,SKU-1016,Snacks,235.0,0,4084.0,14,False,330.0,329.0,276.0,271.57142857142856,267.14285714285717,8.857142857142833,2,14.797101449275363
2026-02-26,SKU-1016,Snacks,229.0,4541,8396.0,14,False,235.0,317.0,262.57142857142856,258.92857142857144,255.28571428571428,7.285714285714278,3,31.976060935799783
2026-02-27,SKU-1016,Snacks,285.0,0,8111.0,14,False,229.0,209.0,250.0,250.85714285714286,251.71428571428572,-1.7142857142857224,4,32.444
2026-02-28,SKU-1016,Snacks,204.0,0,7907.0,14,False,285.0,287.0,260.85714285714283,254.21428571428572,247.57142857142858,13.28571428571425,5,30.31161007667032
2026-03-01,SKU-1016,Snacks,211.0,0,7696.0,14,False,204.0,133.0,249.0,252.21428571428572,255.42857142857142,-6.428571428571416,6,30.907630522088354
2026-03-02,SKU-1016,Snacks,211.0,0,7444.0,14,False,211.0,327.0,260.14285714285717,250.64285714285714,241.14285714285714,19.00000000000003,0,28.61504667764964
2026-03-03,SKU-1016,Snacks,303.0,0,7141.0,14,False,211.0,330.0,243.57142857142858,251.71428571428572,259.85714285714283,-16.28571428571425,1,29.317888563049852
2026-03-04,SKU-1016,Snacks,427.0,0,6714.0,14,False,303.0,235.0,239.71428571428572,257.85714285714283,276.0,-36.28571428571428,2,28.00834326579261
2026-03-05,SKU-1016,Snacks,328.0,0,6386.0,14,False,427.0,229.0,267.14285714285717,264.85714285714283,262.57142857142856,4.571428571428612,3,23.904812834224597
2026-03-06,SKU-1016,Snacks,289.0,0,6097.0,14,False,328.0,285.0,281.2857142857143,265.64285714285717,250.0,31.285714285714278,4,21.675469781615032
2026-03-07,SKU-1016,Snacks,266.0,0,5831.0,14,False,289.0,204.0,281.85714285714283,271.35714285714283,260.85714285714283,21.0,5,20.687785098834265
2026-03-08,SKU-1016,Snacks,239.0,0,5592.0,14,False,266.0,211.0,290.7142857142857,269.85714285714283,249.0,41.71428571428572,6,19.235380835380834
2026-03-09,SKU-1016,Snacks,220.0,0,5372.0,14,False,239.0,211.0,294.7142857142857,277.42857142857144,260.14285714285717,34.571428571428555,0,18.22782355792535
2026-03-10,SKU-1016,Snacks,393.0,0,4979.0,14,False,220.0,303.0,296.0,269.7857142857143,243.57142857142858,52.428571428571416,1,16.820945945945947
2026-03-11,SKU-1016,Snacks,196.0,0,4783.0,14,False,393.0,427.0,308.85714285714283,274.2857142857143,239.71428571428572,69.14285714285711,2,15.486123959296949
2026-03-12,SKU-1016,Snacks,210.0,0,4573.0,14,False,196.0,328.0,275.85714285714283,271.5,267.14285714285717,8.714285714285666,3,16.577421025375454
2026-03-13,SKU-1016,Snacks,207.0,0,4366.0,14,False,210.0,289.0,259.0,270.14285714285717,281.2857142857143,-22.285714285714278,4,16.857142857142858
2026-03-14,SKU-1016,Snacks,175.0,0,4191.0,14,False,207.0,266.0,247.28571428571428,264.57142857142856,281.85714285714283,-34.571428571428555,5,16.94800693240901
2026-03-15,SKU-1016,Snacks,132.0,0,4059.0,14,False,175.0,239.0,234.28571428571428,262.5,290.7142857142857,-56.428571428571445,6,17.325
2026-03-16,SKU-1016,Snacks,260.0,0,3799.0,14,False,132.0,220.0,219.0,256.85714285714283,294.7142857142857,-75.71428571428572,0,17.347031963470318
2026-03-17,SKU-1016,Snacks,300.0,0,3499.0,14,False,260.0,393.0,224.71428571428572,260.35714285714283,296.0,-71.28571428571428,1,15.570883661792752
2026-03-18,SKU-1016,Snacks,334.0,4586,7751.0,14,False,300.0,196.0,211.42857142857142,260.14285714285717,308.85714285714283,-97.42857142857142,2,36.660135135135135
2026-03-19,SKU-1016,Snacks,350.0,0,7401.0,14,False,334.0,210.0,231.14285714285714,253.5,275.85714285714283,-44.714285714285694,3,32.019159456118665
2026-03-20,SKU-1016,Snacks,134.0,0,7267.0,14,False,350.0,207.0,251.14285714285714,255.07142857142858,259.0,-7.857142857142861,4,28.935722411831627
2026-03-21,SKU-1016,Snacks,180.0,0,7087.0,14,False,134.0,175.0,240.71428571428572,244.0,247.28571428571428,-6.571428571428555,5,29.44154302670623
2026-03-22,SKU-1016,Snacks,229.0,0,6858.0,14,False,180.0,132.0,241.42857142857142,237.85714285714286,234.28571428571428,7.142857142857139,6,28.405917159763316
2026-03-23,SKU-1016,Snacks,210.0,0,6648.0,14,False,229.0,260.0,255.28571428571428,237.14285714285714,219.0,36.28571428571428,0,26.04141018466704
2026-03-24,SKU-1016,Snacks,404.0,0,6244.0,14,False,210.0,300.0,248.14285714285714,236.42857142857142,224.71428571428572,23.428571428571416,1,25.1629245826137
2026-03-25,SKU-1016,Snacks,330.0,0,5914.0,14,False,404.0,334.0,263.0,237.21428571428572,211.42857142857142,51.571428571428584,2,22.486692015209126
2026-03-26,SKU-1016,Snacks,266.0,0,5648.0,14,False,330.0,350.0,262.42857142857144,246.78571428571428,231.14285714285714,31.285714285714306,3,21.522046815459987
2026-03-27,SKU-1016,Snacks,209.0,0,5439.0,14,False,266.0,134.0,250.42857142857142,250.78571428571428,251.14285714285714,-0.7142857142857224,4,21.718767826583
2026-03-28,SKU-1016,Snacks,143.0,0,5296.0,14,False,209.0,180.0,261.14285714285717,250.92857142857142,240.71428571428572,20.428571428571445,5,20.280087527352297
2026-03-29,SKU-1016,Snacks,296.0,0,5000.0,14,False,143.0,229.0,255.85714285714286,248.64285714285714,241.42857142857142,14.428571428571445,6,19.54215522054718
2026-03-30,SKU-1016,Snacks,239.0,0,4761.0,14,False,296.0,210.0,265.42857142857144,260.35714285714283,255.28571428571428,10.142857142857167,0,17.937029063509147
2026-03-31,SKU-1016,Snacks,303.0,0,4458.0,14,False,239.0,404.0,269.57142857142856,258.85714285714283,248.14285714285714,21.428571428571416,1,16.537360890302068
2026-04-01,SKU-1016,Snacks,270.0,0,4188.0,14,False,303.0,330.0,255.14285714285714,259.07142857142856,263.0,-7.857142857142861,2,16.414333706606943
2026-04-02,SKU-1016,Snacks,222.0,4102,8068.0,14,False,270.0,266.0,246.57142857142858,254.5,262.42857142857144,-15.857142857142861,3,32.720741599073
2026-04-03,SKU-1016,Snacks,210.0,0,7858.0,14,False,222.0,209.0,240.28571428571428,245.35714285714286,250.42857142857142,-10.142857142857139,4,32.70273483947681
2026-04-04,SKU-1016,Snacks,203.0,0,7655.0,14,False,210.0,143.0,240.42857142857142,250.78571428571428,261.14285714285717,-20.71428571428575,5,31.838978015448607
2026-04-05,SKU-1016,Snacks,123.0,0,7532.0,14,False,203.0,296.0,249.0,252.42857142857142,255.85714285714286,-6.857142857142861,6,30.248995983935743
2026-04-06,SKU-1016,Snacks,97.0,0,7435.0,14,False,123.0,239.0,224.28571428571428,244.85714285714286,265.42857142857144,-41.14285714285717,0,33.14968152866242
2026-04-07,SKU-1016,Snacks,312.0,0,7123.0,14,False,97.0,303.0,204.0,236.78571428571428,269.57142857142856,-65.57142857142856,1,34.916666666666664
2026-04-08,SKU-1016,Snacks,240.0,0,6883.0,14,False,312.0,270.0,205.28571428571428,230.21428571428572,255.14285714285714,-49.85714285714286,2,33.528879610299235
2026-04-09,SKU-1016,Snacks,294.0,0,6589.0,14,False,240.0,222.0,201.0,223.78571428571428,246.57142857142858,-45.571428571428584,3,32.78109452736319
2026-04-10,SKU-1016,Snacks,182.0,0,6407.0,14,False,294.0,210.0,211.28571428571428,225.78571428571428,240.28571428571428,-29.0,4,30.323867478025694
2026-04-11,SKU-1016,Snacks,211.0,0,6196.0,14,False,182.0,203.0,207.28571428571428,223.85714285714286,240.42857142857142,-33.14285714285714,5,29.891109579600275
2026-04-12,SKU-1016,Snacks,262.0,0,5934.0,14,False,211.0,123.0,208.42857142857142,228.71428571428572,249.0,-40.571428571428584,6,28.470185058259084
2026-04-13,SKU-1016,Snacks,163.0,0,5771.0,14,False,262.0,97.0,228.28571428571428,226.28571428571428,224.28571428571428,4.0,0,25.279724655819777
2026-04-14,SKU-1016,Snacks,314.0,0,5457.0,14,False,163.0,312.0,237.71428571428572,220.85714285714286,204.0,33.71428571428572,1,22.956129807692307
2026-04-15,SKU-1016,Snacks,246.0,0,5211.0,14,False,314.0,240.0,238.0,221.64285714285714,205.28571428571428,32.71428571428572,2,21.894957983193276
2026-04-16,SKU-1016,Snacks,297.0,0,4914.0,14,False,246.0,294.0,238.85714285714286,219.92857142857142,201.0,37.85714285714286,3,20.572966507177032
2026-04-17,SKU-1016,Snacks,138.0,0,4776.0,14,False,297.0,182.0,239.28571428571428,225.28571428571428,211.28571428571428,28.0,4,19.95940298507463
2026-04-18,SKU-1016,Snacks,122.0,0,4654.0,14,False,138.0,211.0,233.0,220.14285714285714,207.28571428571428,25.714285714285722,5,19.974248927038627
2026-04-19,SKU-1016,Snacks,187.0,0,4467.0,14,False,122.0,262.0,220.28571428571428,214.35714285714286,208.42857142857142,11.857142857142861,6,20.27821011673152
2026-04-20,SKU-1016,Snacks,187.0,0,4068.0,14,False,187.0,163.0,209.57142857142858,218.92857142857142,228.28571428571428,-18.714285714285694,0,19.411042944785276
2026-04-21,SKU-1016,Snacks,261.0,0,3807.0,14,False,187.0,314.0,213.0,225.35714285714286,237.71428571428572,-24.714285714285722,1,17.87323943661972
2026-04-22,SKU-1016,Snacks,314.0,0,3493.0,14,False,261.0,246.0,205.42857142857142,221.71428571428572,238.0,-32.571428571428584,2,17.00347705146036
2026-04-23,SKU-1016,Snacks,225.0,0,3268.0,14,False,314.0,297.0,215.14285714285714,227.0,238.85714285714286,-23.714285714285722,3,15.189907038512617
2026-04-24,SKU-1016,Snacks,283.0,0,2985.0,14,False,225.0,138.0,204.85714285714286,222.07142857142858,239.28571428571428,-34.428571428571416,4,14.57112970711297
2026-04-25,SKU-1016,Snacks,175.0,0,2810.0,14,False,283.0,122.0,225.57142857142858,229.28571428571428,233.0,-7.428571428571416,5,12.457251424952501
2026-04-26,SKU-1016,Snacks,260.0,4431,6981.0,14,False,175.0,187.0,233.14285714285714,226.71428571428572,220.28571428571428,12.857142857142861,6,29.943014705882355
2026-04-27,SKU-1016,Snacks,273.0,0,6708.0,14,False,260.0,187.0,243.57142857142858,226.57142857142858,209.57142857142858,34.0,0,27.540175953079178
2026-04-28,SKU-1016,Snacks,374.0,0,6334.0,14,False,273.0,261.0,255.85714285714286,234.42857142857142,213.0,42.85714285714286,1,24.756002233389168
2026-04-29,SKU-1016,Snacks,285.0,0,6049.0,14,False,374.0,314.0,272.0,238.71428571428572,205.42857142857142,66.57142857142858,2,22.238970588235293
2026-04-30,SKU-1016,Snacks,262.0,0,5787.0,14,False,285.0,225.0,267.85714285714283,241.5,215.14285714285714,52.714285714285694,3,21.6048
2026-05-01,SKU-1016,Snacks,258.0,0,5529.0,14,False,262.0,283.0,273.14285714285717,239.0,204.85714285714286,68.2857142857143,4,20.24215481171548
2026-05-02,SKU-1016,Snacks,154.0,0,5375.0,14,False,258.0,175.0,269.57142857142856,247.57142857142858,225.57142857142858,43.99999999999997,5,19.93905670376259
2026-05-03,SKU-1016,Snacks,243.0,0,5132.0,14,False,154.0,260.0,266.57142857142856,249.85714285714286,233.14285714285714,33.428571428571416,6,19.251875669882104
2026-05-04,SKU-1016,Snacks,233.0,0,4899.0,14,False,243.0,273.0,264.14285714285717,253.85714285714286,243.57142857142858,20.571428571428584,0,18.546782044348294
2026-05-05,SKU-1016,Snacks,294.0,0,4605.0,14,False,233.0,374.0,258.42857142857144,257.14285714285717,255.85714285714286,2.5714285714285836,1,17.819237147595356
2026-05-06,SKU-1016,Snacks,469.0,0,4136.0,14,False,294.0,285.0,247.0,259.5,272.0,-25.0,2,16.74493927125506
2026-05-07,SKU-1016,Snacks,252.0,0,3884.0,14,False,469.0,262.0,273.2857142857143,270.57142857142856,267.85714285714283,5.428571428571445,3,14.212232096184005
2026-05-08,SKU-1016,Snacks,173.0,0,3711.0,14,False,252.0,258.0,271.85714285714283,272.5,273.14285714285717,-1.2857142857143344,4,13.65055176037835
2026-05-09,SKU-1016,Snacks,240.0,0,3471.0,14,False,173.0,154.0,259.7142857142857,264.64285714285717,269.57142857142856,-9.857142857142833,5,13.364686468646864
2026-05-10,SKU-1016,Snacks,399.0,0,3072.0,14,False,240.0,243.0,272.0,269.2857142857143,266.57142857142856,5.428571428571445,6,11.294117647058824
2026-05-11,SKU-1016,Snacks,237.0,0,2835.0,14,False,399.0,233.0,294.2857142857143,279.2142857142857,264.14285714285717,30.14285714285711,0,9.633495145631068
2026-05-12,SKU-1016,Snacks,305.0,0,2530.0,14,False,237.0,294.0,294.85714285714283,276.64285714285717,258.42857142857144,36.42857142857139,1,8.580426356589149
2026-05-13,SKU-1016,Snacks,317.0,0,2213.0,14,False,305.0,469.0,296.42857142857144,271.7142857142857,247.0,49.428571428571445,2,7.465542168674698
2026-05-14,SKU-1016,Snacks,153.0,0,2060.0,14,False,317.0,252.0,274.7142857142857,274.0,273.2857142857143,1.4285714285714448,3,7.4986999479979195
2026-05-15,SKU-1016,Snacks,235.0,0,1825.0,14,False,153.0,173.0,260.57142857142856,266.2142857142857,271.85714285714283,-11.285714285714278,4,7.003837719298246
2026-05-16,SKU-1016,Snacks,138.0,0,1687.0,14,False,235.0,240.0,269.42857142857144,264.57142857142856,259.7142857142857,9.714285714285722,5,6.261399787910922
2026-05-17,SKU-1016,Snacks,187.0,0,1500.0,14,False,138.0,399.0,254.85714285714286,263.42857142857144,272.0,-17.14285714285714,6,5.885650224215246
2026-05-18,SKU-1016,Snacks,231.0,0,1269.0,14,False,187.0,237.0,224.57142857142858,259.42857142857144,294.2857142857143,-69.7142857142857,0,5.650763358778626
2026-05-19,SKU-1016,Snacks,308.0,0,961.0,14,False,231.0,305.0,223.71428571428572,259.2857142857143,294.85714285714283,-71.14285714285711,1,4.295657726692209
2026-05-20,SKU-1016,Snacks,265.0,4768,5464.0,14,False,308.0,317.0,224.14285714285714,260.2857142857143,296.42857142857144,-72.2857142857143,2,24.377310388782664
2026-05-21,SKU-1016,Snacks,205.0,0,5259.0,14,False,265.0,153.0,216.71428571428572,245.71428571428572,274.7142857142857,-58.0,3,24.266974291364534
2026-05-22,SKU-1016,Snacks,268.0,0,4991.0,14,False,205.0,235.0,224.14285714285714,242.35714285714286,260.57142857142856,-36.428571428571416,4,22.267049075844486
2026-05-23,SKU-1016,Snacks,134.0,0,4857.0,14,False,268.0,138.0,228.85714285714286,249.14285714285714,269.42857142857144,-40.571428571428584,5,21.222846441947564
2026-05-24,SKU-1016,Snacks,207.0,0,4650.0,14,False,134.0,187.0,228.28571428571428,241.57142857142858,254.85714285714286,-26.571428571428584,6,20.36921151439299
2026-05-25,SKU-1016,Snacks,274.0,0,4376.0,14,False,207.0,231.0,231.14285714285714,227.85714285714286,224.57142857142858,6.571428571428555,0,18.93201483312732
2026-05-26,SKU-1016,Snacks,276.0,0,4100.0,14,False,274.0,308.0,237.28571428571428,230.5,223.71428571428572,13.571428571428555,1,17.2787477423239
2026-05-27,SKU-1016,Snacks,245.0,0,3855.0,14,False,276.0,265.0,232.71428571428572,228.42857142857142,224.14285714285714,8.571428571428584,2,16.56537753222836
2026-05-28,SKU-1016,Snacks,262.0,0,3593.0,14,False,245.0,205.0,229.85714285714286,223.28571428571428,216.71428571428572,13.142857142857139,3,15.631448104412678
2026-05-29,SKU-1016,Snacks,239.0,4274,7628.0,14,False,262.0,268.0,238.0,231.07142857142858,224.14285714285714,13.857142857142861,4,32.05042016806723
2026-05-30,SKU-1016,Snacks,99.0,0,7529.0,14,False,239.0,134.0,233.85714285714286,231.35714285714286,228.85714285714286,5.0,5,32.19486866218693
2026-05-31,SKU-1016,Snacks,240.0,0,7289.0,14,False,99.0,207.0,228.85714285714286,228.57142857142858,228.28571428571428,0.5714285714285836,6,31.84956304619226
2026-06-01,SKU-1016,Snacks,250.0,0,7039.0,14,False,240.0,274.0,233.57142857142858,232.35714285714286,231.14285714285714,2.428571428571445,0,30.136391437308866
2026-06-02,SKU-1016,Snacks,303.0,0,6736.0,14,False,250.0,276.0,230.14285714285714,233.71428571428572,237.28571428571428,-7.142857142857139,1,29.268777157045314
2026-06-03,SKU-1016,Snacks,408.0,0,6328.0,14,False,303.0,245.0,234.0,233.35714285714286,232.71428571428572,1.2857142857142776,2,27.042735042735043
2026-06-04,SKU-1016,Snacks,346.0,0,5982.0,14,False,408.0,262.0,257.2857142857143,243.57142857142858,229.85714285714286,27.428571428571416,3,23.250416435313717
2026-06-05,SKU-1016,Snacks,231.0,0,5751.0,14,False,346.0,239.0,269.2857142857143,253.64285714285714,238.0,31.285714285714278,4,21.356498673740052
2026-06-06,SKU-1016,Snacks,226.0,0,5525.0,14,False,231.0,99.0,268.14285714285717,251.0,233.85714285714286,34.285714285714306,5,20.604688332445388
2026-06-07,SKU-1016,Snacks,178.0,0,5347.0,14,False,226.0,240.0,286.2857142857143,257.57142857142856,228.85714285714286,57.428571428571416,6,18.677145708582835
2026-06-08,SKU-1016,Snacks,229.0,0,5118.0,14,False,178.0,250.0,277.42857142857144,255.5,233.57142857142858,43.85714285714286,0,18.44799176107106
2026-06-09,SKU-1016,Snacks,360.0,0,4758.0,14,False,229.0,303.0,274.42857142857144,252.28571428571428,230.14285714285714,44.285714285714306,1,17.33784487246226
2026-06-10,SKU-1016,Snacks,323.0,0,4435.0,14,False,360.0,408.0,282.57142857142856,258.2857142857143,234.0,48.571428571428555,2,15.695146612740142
2026-06-11,SKU-1016,Snacks,260.0,0,4175.0,14,False,323.0,346.0,270.42857142857144,263.85714285714283,257.2857142857143,13.142857142857167,3,15.438457474907553
2026-06-12,SKU-1016,Snacks,268.0,5204,9111.0,14,False,260.0,231.0,258.14285714285717,263.7142857142857,269.2857142857143,-11.14285714285711,4,35.294410625345876
2026-06-13,SKU-1016,Snacks,264.0,0,8847.0,14,False,268.0,226.0,263.42857142857144,265.7857142857143,268.14285714285717,-4.714285714285722,5,33.58405639913232
2026-06-14,SKU-1016,Snacks,183.0,0,8664.0,14,False,264.0,178.0,268.85714285714283,277.57142857142856,286.2857142857143,-17.428571428571445,6,32.22529224229543
2026-06-15,SKU-1016,Snacks,183.0,0,8090.0,14,False,183.0,229.0,269.57142857142856,273.5,277.42857142857144,-7.85714285714289,0,30.01059883412825
2026-06-16,SKU-1016,Snacks,222.0,0,7868.0,14,False,183.0,360.0,263.0,268.7142857142857,274.42857142857144,-11.428571428571445,1,29.916349809885933
2026-06-17,SKU-1016,Snacks,343.0,0,7525.0,14,False,222.0,323.0,243.28571428571428,262.92857142857144,282.57142857142856,-39.28571428571428,2,30.930710510863182
2026-06-18,SKU-1016,Snacks,278.0,0,7247.0,14,False,343.0,260.0,246.14285714285714,258.2857142857143,270.42857142857144,-24.285714285714306,3,29.44225188624492
2026-06-19,SKU-1016,Snacks,163.0,0,7084.0,14,False,278.0,268.0,248.71428571428572,253.42857142857142,258.14285714285717,-9.428571428571445,4,28.482481332567488
2026-06-20,SKU-1016,Snacks,199.0,0,6885.0,14,False,163.0,264.0,233.71428571428572,248.57142857142858,263.42857142857144,-29.714285714285722,5,29.459046454767726
2026-06-21,SKU-1016,Snacks,178.0,0,6707.0,14,False,199.0,183.0,224.42857142857142,246.64285714285714,268.85714285714283,-44.428571428571416,6,29.884786760025463
2026-06-22,SKU-1016,Snacks,215.0,0,6492.0,14,False,178.0,183.0,223.71428571428572,246.64285714285714,269.57142857142856,-45.85714285714283,0,29.019157088122604
2026-06-23,SKU-1016,Snacks,394.0,0,6098.0,14,False,215.0,222.0,228.28571428571428,245.64285714285714,263.0,-34.71428571428572,1,26.712140175219023
2026-06-24,SKU-1016,Snacks,286.0,0,5812.0,14,False,394.0,343.0,252.85714285714286,248.07142857142858,243.28571428571428,9.571428571428584,2,22.985310734463276
2026-06-25,SKU-1016,Snacks,336.0,0,5476.0,14,False,286.0,278.0,244.71428571428572,245.42857142857142,246.14285714285714,-1.4285714285714164,3,22.37711617046118
2026-06-26,SKU-1016,Snacks,185.0,0,5291.0,14,False,336.0,163.0,253.0,250.85714285714286,248.71428571428572,4.285714285714278,4,20.91304347826087
2026-06-27,SKU-1016,Snacks,229.0,0,5062.0,14,False,185.0,199.0,256.14285714285717,244.92857142857142,233.71428571428572,22.428571428571445,5,19.76240936977133
2026-06-28,SKU-1016,Snacks,224.0,0,4838.0,14,False,229.0,178.0,260.42857142857144,242.42857142857142,224.42857142857142,36.00000000000003,6,18.57707076247943
2026-06-29,SKU-1016,Snacks,218.0,0,4620.0,14,False,224.0,215.0,267.0,245.35714285714286,223.71428571428572,43.28571428571428,0,17.303370786516854
2026-01-01,SKU-1017,Beverages,274.0,0,1512.0,3,False,,,,,,,3,
2026-01-02,SKU-1017,Beverages,312.0,0,1200.0,3,False,274.0,,,,,,4,
2026-01-03,SKU-1017,Beverages,258.0,0,942.0,3,False,312.0,,,,,,5,
2026-01-04,SKU-1017,Beverages,255.0,0,687.0,3,False,258.0,,,,,,6,
2026-01-05,SKU-1017,Beverages,168.0,0,519.0,3,False,255.0,,,,,,0,
2026-01-06,SKU-1017,Beverages,270.0,935,1184.0,3,False,168.0,,,,,,1,
2026-01-07,SKU-1017,Beverages,285.0,0,899.0,3,False,270.0,,,,,,2,
2026-01-08,SKU-1017,Beverages,278.0,0,621.0,3,False,285.0,274.0,260.2857142857143,,,,3,2.385839736553238
2026-01-09,SKU-1017,Beverages,274.0,1136,1483.0,3,False,278.0,312.0,260.85714285714283,,,,4,5.685104052573933
2026-01-10,SKU-1017,Beverages,243.0,0,1240.0,3,False,274.0,258.0,255.42857142857142,,,,5,4.8545861297539155
2026-01-11,SKU-1017,Beverages,267.0,0,973.0,3,False,243.0,255.0,253.28571428571428,,,,6,3.841511562323745
2026-01-12,SKU-1017,Beverages,294.0,0,679.0,3,False,267.0,168.0,255.0,,,,0,2.6627450980392156
2026-01-13,SKU-1017,Beverages,274.0,918,1323.0,3,False,294.0,270.0,273.0,,,,1,4.846153846153846
2026-01-14,SKU-1017,Beverages,274.0,0,1049.0,3,False,274.0,285.0,273.57142857142856,,,,2,3.8344647519582247
2026-01-15,SKU-1017,Beverages,259.0,0,790.0,3,False,274.0,278.0,272.0,266.14285714285717,260.2857142857143,11.714285714285722,3,2.9044117647058822
2026-01-16,SKU-1017,Beverages,239.0,0,551.0,3,False,259.0,274.0,269.2857142857143,265.07142857142856,260.85714285714283,8.428571428571445,4,2.0461538461538464
2026-01-17,SKU-1017,Beverages,216.0,0,335.0,3,False,239.0,243.0,264.2857142857143,259.85714285714283,255.42857142857142,8.857142857142861,5,1.2675675675675675
2026-01-18,SKU-1017,Beverages,244.0,0,91.0,3,False,216.0,267.0,260.42857142857144,256.85714285714283,253.28571428571428,7.142857142857167,6,0.3494240263302249
2026-01-19,SKU-1017,Beverages,265.0,0,0.0,3,False,244.0,294.0,257.14285714285717,256.07142857142856,255.0,2.142857142857167,0,0.0
2026-01-20,SKU-1017,Beverages,305.0,991,686.0,3,False,265.0,274.0,253.0,263.0,273.0,-20.0,1,2.7114624505928853
2026-01-21,SKU-1017,Beverages,287.0,0,399.0,3,False,305.0,274.0,257.42857142857144,265.5,273.57142857142856,-16.14285714285711,2,1.5499445061043284
2026-01-22,SKU-1017,Beverages,252.0,0,147.0,3,False,287.0,259.0,259.2857142857143,265.64285714285717,272.0,-12.714285714285722,3,0.5669421487603306
2026-01-23,SKU-1017,Beverages,228.0,1071,990.0,3,False,252.0,239.0,258.2857142857143,263.7857142857143,269.2857142857143,-11.0,4,3.8329646017699117
2026-01-24,SKU-1017,Beverages,303.0,0,687.0,3,False,228.0,216.0,256.7142857142857,260.5,264.2857142857143,-7.571428571428555,5,2.676126878130217
2026-01-25,SKU-1017,Beverages,350.0,1091,1428.0,3,False,303.0,244.0,269.14285714285717,264.7857142857143,260.42857142857144,8.714285714285722,6,5.305732484076433
2026-01-26,SKU-1017,Beverages,263.0,0,1165.0,3,False,350.0,265.0,284.2857142857143,270.7142857142857,257.14285714285717,27.14285714285711,0,4.097989949748744
2026-01-27,SKU-1017,Beverages,256.0,0,909.0,3,False,263.0,305.0,284.0,268.5,253.0,31.0,1,3.2007042253521125
2026-01-28,SKU-1017,Beverages,333.0,0,576.0,3,False,256.0,287.0,277.0,267.2142857142857,257.42857142857144,19.571428571428555,2,2.07942238267148
2026-01-29,SKU-1017,Beverages,350.0,0,226.0,3,False,333.0,252.0,283.57142857142856,271.42857142857144,259.2857142857143,24.285714285714278,3,0.7969773299748111
2026-01-30,SKU-1017,Beverages,310.0,0,0.0,3,False,350.0,228.0,297.57142857142856,277.92857142857144,258.2857142857143,39.28571428571428,4,0.0
2026-01-31,SKU-1017,Beverages,353.0,1007,654.0,3,False,310.0,303.0,309.2857142857143,283.0,256.7142857142857,52.571428571428555,5,2.114549653579677
2026-02-01,SKU-1017,Beverages,265.0,953,1342.0,3,False,353.0,350.0,316.42857142857144,292.7857142857143,269.14285714285717,47.28571428571428,6,4.241083521444695
2026-02-02,SKU-1017,Beverages,331.0,0,1011.0,3,False,265.0,263.0,304.2857142857143,294.2857142857143,284.2857142857143,20.0,0,3.322535211267606
2026-02-03,SKU-1017,Beverages,301.0,0,710.0,3,False,331.0,256.0,314.0,299.0,284.0,30.0,1,2.261146496815287
2026-02-04,SKU-1017,Beverages,313.0,0,397.0,3,False,301.0,333.0,320.42857142857144,298.7142857142857,277.0,43.428571428571445,2,1.2389656709763708
2026-02-05,SKU-1017,Beverages,248.0,803,952.0,3,False,313.0,350.0,317.57142857142856,300.57142857142856,283.57142857142856,34.0,3,2.9977507872244717
2026-02-06,SKU-1017,Beverages,233.0,0,719.0,3,False,248.0,310.0,303.0,300.2857142857143,297.57142857142856,5.428571428571445,4,2.372937293729373
2026-02-07,SKU-1017,Beverages,221.0,0,498.0,3,False,233.0,353.0,292.0,300.64285714285717,309.2857142857143,-17.285714285714278,5,1.7054794520547945
2026-02-08,SKU-1017,Beverages,209.0,0,289.0,3,False,221.0,265.0,273.14285714285717,294.7857142857143,316.42857142857144,-43.28571428571428,6,1.0580543933054392
2026-02-09,SKU-1017,Beverages,319.0,0,0.0,3,False,209.0,331.0,265.14285714285717,284.7142857142857,304.2857142857143,-39.14285714285711,0,0.0
2026-02-10,SKU-1017,Beverages,228.0,1189,961.0,3,False,319.0,301.0,263.42857142857144,288.7142857142857,314.0,-50.571428571428555,1,3.648047722342733
2026-02-11,SKU-1017,Beverages,393.0,0,568.0,3,False,228.0,313.0,253.0,286.7142857142857,320.42857142857144,-67.42857142857144,2,2.2450592885375493
2026-02-12,SKU-1017,Beverages,277.0,0,291.0,3,False,393.0,248.0,264.42857142857144,291.0,317.57142857142856,-53.14285714285711,3,1.100486223662885
2026-02-13,SKU-1017,Beverages,283.0,0,8.0,3,False,277.0,233.0,268.57142857142856,285.7857142857143,303.0,-34.428571428571445,4,0.029787234042553193
2026-02-14,SKU-1017,Beverages,261.0,1178,925.0,3,False,283.0,221.0,275.7142857142857,283.85714285714283,292.0,-16.285714285714278,5,3.354922279792746
2026-02-15,SKU-1017,Beverages,233.0,0,692.0,3,False,261.0,209.0,281.42857142857144,277.2857142857143,273.14285714285717,8.285714285714278,6,2.4588832487309644
2026-02-16,SKU-1017,Beverages,259.0,1095,1528.0,3,False,233.0,319.0,284.85714285714283,275.0,265.14285714285717,19.714285714285666,0,5.364092276830492
2026-02-17,SKU-1017,Beverages,276.0,0,1252.0,3,False,259.0,228.0,276.2857142857143,269.85714285714283,263.42857142857144,12.857142857142833,1,4.531540847983454
2026-02-18,SKU-1017,Beverages,275.0,0,977.0,3,False,276.0,393.0,283.14285714285717,268.07142857142856,253.0,30.142857142857167,2,3.450554994954591
2026-02-19,SKU-1017,Beverages,378.0,0,599.0,3,False,275.0,277.0,266.2857142857143,265.35714285714283,264.42857142857144,1.8571428571428328,3,2.249463519313305
2026-02-20,SKU-1017,Beverages,265.0,0,334.0,3,False,378.0,283.0,280.7142857142857,274.64285714285717,268.57142857142856,12.142857142857167,4,1.1898218829516538
2026-02-21,SKU-1017,Beverages,229.0,0,105.0,3,False,265.0,261.0,278.14285714285717,276.92857142857144,275.7142857142857,2.428571428571445,5,0.3775038520801232
2026-02-22,SKU-1017,Beverages,94.0,0,11.0,3,False,229.0,233.0,273.57142857142856,277.5,281.42857142857144,-7.85714285714289,6,0.0402088772845953
2026-02-23,SKU-1017,Beverages,287.0,1153,877.0,3,False,94.0,259.0,253.71428571428572,269.2857142857143,284.85714285714283,-31.14285714285711,0,3.456644144144144
2026-02-24,SKU-1017,Beverages,281.0,0,596.0,3,False,287.0,276.0,257.7142857142857,267.0,276.2857142857143,-18.571428571428555,1,2.3126385809312637
2026-02-25,SKU-1017,Beverages,358.0,0,238.0,3,False,281.0,275.0,258.42857142857144,270.7857142857143,283.14285714285717,-24.714285714285722,2,0.9209508015478164
2026-02-26,SKU-1017,Beverages,252.0,0,0.0,3,False,358.0,378.0,270.2857142857143,268.2857142857143,266.2857142857143,4.0,3,0.0
2026-02-27,SKU-1017,Beverages,276.0,1116,840.0,3,False,252.0,265.0,252.28571428571428,266.5,280.7142857142857,-28.428571428571445,4,3.3295583238958097
2026-02-28,SKU-1017,Beverages,254.0,0,586.0,3,False,276.0,229.0,253.85714285714286,266.0,278.14285714285717,-24.285714285714306,5,2.3083849184018006
2026-03-01,SKU-1017,Beverages,252.0,0,334.0,3,False,254.0,94.0,257.42857142857144,265.5,273.57142857142856,-16.14285714285711,6,1.297447280799112
2026-03-02,SKU-1017,Beverages,270.0,0,64.0,3,False,252.0,287.0,280.0,266.85714285714283,253.71428571428572,26.285714285714278,0,0.22857142857142856
2026-03-03,SKU-1017,Beverages,370.0,1080,774.0,3,False,270.0,281.0,277.57142857142856,267.64285714285717,257.7142857142857,19.857142857142833,1,2.7884714359238294
2026-03-04,SKU-1017,Beverages,302.0,0,472.0,3,False,370.0,358.0,290.2857142857143,274.35714285714283,258.42857142857144,31.857142857142833,2,1.625984251968504
2026-03-05,SKU-1017,Beverages,279.0,844,1037.0,3,False,302.0,252.0,282.2857142857143,276.2857142857143,270.2857142857143,12.0,3,3.673582995951417
2026-03-06,SKU-1017,Beverages,186.0,0,851.0,3,False,279.0,276.0,286.14285714285717,269.2142857142857,252.28571428571428,33.85714285714289,4,2.9740389415876183
2026-03-07,SKU-1017,Beverages,254.0,0,597.0,3,False,186.0,254.0,273.2857142857143,263.57142857142856,253.85714285714286,19.428571428571416,5,2.184526921066388
2026-03-08,SKU-1017,Beverages,326.0,0,271.0,3,False,254.0,252.0,273.2857142857143,265.35714285714283,257.42857142857144,15.857142857142833,6,0.9916361735493989
2026-03-09,SKU-1017,Beverages,122.0,0,149.0,3,False,326.0,270.0,283.85714285714283,281.92857142857144,280.0,3.857142857142833,0,0.5249119275289381
2026-03-10,SKU-1017,Beverages,341.0,1184,992.0,3,False,122.0,370.0,262.7142857142857,270.14285714285717,277.57142857142856,-14.857142857142833,1,3.7759651984774334
2026-03-11,SKU-1017,Beverages,296.0,0,696.0,3,False,341.0,302.0,258.57142857142856,274.42857142857144,290.2857142857143,-31.714285714285722,2,2.6917127071823206
2026-03-12,SKU-1017,Beverages,296.0,859,1325.0,3,False,296.0,279.0,257.7142857142857,270.0,282.2857142857143,-24.571428571428555,3,5.1413525498891355
2026-03-13,SKU-1017,Beverages,265.0,0,1060.0,3,False,296.0,186.0,260.14285714285717,273.14285714285717,286.14285714285717,-26.0,4,4.074684239428885
2026-03-14,SKU-1017,Beverages,242.0,0,818.0,3,False,265.0,254.0,271.42857142857144,272.35714285714283,273.2857142857143,-1.8571428571428328,5,3.0136842105263155
2026-03-15,SKU-1017,Beverages,316.0,0,502.0,3,False,242.0,326.0,269.7142857142857,271.5,273.2857142857143,-3.571428571428555,6,1.861228813559322
2026-03-16,SKU-1017,Beverages,312.0,0,190.0,3,False,316.0,122.0,268.2857142857143,276.07142857142856,283.85714285714283,-15.571428571428555,0,0.7082002129925453
2026-03-17,SKU-1017,Beverages,295.0,0,0.0,3,False,312.0,341.0,295.42857142857144,279.07142857142856,262.7142857142857,32.71428571428572,1,0.0
2026-03-18,SKU-1017,Beverages,326.0,0,0.0,3,False,295.0,296.0,288.85714285714283,273.7142857142857,258.57142857142856,30.285714285714278,2,0.0
2026-03-19,SKU-1017,Beverages,292.0,0,0.0,3,False,326.0,296.0,293.14285714285717,275.42857142857144,257.7142857142857,35.428571428571445,3,0.0
2026-03-20,SKU-1017,Beverages,236.0,0,0.0,3,False,292.0,265.0,292.57142857142856,276.35714285714283,260.14285714285717,32.42857142857139,4,0.0
2026-03-21,SKU-1017,Beverages,235.0,0,0.0,3,False,236.0,242.0,288.42857142857144,279.92857142857144,271.42857142857144,17.0,5,0.0
2026-03-22,SKU-1017,Beverages,254.0,1137,883.0,3,False,235.0,316.0,287.42857142857144,278.57142857142856,269.7142857142857,17.714285714285722,6,3.0720675944333995
2026-03-23,SKU-1017,Beverages,263.0,0,620.0,3,False,254.0,312.0,278.57142857142856,273.42857142857144,268.2857142857143,10.285714285714278,0,2.2256410256410257
2026-03-24,SKU-1017,Beverages,84.0,950,1486.0,3,False,263.0,295.0,271.57142857142856,283.5,295.42857142857144,-23.85714285714289,1,5.4718569174118885
2026-03-25,SKU-1017,Beverages,311.0,0,1175.0,3,False,84.0,326.0,241.42857142857142,265.14285714285717,288.85714285714283,-47.428571428571416,2,4.866863905325444
2026-03-26,SKU-1017,Beverages,330.0,0,845.0,3,False,311.0,292.0,239.28571428571428,266.2142857142857,293.14285714285717,-53.85714285714289,3,3.5313432835820895
2026-03-27,SKU-1017,Beverages,253.0,0,592.0,3,False,330.0,236.0,244.71428571428572,268.64285714285717,292.57142857142856,-47.85714285714283,4,2.4191476941039114
2026-03-28,SKU-1017,Beverages,275.0,891,1208.0,3,False,253.0,235.0,247.14285714285714,267.7857142857143,288.42857142857144,-41.285714285714306,5,4.887861271676301
2026-03-29,SKU-1017,Beverages,261.0,0,947.0,3,False,275.0,254.0,252.85714285714286,270.14285714285717,287.42857142857144,-34.571428571428584,6,3.745197740112994
2026-03-30,SKU-1017,Beverages,288.0,0,659.0,3,False,261.0,263.0,253.85714285714286,266.2142857142857,278.57142857142856,-24.714285714285694,0,2.5959482273494654
2026-03-31,SKU-1017,Beverages,354.0,0,305.0,3,False,288.0,84.0,257.42857142857144,264.5,271.57142857142856,-14.14285714285711,1,1.1847946725860155
2026-04-01,SKU-1017,Beverages,352.0,823,776.0,3,False,354.0,311.0,296.0,268.7142857142857,241.42857142857142,54.571428571428584,2,2.6216216216216215
2026-04-02,SKU-1017,Beverages,251.0,0,525.0,3,False,352.0,330.0,301.85714285714283,270.57142857142856,239.28571428571428,62.571428571428555,3,1.7392333175579746
2026-04-03,SKU-1017,Beverages,252.0,0,273.0,3,False,251.0,253.0,290.57142857142856,267.64285714285717,244.71428571428572,45.85714285714283,4,0.9395280235988202
2026-04-04,SKU-1017,Beverages,259.0,0,14.0,3,False,252.0,275.0,290.42857142857144,268.7857142857143,247.14285714285714,43.285714285714306,5,0.04820462370880472
2026-04-05,SKU-1017,Beverages,280.0,1133,867.0,3,False,259.0,261.0,288.14285714285717,270.5,252.85714285714286,35.285714285714306,6,3.0089241447694595
2026-04-06,SKU-1017,Beverages,365.0,0,502.0,3,False,280.0,288.0,290.85714285714283,272.35714285714283,253.85714285714286,36.99999999999997,0,1.725933202357564
2026-04-07,SKU-1017,Beverages,251.0,0,251.0,3,False,365.0,354.0,301.85714285714283,279.64285714285717,257.42857142857144,44.42857142857139,1,0.8315191670610507
2026-04-08,SKU-1017,Beverages,391.0,0,0.0,3,False,251.0,352.0,287.14285714285717,291.57142857142856,296.0,-8.857142857142833,2,0.0
2026-04-09,SKU-1017,Beverages,291.0,0,0.0,3,False,391.0,251.0,292.7142857142857,297.2857142857143,301.85714285714283,-9.14285714285711,3,0.0
2026-04-10,SKU-1017,Beverages,299.0,0,0.0,3,False,291.0,252.0,298.42857142857144,294.5,290.57142857142856,7.85714285714289,4,0.0
2026-04-11,SKU-1017,Beverages,254.0,0,0.0,3,False,299.0,259.0,305.14285714285717,297.7857142857143,290.42857142857144,14.714285714285722,5,0.0
2026-04-12,SKU-1017,Beverages,325.0,0,0.0,3,False,254.0,280.0,304.42857142857144,296.2857142857143,288.14285714285717,16.285714285714278,6,0.0
2026-04-13,SKU-1017,Beverages,292.0,0,0.0,3,False,325.0,365.0,310.85714285714283,300.85714285714283,290.85714285714283,20.0,0,0.0
2026-04-14,SKU-1017,Beverages,359.0,0,0.0,3,False,292.0,251.0,300.42857142857144,301.14285714285717,301.85714285714283,-1.428571428571388,1,0.0
2026-04-15,SKU-1017,Beverages,379.0,1098,719.0,3,False,359.0,391.0,315.85714285714283,301.5,287.14285714285717,28.714285714285666,2,2.2763455450022616
2026-04-16,SKU-1017,Beverages,302.0,878,1295.0,3,False,379.0,291.0,314.14285714285717,303.42857142857144,292.7142857142857,21.428571428571445,3,4.122328331059572
2026-04-17,SKU-1017,Beverages,276.0,0,1019.0,3,False,302.0,299.0,315.7142857142857,307.07142857142856,298.42857142857144,17.285714285714278,4,3.227601809954751
2026-04-18,SKU-1017,Beverages,251.0,0,768.0,3,False,276.0,254.0,312.42857142857144,308.7857142857143,305.14285714285717,7.285714285714278,5,2.4581618655692727
2026-04-19,SKU-1017,Beverages,236.0,0,532.0,3,False,251.0,325.0,312.0,308.2142857142857,304.42857142857144,7.571428571428555,6,1.705128205128205
2026-04-20,SKU-1017,Beverages,264.0,1142,1410.0,3,False,236.0,292.0,299.2857142857143,305.07142857142856,310.85714285714283,-11.571428571428555,0,4.711217183770883
2026-04-21,SKU-1017,Beverages,366.0,0,1044.0,3,False,264.0,359.0,295.2857142857143,297.85714285714283,300.42857142857144,-5.142857142857167,1,3.5355587808417996
2026-04-22,SKU-1017,Beverages,394.0,0,650.0,3,False,366.0,379.0,296.2857142857143,306.07142857142856,315.85714285714283,-19.571428571428555,2,2.1938283510125363
2026-04-23,SKU-1017,Beverages,354.0,0,296.0,3,False,394.0,302.0,298.42857142857144,306.2857142857143,314.14285714285717,-15.714285714285722,3,0.9918621349928195
2026-04-24,SKU-1017,Beverages,267.0,0,29.0,3,False,354.0,276.0,305.85714285714283,310.7857142857143,315.7142857142857,-9.85714285714289,4,0.09481550677253621
2026-04-25,SKU-1017,Beverages,300.0,0,0.0,3,False,267.0,251.0,304.57142857142856,308.5,312.42857142857144,-7.85714285714289,5,0.0
2026-04-26,SKU-1017,Beverages,252.0,0,0.0,3,False,300.0,236.0,311.57142857142856,311.7857142857143,312.0,-0.4285714285714448,6,0.0
2026-04-27,SKU-1017,Beverages,274.0,0,0.0,3,False,252.0,264.0,313.85714285714283,306.57142857142856,299.2857142857143,14.571428571428555,0,0.0
2026-04-28,SKU-1017,Beverages,229.0,0,0.0,3,False,274.0,366.0,315.2857142857143,305.2857142857143,295.2857142857143,20.0,1,0.0
2026-04-29,SKU-1017,Beverages,315.0,840,525.0,3,False,229.0,394.0,295.7142857142857,296.0,296.2857142857143,-0.5714285714285552,2,1.7753623188405796
2026-04-30,SKU-1017,Beverages,412.0,0,113.0,3,False,315.0,354.0,284.42857142857144,291.42857142857144,298.42857142857144,-14.0,3,0.3972877950778503
2026-05-01,SKU-1017,Beverages,253.0,0,0.0,3,False,412.0,267.0,292.7142857142857,299.2857142857143,305.85714285714283,-13.14285714285711,4,0.0
2026-05-02,SKU-1017,Beverages,280.0,0,0.0,3,False,253.0,300.0,290.7142857142857,297.64285714285717,304.57142857142856,-13.857142857142833,5,0.0
2026-05-03,SKU-1017,Beverages,439.0,0,0.0,3,False,280.0,252.0,287.85714285714283,299.7142857142857,311.57142857142856,-23.714285714285722,6,0.0
2026-05-04,SKU-1017,Beverages,307.0,0,0.0,3,False,439.0,274.0,314.57142857142856,314.2142857142857,313.85714285714283,0.7142857142857224,0,0.0
2026-05-05,SKU-1017,Beverages,399.0,944,545.0,3,False,307.0,229.0,319.2857142857143,317.2857142857143,315.2857142857143,4.0,1,1.7069351230425056
2026-05-06,SKU-1017,Beverages,376.0,931,1100.0,3,False,399.0,315.0,343.57142857142856,319.64285714285717,295.7142857142857,47.85714285714283,2,3.2016632016632016
2026-05-07,SKU-1017,Beverages,368.0,0,732.0,3,False,376.0,412.0,352.2857142857143,318.35714285714283,284.42857142857144,67.85714285714283,3,2.0778588807785887
2026-05-08,SKU-1017,Beverages,305.0,0,427.0,3,False,368.0,253.0,346.0,319.35714285714283,292.7142857142857,53.28571428571428,4,1.2341040462427746
2026-05-09,SKU-1017,Beverages,324.0,0,103.0,3,False,305.0,280.0,353.42857142857144,322.07142857142856,290.7142857142857,62.71428571428572,5,0.2914308811641067
2026-05-10,SKU-1017,Beverages,327.0,0,0.0,3,False,324.0,439.0,359.7142857142857,323.7857142857143,287.85714285714283,71.85714285714289,6,0.0
2026-05-11,SKU-1017,Beverages,207.0,0,0.0,3,False,327.0,307.0,343.7142857142857,329.14285714285717,314.57142857142856,29.142857142857167,0,0.0
2026-05-12,SKU-1017,Beverages,397.0,0,0.0,3,False,207.0,399.0,329.42857142857144,324.35714285714283,319.2857142857143,10.142857142857167,1,0.0
2026-05-13,SKU-1017,Beverages,269.0,0,0.0,3,False,397.0,376.0,329.14285714285717,336.35714285714283,343.57142857142856,-14.428571428571388,2,0.0
2026-05-14,SKU-1017,Beverages,347.0,911,564.0,3,False,269.0,368.0,313.85714285714283,333.07142857142856,352.2857142857143,-38.428571428571445,3,1.7969959035047793
2026-05-15,SKU-1017,Beverages,243.0,0,321.0,3,False,347.0,305.0,310.85714285714283,328.42857142857144,346.0,-35.14285714285717,4,1.0326286764705883
2026-05-16,SKU-1017,Beverages,150.0,0,171.0,3,False,243.0,324.0,302.0,327.7142857142857,353.42857142857144,-51.428571428571445,5,0.5662251655629139
2026-05-17,SKU-1017,Beverages,231.0,0,0.0,3,False,150.0,327.0,277.14285714285717,318.42857142857144,359.7142857142857,-82.57142857142856,6,0.0
2026-05-18,SKU-1017,Beverages,278.0,0,0.0,3,False,231.0,207.0,263.42857142857144,303.57142857142856,343.7142857142857,-80.28571428571428,0,0.0
2026-05-19,SKU-1017,Beverages,436.0,824,388.0,3,False,278.0,397.0,273.57142857142856,301.5,329.42857142857144,-55.85714285714289,1,1.4182767624020889
2026-05-20,SKU-1017,Beverages,339.0,0,49.0,3,False,436.0,269.0,279.14285714285717,304.14285714285717,329.14285714285717,-50.0,2,0.17553735926305014
2026-05-21,SKU-1017,Beverages,224.0,1039,864.0,3,False,339.0,347.0,289.14285714285717,301.5,313.85714285714283,-24.714285714285666,3,2.988142292490118
2026-05-22,SKU-1017,Beverages,287.0,0,577.0,3,False,224.0,243.0,271.57142857142856,291.2142857142857,310.85714285714283,-39.28571428571428,4,2.1246712256706997
2026-05-23,SKU-1017,Beverages,271.0,0,306.0,3,False,287.0,150.0,277.85714285714283,289.92857142857144,302.0,-24.142857142857167,5,1.1012853470437018
2026-05-24,SKU-1017,Beverages,222.0,816,900.0,3,False,271.0,231.0,295.14285714285717,286.14285714285717,277.14285714285717,18.0,6,3.0493707647628265
2026-05-25,SKU-1017,Beverages,363.0,0,537.0,3,False,222.0,278.0,293.85714285714283,278.64285714285717,263.42857142857144,30.428571428571388,0,1.8274185707340789
2026-05-26,SKU-1017,Beverages,373.0,0,164.0,3,False,363.0,436.0,306.0,289.7857142857143,273.57142857142856,32.428571428571445,1,0.5359477124183006
2026-05-27,SKU-1017,Beverages,415.0,0,0.0,3,False,373.0,339.0,297.0,288.07142857142856,279.14285714285717,17.857142857142833,2,0.0
2026-05-28,SKU-1017,Beverages,447.0,0,0.0,3,False,415.0,224.0,307.85714285714283,298.5,289.14285714285717,18.714285714285666,3,0.0
2026-05-29,SKU-1017,Beverages,280.0,1162,882.0,3,False,447.0,287.0,339.7142857142857,305.64285714285717,271.57142857142856,68.14285714285717,4,2.5962994112699747
2026-05-30,SKU-1017,Beverages,274.0,0,608.0,3,False,280.0,271.0,338.7142857142857,308.2857142857143,277.85714285714283,60.85714285714289,5,1.7950231969633066
2026-05-31,SKU-1017,Beverages,244.0,0,364.0,3,False,274.0,222.0,339.14285714285717,317.14285714285717,295.14285714285717,44.0,6,1.0732940185341195
2026-06-01,SKU-1017,Beverages,370.0,0,0.0,3,False,244.0,363.0,342.2857142857143,318.07142857142856,293.85714285714283,48.428571428571445,0,0.0
2026-06-02,SKU-1017,Beverages,257.0,827,570.0,3,False,370.0,373.0,343.2857142857143,324.64285714285717,306.0,37.28571428571428,1,1.6604244694132335
2026-06-03,SKU-1017,Beverages,257.0,0,0.0,3,False,257.0,415.0,326.7142857142857,311.85714285714283,297.0,29.714285714285722,2,0.0
2026-06-04,SKU-1017,Beverages,248.0,0,0.0,3,False,257.0,447.0,304.14285714285717,306.0,307.85714285714283,-3.7142857142856656,3,0.0
2026-06-05,SKU-1017,Beverages,291.0,0,0.0,3,False,248.0,280.0,275.7142857142857,307.7142857142857,339.7142857142857,-64.0,4,0.0
2026-06-06,SKU-1017,Beverages,208.0,995,787.0,3,False,291.0,274.0,277.2857142857143,308.0,338.7142857142857,-61.428571428571445,5,2.8382277176713036
2026-06-07,SKU-1017,Beverages,331.0,0,456.0,3,False,208.0,244.0,267.85714285714283,303.5,339.14285714285717,-71.28571428571433,6,1.7024000000000001
2026-06-08,SKU-1017,Beverages,352.0,0,104.0,3,False,331.0,370.0,280.2857142857143,311.2857142857143,342.2857142857143,-62.0,0,0.37104994903160043
2026-06-09,SKU-1017,Beverages,420.0,0,0.0,3,False,352.0,257.0,277.7142857142857,310.5,343.2857142857143,-65.57142857142856,1,0.0
2026-06-10,SKU-1017,Beverages,348.0,0,0.0,3,False,420.0,257.0,301.0,313.85714285714283,326.7142857142857,-25.714285714285722,2,0.0
2026-06-11,SKU-1017,Beverages,354.0,0,0.0,3,False,348.0,248.0,314.0,309.07142857142856,304.14285714285717,9.857142857142833,3,0.0
2026-06-12,SKU-1017,Beverages,322.0,0,0.0,3,False,354.0,291.0,329.14285714285717,302.42857142857144,275.7142857142857,53.428571428571445,4,0.0
2026-06-13,SKU-1017,Beverages,232.0,993,761.0,3,False,322.0,208.0,333.57142857142856,305.42857142857144,277.2857142857143,56.28571428571428,5,2.2813704496788008
2026-06-14,SKU-1017,Beverages,270.0,0,491.0,3,False,232.0,331.0,337.0,302.42857142857144,267.85714285714283,69.14285714285717,6,1.456973293768546
2026-06-15,SKU-1017,Beverages,337.0,0,154.0,3,False,270.0,352.0,328.2857142857143,304.2857142857143,280.2857142857143,48.0,0,0.4691035683202785
2026-06-16,SKU-1017,Beverages,326.0,1055,883.0,3,False,337.0,420.0,326.14285714285717,301.92857142857144,277.7142857142857,48.428571428571445,1,2.7074025405168634
2026-06-17,SKU-1017,Beverages,373.0,0,510.0,3,False,326.0,348.0,312.7142857142857,306.85714285714283,301.0,11.714285714285722,2,1.6308816811329374
2026-06-18,SKU-1017,Beverages,356.0,0,154.0,3,False,373.0,354.0,316.2857142857143,315.14285714285717,314.0,2.2857142857142776,3,0.4869015356820235
2026-06-19,SKU-1017,Beverages,214.0,0,0.0,3,False,356.0,322.0,316.57142857142856,322.85714285714283,329.14285714285717,-12.571428571428612,4,0.0
2026-06-20,SKU-1017,Beverages,335.0,1125,790.0,3,False,214.0,232.0,301.14285714285717,317.35714285714283,333.57142857142856,-32.42857142857139,5,2.6233396584440225
2026-06-21,SKU-1017,Beverages,230.0,0,560.0,3,False,335.0,270.0,315.85714285714283,326.42857142857144,337.0,-21.142857142857167,6,1.7729534147444597
2026-06-22,SKU-1017,Beverages,243.0,0,317.0,3,False,230.0,337.0,310.14285714285717,319.2142857142857,328.2857142857143,-18.14285714285711,0,1.022109626900046
2026-06-23,SKU-1017,Beverages,281.0,0,36.0,3,False,243.0,326.0,296.7142857142857,311.42857142857144,326.14285714285717,-29.428571428571445,1,0.12132883967260472
2026-06-24,SKU-1017,Beverages,341.0,0,0.0,3,False,281.0,373.0,290.2857142857143,301.5,312.7142857142857,-22.428571428571445,2,0.0
2026-06-25,SKU-1017,Beverages,369.0,0,0.0,3,False,341.0,356.0,285.7142857142857,301.0,316.2857142857143,-30.571428571428555,3,0.0
2026-06-26,SKU-1017,Beverages,332.0,0,0.0,3,False,369.0,214.0,287.57142857142856,302.07142857142856,316.57142857142856,-29.0,4,0.0
2026-06-27,SKU-1017,Beverages,285.0,0,0.0,3,False,332.0,335.0,304.42857142857144,302.7857142857143,301.14285714285717,3.2857142857142776,5,0.0
2026-06-28,SKU-1017,Beverages,347.0,1090,743.0,3,False,285.0,230.0,297.2857142857143,306.57142857142856,315.85714285714283,-18.571428571428555,6,2.4992791926958193
2026-06-29,SKU-1017,Beverages,243.0,1191,1691.0,3,False,347.0,243.0,314.0,312.07142857142856,310.14285714285717,3.857142857142833,0,5.385350318471337
2026-01-01,SKU-1018,Flour,217.0,4216,6988.0,14,False,,,,,,,3,
2026-01-02,SKU-1018,Flour,305.0,0,6683.0,14,False,217.0,,,,,,4,
2026-01-03,SKU-1018,Flour,275.0,0,6408.0,14,False,305.0,,,,,,5,
2026-01-04,SKU-1018,Flour,358.0,0,6050.0,14,False,275.0,,,,,,6,
2026-01-05,SKU-1018,Flour,202.0,0,5848.0,14,False,358.0,,,,,,0,
2026-01-06,SKU-1018,Flour,473.0,0,5375.0,14,False,202.0,,,,,,1,
2026-01-07,SKU-1018,Flour,329.0,0,5046.0,14,False,473.0,,,,,,2,
2026-01-08,SKU-1018,Flour,318.0,0,4728.0,14,False,329.0,217.0,308.42857142857144,,,,3,15.329319129226493
2026-01-09,SKU-1018,Flour,219.0,0,4509.0,14,False,318.0,305.0,322.85714285714283,,,,4,13.965929203539824
2026-01-10,SKU-1018,Flour,207.0,0,4302.0,14,False,219.0,275.0,310.57142857142856,,,,5,13.851885924563017
2026-01-11,SKU-1018,Flour,274.0,0,4028.0,14,False,207.0,358.0,300.85714285714283,,,,6,13.388414055080723
2026-01-12,SKU-1018,Flour,231.0,0,3797.0,14,False,274.0,202.0,288.85714285714283,,,,0,13.14490603363007
2026-01-13,SKU-1018,Flour,327.0,0,3470.0,14,False,231.0,473.0,293.0,,,,1,11.843003412969283
2026-01-14,SKU-1018,Flour,446.0,5751,8775.0,14,False,327.0,329.0,272.14285714285717,,,,2,32.24409448818897
2026-01-15,SKU-1018,Flour,396.0,0,8379.0,14,False,446.0,318.0,288.85714285714283,298.64285714285717,308.42857142857144,-19.571428571428612,3,29.007418397626115
2026-01-16,SKU-1018,Flour,311.0,0,8068.0,14,False,396.0,219.0,300.0,311.42857142857144,322.85714285714283,-22.857142857142833,4,26.893333333333334
2026-01-17,SKU-1018,Flour,236.0,0,7832.0,14,False,311.0,207.0,313.14285714285717,311.85714285714283,310.57142857142856,2.571428571428612,5,25.010948905109487
2026-01-18,SKU-1018,Flour,341.0,0,7491.0,14,False,236.0,274.0,317.2857142857143,309.07142857142856,300.85714285714283,16.428571428571445,6,23.609635299414677
2026-01-19,SKU-1018,Flour,167.0,0,7324.0,14,False,341.0,231.0,326.85714285714283,307.85714285714283,288.85714285714283,38.0,0,22.40734265734266
2026-01-20,SKU-1018,Flour,406.0,0,6918.0,14,False,167.0,327.0,317.7142857142857,305.35714285714283,293.0,24.714285714285722,1,21.774280575539567
2026-01-21,SKU-1018,Flour,473.0,0,6445.0,14,False,406.0,446.0,329.0,300.57142857142856,272.14285714285717,56.85714285714283,2,19.58966565349544
2026-01-22,SKU-1018,Flour,227.0,0,6218.0,14,False,473.0,396.0,332.85714285714283,310.85714285714283,288.85714285714283,44.0,3,18.680686695278972
2026-01-23,SKU-1018,Flour,292.0,0,5926.0,14,False,227.0,311.0,308.7142857142857,304.35714285714283,300.0,8.714285714285722,4,19.195742711707542
2026-01-24,SKU-1018,Flour,307.0,0,5619.0,14,False,292.0,236.0,306.0,309.57142857142856,313.14285714285717,-7.142857142857167,5,18.362745098039216
2026-01-25,SKU-1018,Flour,296.0,0,5323.0,14,False,307.0,341.0,316.14285714285717,316.7142857142857,317.2857142857143,-1.1428571428571104,6,16.83732489832806
2026-01-26,SKU-1018,Flour,310.0,0,5013.0,14,False,296.0,167.0,309.7142857142857,318.2857142857143,326.85714285714283,-17.14285714285711,0,16.18588560885609
2026-01-27,SKU-1018,Flour,272.0,0,4741.0,14,False,310.0,406.0,330.14285714285717,323.92857142857144,317.7142857142857,12.428571428571445,1,14.360450021635655
2026-01-28,SKU-1018,Flour,421.0,0,4320.0,14,False,272.0,473.0,311.0,320.0,329.0,-18.0,2,13.890675241157556
2026-01-29,SKU-1018,Flour,307.0,0,4013.0,14,False,421.0,227.0,303.57142857142856,318.2142857142857,332.85714285714283,-29.285714285714278,3,13.21929411764706
2026-01-30,SKU-1018,Flour,193.0,0,3820.0,14,False,307.0,292.0,315.0,311.85714285714283,308.7142857142857,6.285714285714278,4,12.126984126984127
2026-01-31,SKU-1018,Flour,203.0,0,3617.0,14,False,193.0,307.0,300.85714285714283,303.42857142857144,306.0,-5.142857142857167,5,12.022317188983857
2026-02-01,SKU-1018,Flour,205.0,0,3412.0,14,False,203.0,296.0,286.0,301.07142857142856,316.14285714285717,-30.142857142857167,6,11.93006993006993
2026-02-02,SKU-1018,Flour,345.0,0,3067.0,14,False,205.0,310.0,273.0,291.35714285714283,309.7142857142857,-36.71428571428572,0,11.234432234432234
2026-02-03,SKU-1018,Flour,353.0,0,2714.0,14,False,345.0,272.0,278.0,304.07142857142856,330.14285714285717,-52.14285714285717,1,9.762589928057555
2026-02-04,SKU-1018,Flour,294.0,0,2420.0,14,False,353.0,421.0,289.57142857142856,300.2857142857143,311.0,-21.428571428571445,2,8.357178095707944
2026-02-05,SKU-1018,Flour,246.0,5345,7519.0,14,False,294.0,307.0,271.42857142857144,287.5,303.57142857142856,-32.14285714285711,3,27.701578947368418
2026-02-06,SKU-1018,Flour,292.0,0,7227.0,14,False,246.0,193.0,262.7142857142857,288.85714285714283,315.0,-52.28571428571428,4,27.508972267536702
2026-02-07,SKU-1018,Flour,285.0,0,6942.0,14,False,292.0,203.0,276.85714285714283,288.85714285714283,300.85714285714283,-24.0,5,25.074303405572756
2026-02-08,SKU-1018,Flour,225.0,0,6717.0,14,False,285.0,205.0,288.57142857142856,287.2857142857143,286.0,2.571428571428555,6,23.27673267326733
2026-02-09,SKU-1018,Flour,352.0,0,6365.0,14,False,225.0,345.0,291.42857142857144,282.2142857142857,273.0,18.428571428571445,0,21.840686274509803
2026-02-10,SKU-1018,Flour,267.0,0,6098.0,14,False,352.0,353.0,292.42857142857144,285.2142857142857,278.0,14.428571428571445,1,20.852955544699558
2026-02-11,SKU-1018,Flour,348.0,0,5750.0,14,False,267.0,294.0,280.14285714285717,284.85714285714283,289.57142857142856,-9.428571428571388,2,20.52524222335543
2026-02-12,SKU-1018,Flour,273.0,0,5477.0,14,False,348.0,246.0,287.85714285714283,279.64285714285717,271.42857142857144,16.428571428571388,3,19.026799007444172
2026-02-13,SKU-1018,Flour,326.0,0,5151.0,14,False,273.0,292.0,291.7142857142857,277.2142857142857,262.7142857142857,29.0,4,17.657688540646426
2026-02-14,SKU-1018,Flour,279.0,0,4872.0,14,False,326.0,285.0,296.57142857142856,286.7142857142857,276.85714285714283,19.714285714285722,5,16.427745664739884
2026-02-15,SKU-1018,Flour,313.0,0,4559.0,14,False,279.0,225.0,295.7142857142857,292.14285714285717,288.57142857142856,7.142857142857167,6,15.416908212560386
2026-02-16,SKU-1018,Flour,330.0,0,4229.0,14,False,313.0,352.0,308.2857142857143,299.85714285714283,291.42857142857144,16.857142857142833,0,13.717794253938832
2026-02-17,SKU-1018,Flour,464.0,0,3765.0,14,False,330.0,267.0,305.14285714285717,298.7857142857143,292.42857142857144,12.714285714285722,1,12.338483146067414
2026-02-18,SKU-1018,Flour,289.0,0,3476.0,14,False,464.0,348.0,333.2857142857143,306.7142857142857,280.14285714285717,53.14285714285711,2,10.429489927132447
2026-02-19,SKU-1018,Flour,300.0,0,3176.0,14,False,289.0,273.0,324.85714285714283,306.35714285714283,287.85714285714283,37.0,3,9.77660510114336
2026-02-20,SKU-1018,Flour,284.0,0,2892.0,14,False,300.0,326.0,328.7142857142857,310.2142857142857,291.7142857142857,37.0,4,8.797913950456323
2026-02-21,SKU-1018,Flour,216.0,0,2676.0,14,False,284.0,279.0,322.7142857142857,309.64285714285717,296.57142857142856,26.142857142857167,5,8.292164674634794
2026-02-22,SKU-1018,Flour,267.0,0,2409.0,14,False,216.0,313.0,313.7142857142857,304.7142857142857,295.7142857142857,18.0,6,7.6789617486338795
2026-02-23,SKU-1018,Flour,251.0,0,2158.0,14,False,267.0,330.0,307.14285714285717,307.7142857142857,308.2857142857143,-1.1428571428571104,0,7.026046511627906
2026-02-24,SKU-1018,Flour,493.0,0,1665.0,14,False,251.0,464.0,295.85714285714283,300.5,305.14285714285717,-9.285714285714334,1,5.627716079188798
2026-02-24,SKU-1018,Flour,493.0,0,1665.0,14,False,493.0,289.0,300.0,316.64285714285717,333.2857142857143,-33.28571428571428,1,5.55
2026-02-25,SKU-1018,Flour,270.0,0,1395.0,14,False,493.0,300.0,329.14285714285717,327.0,324.85714285714283,4.285714285714334,2,4.23828125
2026-02-26,SKU-1018,Flour,281.0,0,1114.0,14,False,270.0,284.0,324.85714285714283,326.7857142857143,328.7142857142857,-3.8571428571428896,3,3.42919964819701
2026-02-27,SKU-1018,Flour,295.0,0,819.0,14,False,281.0,216.0,324.42857142857144,323.57142857142856,322.7142857142857,1.7142857142857224,4,2.5244385733157197
2026-02-28,SKU-1018,Flour,260.0,0,559.0,14,False,295.0,267.0,335.7142857142857,324.7142857142857,313.7142857142857,22.0,5,1.6651063829787234
2026-03-01,SKU-1018,Flour,317.0,0,242.0,14,False,260.0,251.0,334.7142857142857,320.92857142857144,307.14285714285717,27.571428571428555,6,0.7230046948356808
2026-03-02,SKU-1018,Flour,435.0,0,0.0,14,False,317.0,493.0,344.14285714285717,320.0,295.85714285714283,48.285714285714334,0,0.0
2026-03-03,SKU-1018,Flour,297.0,4561,4264.0,14,False,435.0,493.0,335.85714285714283,317.92857142857144,300.0,35.85714285714283,1,12.695874096129307
2026-03-04,SKU-1018,Flour,363.0,0,3901.0,14,False,297.0,270.0,307.85714285714283,318.5,329.14285714285717,-21.285714285714334,2,12.671461716937356
2026-03-05,SKU-1018,Flour,294.0,0,3607.0,14,False,363.0,281.0,321.14285714285717,323.0,324.85714285714283,-3.7142857142856656,3,11.231761565836297
2026-03-06,SKU-1018,Flour,232.0,0,3375.0,14,False,294.0,295.0,323.0,323.7142857142857,324.42857142857144,-1.4285714285714448,4,10.448916408668731
2026-03-07,SKU-1018,Flour,221.0,0,3154.0,14,False,232.0,260.0,314.0,324.85714285714283,335.7142857142857,-21.714285714285722,5,10.044585987261147
2026-03-08,SKU-1018,Flour,219.0,0,2935.0,14,False,221.0,317.0,308.42857142857144,321.57142857142856,334.7142857142857,-26.285714285714278,6,9.515979620194534
2026-03-09,SKU-1018,Flour,300.0,0,2635.0,14,False,219.0,435.0,294.42857142857144,319.2857142857143,344.14285714285717,-49.71428571428572,0,8.949539058709364
2026-03-10,SKU-1018,Flour,223.0,0,2412.0,14,False,300.0,297.0,275.14285714285717,305.5,335.85714285714283,-60.714285714285666,1,8.766355140186915
2026-03-11,SKU-1018,Flour,341.0,0,2071.0,14,False,223.0,363.0,264.57142857142856,286.2142857142857,307.85714285714283,-43.28571428571428,2,7.827753779697625
2026-03-12,SKU-1018,Flour,309.0,0,1762.0,14,False,341.0,294.0,261.42857142857144,291.2857142857143,321.14285714285717,-59.71428571428572,3,6.739890710382514
2026-03-13,SKU-1018,Flour,205.0,0,1557.0,14,False,309.0,232.0,263.57142857142856,293.2857142857143,323.0,-59.428571428571445,4,5.9073170731707325
2026-03-14,SKU-1018,Flour,209.0,4483,5831.0,14,False,205.0,221.0,259.7142857142857,286.85714285714283,314.0,-54.28571428571428,5,22.45159515951595
2026-03-15,SKU-1018,Flour,277.0,0,5554.0,14,False,209.0,219.0,258.0,283.2142857142857,308.42857142857144,-50.428571428571445,6,21.527131782945737
2026-03-16,SKU-1018,Flour,251.0,0,5303.0,14,False,277.0,300.0,266.2857142857143,280.35714285714283,294.42857142857144,-28.142857142857167,0,19.91469957081545
2026-03-17,SKU-1018,Flour,240.0,0,5063.0,14,False,251.0,223.0,259.2857142857143,267.2142857142857,275.14285714285717,-15.85714285714289,1,19.5267217630854
2026-03-18,SKU-1018,Flour,275.0,0,4788.0,14,False,240.0,341.0,261.7142857142857,263.14285714285717,264.57142857142856,-2.857142857142833,2,18.29475982532751
2026-03-19,SKU-1018,Flour,358.0,0,4430.0,14,False,275.0,309.0,252.28571428571428,256.85714285714283,261.42857142857144,-9.142857142857167,3,17.559456398640997
2026-03-20,SKU-1018,Flour,238.0,0,4192.0,14,False,358.0,205.0,259.2857142857143,261.42857142857144,263.57142857142856,-4.285714285714278,4,16.16749311294766
2026-03-21,SKU-1018,Flour,224.0,0,3968.0,14,False,238.0,209.0,264.0,261.85714285714283,259.7142857142857,4.285714285714278,5,15.030303030303031
2026-03-22,SKU-1018,Flour,282.0,0,3686.0,14,False,224.0,277.0,266.14285714285717,262.07142857142856,258.0,8.142857142857167,6,13.849704777241008
2026-03-23,SKU-1018,Flour,256.0,0,3430.0,14,False,282.0,251.0,266.85714285714283,266.57142857142856,266.2857142857143,0.5714285714285552,0,12.853319057815847
2026-03-24,SKU-1018,Flour,219.0,6143,9354.0,14,False,256.0,240.0,267.57142857142856,263.42857142857144,259.2857142857143,8.285714285714278,1,34.95888948211426
2026-03-25,SKU-1018,Flour,280.0,0,9074.0,14,False,219.0,275.0,264.57142857142856,263.14285714285717,261.7142857142857,2.857142857142833,2,34.29697624190065
2026-03-26,SKU-1018,Flour,259.0,0,8815.0,14,False,280.0,358.0,265.2857142857143,258.7857142857143,252.28571428571428,13.0,3,33.22832525578891
2026-03-27,SKU-1018,Flour,272.0,0,8543.0,14,False,259.0,238.0,251.14285714285714,255.21428571428572,259.2857142857143,-8.142857142857139,4,34.0164960182025
2026-03-28,SKU-1018,Flour,243.0,0,8300.0,14,False,272.0,224.0,256.0,260.0,264.0,-8.0,5,32.421875
2026-03-29,SKU-1018,Flour,227.0,0,8073.0,14,False,243.0,282.0,258.7142857142857,262.42857142857144,266.14285714285717,-7.428571428571445,6,31.204307012700166
2026-03-30,SKU-1018,Flour,260.0,0,7813.0,14,False,227.0,256.0,250.85714285714286,258.85714285714283,266.85714285714283,-15.999999999999972,0,31.14521640091116
2026-03-31,SKU-1018,Flour,242.0,0,7571.0,14,False,260.0,219.0,251.42857142857142,259.5,267.57142857142856,-16.14285714285714,1,30.11193181818182
2026-04-01,SKU-1018,Flour,443.0,0,7128.0,14,False,242.0,280.0,254.71428571428572,259.64285714285717,264.57142857142856,-9.857142857142833,2,27.984296130117777
2026-04-02,SKU-1018,Flour,518.0,0,6610.0,14,False,443.0,259.0,278.0,271.64285714285717,265.2857142857143,12.714285714285722,3,23.776978417266186
2026-04-03,SKU-1018,Flour,233.0,0,6377.0,14,False,518.0,272.0,315.0,283.07142857142856,251.14285714285714,63.85714285714286,4,20.244444444444444
2026-04-04,SKU-1018,Flour,233.0,0,6073.0,14,False,233.0,243.0,309.42857142857144,282.7142857142857,256.0,53.428571428571445,5,19.626500461680514
2026-04-05,SKU-1018,Flour,274.0,0,5799.0,14,False,233.0,227.0,308.0,283.35714285714283,258.7142857142857,49.28571428571428,6,18.82792207792208
2026-04-06,SKU-1018,Flour,313.0,0,5486.0,14,False,274.0,260.0,314.7142857142857,282.7857142857143,250.85714285714286,63.85714285714286,0,17.431684067181116
2026-04-07,SKU-1018,Flour,403.0,0,5083.0,14,False,313.0,242.0,322.2857142857143,286.85714285714283,251.42857142857142,70.85714285714286,1,15.771719858156029
2026-04-08,SKU-1018,Flour,416.0,0,4667.0,14,False,403.0,443.0,345.2857142857143,300.0,254.71428571428572,90.57142857142856,2,13.516342573438147
2026-04-09,SKU-1018,Flour,170.0,0,4497.0,14,False,416.0,518.0,341.42857142857144,309.7142857142857,278.0,63.428571428571445,3,13.17112970711297
2026-04-10,SKU-1018,Flour,345.0,0,4152.0,14,False,170.0,233.0,291.7142857142857,303.35714285714283,315.0,-23.285714285714278,4,14.233104799216454
2026-04-11,SKU-1018,Flour,258.0,0,3894.0,14,False,345.0,233.0,307.7142857142857,308.57142857142856,309.42857142857144,-1.7142857142857224,5,12.654596100278551
2026-04-12,SKU-1018,Flour,232.0,0,3662.0,14,False,258.0,274.0,311.2857142857143,309.64285714285717,308.0,3.2857142857142776,6,11.764111977971547
2026-04-13,SKU-1018,Flour,257.0,0,3405.0,14,False,232.0,313.0,305.2857142857143,310.0,314.7142857142857,-9.428571428571445,0,11.15348619560131
2026-04-14,SKU-1018,Flour,289.0,5536,8652.0,14,False,257.0,403.0,297.2857142857143,309.7857142857143,322.2857142857143,-25.0,1,29.103315713599233
2026-04-15,SKU-1018,Flour,437.0,0,8215.0,14,False,289.0,416.0,281.0,313.14285714285717,345.2857142857143,-64.28571428571428,2,29.234875444839858
2026-04-16,SKU-1018,Flour,253.0,0,7962.0,14,False,437.0,170.0,284.0,312.7142857142857,341.42857142857144,-57.428571428571445,3,28.035211267605632
2026-04-17,SKU-1018,Flour,255.0,0,7707.0,14,False,253.0,345.0,295.85714285714283,293.7857142857143,291.7142857142857,4.14285714285711,4,26.049734427812652
2026-04-18,SKU-1018,Flour,360.0,0,7347.0,14,False,255.0,258.0,283.0,295.35714285714283,307.7142857142857,-24.714285714285722,5,25.96113074204947
2026-04-19,SKU-1018,Flour,183.0,0,7164.0,14,False,360.0,232.0,297.57142857142856,304.42857142857144,311.2857142857143,-13.714285714285722,6,24.074891982717237
2026-04-20,SKU-1018,Flour,250.0,0,6914.0,14,False,183.0,257.0,290.57142857142856,297.92857142857144,305.2857142857143,-14.714285714285722,0,23.794493608652903
2026-04-21,SKU-1018,Flour,343.0,0,6571.0,14,False,250.0,289.0,289.57142857142856,293.42857142857144,297.2857142857143,-7.714285714285722,1,22.69215589541194
2026-04-22,SKU-1018,Flour,258.0,0,6313.0,14,False,343.0,437.0,297.2857142857143,289.14285714285717,281.0,16.285714285714278,2,21.23546371936569
2026-04-23,SKU-1018,Flour,257.0,0,6056.0,14,False,258.0,253.0,271.7142857142857,277.85714285714283,284.0,-12.285714285714278,3,22.288117770767613
2026-04-24,SKU-1018,Flour,278.0,0,5778.0,14,False,257.0,255.0,272.2857142857143,284.07142857142856,295.85714285714283,-23.571428571428555,4,21.220356768100736
2026-04-25,SKU-1018,Flour,238.0,0,5540.0,14,False,278.0,360.0,275.57142857142856,279.2857142857143,283.0,-7.428571428571445,5,20.103680663556247
2026-04-26,SKU-1018,Flour,255.0,0,5285.0,14,False,238.0,183.0,258.14285714285717,277.85714285714283,297.57142857142856,-39.42857142857139,6,20.473159933591585
2026-04-27,SKU-1018,Flour,329.0,0,4956.0,14,False,255.0,250.0,268.42857142857144,279.5,290.57142857142856,-22.14285714285711,0,18.463012240553486
2026-04-28,SKU-1018,Flour,294.0,0,4662.0,14,False,329.0,343.0,279.7142857142857,284.64285714285717,289.57142857142856,-9.857142857142833,1,16.667007150153218
2026-04-29,SKU-1018,Flour,276.0,0,4386.0,14,False,294.0,258.0,272.7142857142857,285.0,297.2857142857143,-24.571428571428555,2,16.082765845992665
2026-04-30,SKU-1018,Flour,319.0,0,4067.0,14,False,276.0,257.0,275.2857142857143,273.5,271.7142857142857,3.571428571428555,3,14.773741567202906
2026-05-01,SKU-1018,Flour,190.0,0,3877.0,14,False,319.0,278.0,284.14285714285717,278.2142857142857,272.2857142857143,11.85714285714289,4,13.644544997486173
2026-05-02,SKU-1018,Flour,253.0,0,3624.0,14,False,190.0,238.0,271.57142857142856,273.57142857142856,275.57142857142856,-4.0,5,13.344555497106787
2026-05-03,SKU-1018,Flour,268.0,0,3356.0,14,False,253.0,255.0,273.7142857142857,265.92857142857144,258.14285714285717,15.571428571428555,6,12.260960334029226
2026-05-04,SKU-1018,Flour,270.0,0,3086.0,14,False,268.0,329.0,275.57142857142856,272.0,268.42857142857144,7.14285714285711,0,11.198548470710213
2026-05-05,SKU-1018,Flour,279.0,4943,7750.0,14,False,270.0,294.0,267.14285714285717,273.42857142857144,279.7142857142857,-12.571428571428555,1,29.010695187165773
2026-05-06,SKU-1018,Flour,535.0,0,7215.0,14,False,279.0,276.0,265.0,268.85714285714283,272.7142857142857,-7.714285714285722,2,27.22641509433962
2026-05-07,SKU-1018,Flour,266.0,0,6949.0,14,False,535.0,319.0,302.0,288.64285714285717,275.2857142857143,26.714285714285722,3,23.009933774834437
2026-05-08,SKU-1018,Flour,246.0,0,6703.0,14,False,266.0,190.0,294.42857142857144,289.2857142857143,284.14285714285717,10.285714285714278,4,22.766132945172245
2026-05-09,SKU-1018,Flour,216.0,0,6487.0,14,False,246.0,253.0,302.42857142857144,287.0,271.57142857142856,30.85714285714289,5,21.449692961738307
2026-05-10,SKU-1018,Flour,265.0,0,6222.0,14,False,216.0,268.0,297.14285714285717,285.42857142857144,273.7142857142857,23.428571428571445,6,20.939423076923074
2026-05-11,SKU-1018,Flour,269.0,0,5953.0,14,False,265.0,270.0,296.7142857142857,286.14285714285717,275.57142857142856,21.142857142857167,0,20.063071738083774
2026-05-12,SKU-1018,Flour,398.0,0,5555.0,14,False,269.0,279.0,296.57142857142856,281.85714285714283,267.14285714285717,29.428571428571388,1,18.73073217726397
2026-05-13,SKU-1018,Flour,499.0,0,5056.0,14,False,398.0,535.0,313.57142857142856,289.2857142857143,265.0,48.571428571428555,2,16.12391799544419
2026-05-14,SKU-1018,Flour,383.0,0,4673.0,14,False,499.0,266.0,308.42857142857144,305.2142857142857,302.0,6.428571428571445,3,15.150995831403426
2026-05-15,SKU-1018,Flour,321.0,0,4352.0,14,False,383.0,246.0,325.14285714285717,309.7857142857143,294.42857142857144,30.714285714285722,4,13.38488576449912
2026-05-16,SKU-1018,Flour,238.0,0,4114.0,14,False,321.0,216.0,335.85714285714283,319.14285714285717,302.42857142857144,33.42857142857139,5,12.249255635899617
2026-05-17,SKU-1018,Flour,254.0,0,3860.0,14,False,238.0,265.0,339.0,318.07142857142856,297.14285714285717,41.85714285714283,6,11.386430678466077
2026-05-18,SKU-1018,Flour,254.0,0,3591.0,14,False,254.0,269.0,337.42857142857144,317.07142857142856,296.7142857142857,40.71428571428572,0,10.64225232853514
2026-05-19,SKU-1018,Flour,313.0,0,3278.0,14,False,254.0,398.0,335.2857142857143,315.92857142857144,296.57142857142856,38.71428571428572,1,9.776736259054111
2026-05-20,SKU-1018,Flour,447.0,0,2831.0,14,False,313.0,499.0,323.14285714285717,318.35714285714283,313.57142857142856,9.571428571428612,2,8.760831122900088
2026-05-21,SKU-1018,Flour,325.0,6109,8615.0,14,False,447.0,383.0,315.7142857142857,312.07142857142856,308.42857142857144,7.285714285714278,3,27.287330316742082
2026-05-22,SKU-1018,Flour,246.0,0,8369.0,14,False,325.0,321.0,307.42857142857144,316.2857142857143,325.14285714285717,-17.714285714285722,4,27.222583643122675
2026-05-23,SKU-1018,Flour,180.0,0,8189.0,14,False,246.0,238.0,296.7142857142857,316.2857142857143,335.85714285714283,-39.14285714285711,5,27.598940779971112
2026-05-24,SKU-1018,Flour,303.0,0,7886.0,14,False,180.0,254.0,288.42857142857144,313.7142857142857,339.0,-50.571428571428555,6,27.34125804853888
2026-05-25,SKU-1018,Flour,318.0,0,7568.0,14,False,303.0,254.0,295.42857142857144,316.42857142857144,337.42857142857144,-42.0,0,25.617021276595743
2026-05-26,SKU-1018,Flour,288.0,0,7280.0,14,False,318.0,313.0,304.57142857142856,319.92857142857144,335.2857142857143,-30.714285714285722,1,23.902439024390244
2026-05-27,SKU-1018,Flour,414.0,0,6866.0,14,False,288.0,447.0,301.0,312.07142857142856,323.14285714285717,-22.142857142857167,2,22.81063122923588
2026-05-28,SKU-1018,Flour,357.0,0,6509.0,14,False,414.0,325.0,296.2857142857143,306.0,315.7142857142857,-19.428571428571445,3,21.968659594985535
2026-05-29,SKU-1018,Flour,297.0,0,6212.0,14,False,357.0,246.0,300.85714285714283,304.14285714285717,307.42857142857144,-6.571428571428612,4,20.647673314339983
2026-05-30,SKU-1018,Flour,150.0,0,6062.0,14,False,297.0,180.0,308.14285714285717,302.42857142857144,296.7142857142857,11.428571428571445,5,19.672693555864626
2026-05-31,SKU-1018,Flour,203.0,0,5859.0,14,False,150.0,303.0,303.85714285714283,296.14285714285717,288.42857142857144,15.428571428571388,6,19.282087447108605
2026-06-01,SKU-1018,Flour,204.0,0,5655.0,14,False,203.0,318.0,289.57142857142856,292.5,295.42857142857144,-5.85714285714289,0,19.52886038480513
2026-06-02,SKU-1018,Flour,376.0,0,5279.0,14,False,204.0,288.0,273.2857142857143,288.92857142857144,304.57142857142856,-31.285714285714278,1,19.31677992681652
2026-06-03,SKU-1018,Flour,368.0,0,4911.0,14,False,376.0,414.0,285.85714285714283,293.42857142857144,301.0,-15.142857142857167,2,17.17991004497751
2026-06-04,SKU-1018,Flour,341.0,0,4570.0,14,False,368.0,357.0,279.2857142857143,287.7857142857143,296.2857142857143,-17.0,3,16.36317135549872
2026-06-05,SKU-1018,Flour,350.0,0,4220.0,14,False,341.0,297.0,277.0,288.92857142857144,300.85714285714283,-23.857142857142833,4,15.234657039711191
2026-06-06,SKU-1018,Flour,210.0,0,4010.0,14,False,350.0,150.0,284.57142857142856,296.35714285714283,308.14285714285717,-23.571428571428612,5,14.09136546184739
2026-06-07,SKU-1018,Flour,155.0,0,3855.0,14,False,210.0,203.0,293.14285714285717,298.5,303.85714285714283,-10.714285714285666,6,13.150584795321636
2026-06-08,SKU-1018,Flour,149.0,0,3706.0,14,False,155.0,204.0,286.2857142857143,287.92857142857144,289.57142857142856,-3.2857142857142776,0,12.945109780439122
2026-06-09,SKU-1018,Flour,423.0,0,3283.0,14,False,149.0,376.0,278.42857142857144,275.85714285714283,273.2857142857143,5.142857142857167,1,11.791174961518728
2026-06-10,SKU-1018,Flour,342.0,0,2941.0,14,False,423.0,368.0,285.14285714285717,285.5,285.85714285714283,-0.7142857142856656,2,10.314128256513024
2026-06-11,SKU-1018,Flour,342.0,0,2702.0,14,False,342.0,341.0,281.42857142857144,280.35714285714283,279.2857142857143,2.142857142857167,3,9.601015228426395
2026-06-12,SKU-1018,Flour,277.0,0,2425.0,14,False,342.0,350.0,281.57142857142856,279.2857142857143,277.0,4.571428571428555,4,8.612379502790462
2026-06-13,SKU-1018,Flour,192.0,0,2233.0,14,False,277.0,210.0,271.14285714285717,277.85714285714283,284.57142857142856,-13.428571428571388,5,8.235511064278187
2026-06-14,SKU-1018,Flour,299.0,0,1934.0,14,False,192.0,155.0,268.57142857142856,280.85714285714283,293.14285714285717,-24.571428571428612,6,7.201063829787235
2026-06-15,SKU-1018,Flour,270.0,0,1664.0,14,False,299.0,149.0,289.14285714285717,287.7142857142857,286.2857142857143,2.8571428571428896,0,5.75494071146245
2026-06-16,SKU-1018,Flour,394.0,0,1270.0,14,False,270.0,423.0,306.42857142857144,292.42857142857144,278.42857142857144,28.0,1,4.144522144522145
2026-06-17,SKU-1018,Flour,335.0,0,935.0,14,False,394.0,342.0,302.2857142857143,293.7142857142857,285.14285714285717,17.14285714285711,2,3.093100189035917
2026-06-18,SKU-1018,Flour,458.0,0,477.0,14,False,335.0,342.0,301.2857142857143,291.35714285714283,281.42857142857144,19.857142857142833,3,1.5832147937411096
2026-06-19,SKU-1018,Flour,225.0,0,252.0,14,False,458.0,277.0,317.85714285714283,299.7142857142857,281.57142857142856,36.28571428571428,4,0.792808988764045
2026-06-20,SKU-1018,Flour,254.0,5997,5995.0,14,False,225.0,192.0,310.42857142857144,290.7857142857143,271.14285714285717,39.28571428571428,5,19.312011044638748
2026-06-21,SKU-1018,Flour,299.0,0,5696.0,14,False,254.0,299.0,319.2857142857143,293.92857142857144,268.57142857142856,50.71428571428572,6,17.839821029082774
2026-06-22,SKU-1018,Flour,340.0,0,5356.0,14,False,299.0,270.0,319.2857142857143,304.2142857142857,289.14285714285717,30.14285714285711,0,16.77494407158837
2026-06-23,SKU-1018,Flour,268.0,0,5088.0,14,False,340.0,394.0,329.2857142857143,317.85714285714283,306.42857142857144,22.857142857142833,1,15.451626898047722
2026-06-24,SKU-1018,Flour,361.0,0,4727.0,14,False,268.0,335.0,311.2857142857143,306.7857142857143,302.2857142857143,9.0,2,15.185406149609912
2026-06-25,SKU-1018,Flour,343.0,0,4384.0,14,False,361.0,458.0,315.0,308.14285714285717,301.2857142857143,13.714285714285722,3,13.917460317460318
2026-06-26,SKU-1018,Flour,285.0,0,4099.0,14,False,343.0,225.0,298.57142857142856,308.2142857142857,317.85714285714283,-19.285714285714278,4,13.728708133971292
2026-06-27,SKU-1018,Flour,218.0,0,3881.0,14,False,285.0,254.0,307.14285714285717,308.7857142857143,310.42857142857144,-3.2857142857142776,5,12.635813953488372
2026-06-28,SKU-1018,Flour,192.0,0,3689.0,14,False,218.0,299.0,302.0,310.64285714285717,319.2857142857143,-17.285714285714278,6,12.21523178807947
2026-06-29,SKU-1018,Flour,213.0,0,3476.0,14,False,192.0,340.0,286.7142857142857,303.0,319.2857142857143,-32.571428571428555,0,12.123567513702042
2026-01-01,SKU-1019,Snacks,562.0,10148,11465.0,14,False,,,,,,,3,
2026-01-02,SKU-1019,Snacks,434.0,0,11031.0,14,False,562.0,,,,,,4,
2026-01-03,SKU-1019,Snacks,402.0,0,10629.0,14,False,434.0,,,,,,5,
2026-01-04,SKU-1019,Snacks,362.0,0,10267.0,14,False,402.0,,,,,,6,
2026-01-05,SKU-1019,Snacks,362.0,0,9881.0,14,False,362.0,,,,,,0,
2026-01-06,SKU-1019,Snacks,362.0,0,9361.0,14,False,362.0,,,,,,1,
2026-01-07,SKU-1019,Snacks,546.0,0,8815.0,14,False,362.0,,,,,,2,
2026-01-08,SKU-1019,Snacks,540.0,0,8275.0,14,False,546.0,562.0,432.85714285714283,,,,3,19.11716171617162
2026-01-09,SKU-1019,Snacks,445.0,0,7830.0,14,False,540.0,434.0,429.7142857142857,,,,4,18.221409574468083
2026-01-10,SKU-1019,Snacks,393.0,9917,17354.0,14,False,445.0,402.0,431.2857142857143,,,,5,40.23782709506459
2026-01-11,SKU-1019,Snacks,417.0,0,16937.0,14,False,393.0,362.0,430.0,,,,6,39.38837209302326
2026-01-12,SKU-1019,Snacks,564.0,0,16373.0,14,False,417.0,362.0,437.85714285714283,,,,0,37.39347471451876
2026-01-13,SKU-1019,Snacks,392.0,0,15981.0,14,False,564.0,362.0,466.7142857142857,,,,1,34.2415059687787
2026-01-14,SKU-1019,Snacks,640.0,0,15341.0,14,False,392.0,546.0,471.0,,,,2,32.57112526539278
2026-01-15,SKU-1019,Snacks,569.0,0,14772.0,14,False,640.0,540.0,484.42857142857144,458.64285714285717,432.85714285714283,51.57142857142861,3,30.493659687407842
2026-01-16,SKU-1019,Snacks,426.0,0,14346.0,14,False,569.0,445.0,488.57142857142856,459.14285714285717,429.7142857142857,58.85714285714283,4,29.363157894736844
2026-01-17,SKU-1019,Snacks,540.0,0,13806.0,14,False,426.0,393.0,485.85714285714283,458.57142857142856,431.2857142857143,54.571428571428555,5,28.415760070567483
2026-01-18,SKU-1019,Snacks,427.0,0,13379.0,14,False,540.0,417.0,506.85714285714283,468.42857142857144,430.0,76.85714285714283,6,26.395997745208568
2026-01-19,SKU-1019,Snacks,492.0,0,12887.0,14,False,427.0,564.0,508.2857142857143,473.07142857142856,437.85714285714283,70.42857142857144,0,25.353850477796517
2026-01-20,SKU-1019,Snacks,518.0,0,12369.0,14,False,492.0,392.0,498.0,482.35714285714283,466.7142857142857,31.285714285714278,1,24.837349397590362
2026-01-21,SKU-1019,Snacks,633.0,0,11736.0,14,False,518.0,640.0,516.0,493.5,471.0,45.0,2,22.74418604651163
2026-01-22,SKU-1019,Snacks,424.0,0,11312.0,14,False,633.0,569.0,515.0,499.7142857142857,484.42857142857144,30.571428571428555,3,21.96504854368932
2026-01-23,SKU-1019,Snacks,477.0,0,10835.0,14,False,424.0,426.0,494.2857142857143,491.42857142857144,488.57142857142856,5.714285714285722,4,21.920520231213874
2026-01-24,SKU-1019,Snacks,513.0,0,10322.0,14,False,477.0,540.0,501.57142857142856,493.7142857142857,485.85714285714283,15.714285714285722,5,20.579322130447167
2026-01-25,SKU-1019,Snacks,552.0,0,9770.0,14,False,513.0,427.0,497.7142857142857,502.2857142857143,506.85714285714283,-9.14285714285711,6,19.629735935706083
2026-01-26,SKU-1019,Snacks,324.0,0,9446.0,14,False,552.0,492.0,515.5714285714286,511.92857142857144,508.2857142857143,7.285714285714278,0,18.32141867553339
2026-01-27,SKU-1019,Snacks,681.0,0,8765.0,14,False,324.0,518.0,491.57142857142856,494.7857142857143,498.0,-6.428571428571445,1,17.830572507991864
2026-01-28,SKU-1019,Snacks,519.0,0,8246.0,14,False,681.0,633.0,514.8571428571429,515.4285714285714,516.0,-1.1428571428571104,2,16.016093229744726
2026-01-29,SKU-1019,Snacks,547.0,8236,15935.0,14,False,519.0,424.0,498.57142857142856,506.7857142857143,515.0,-16.428571428571445,3,31.961318051575933
2026-01-30,SKU-1019,Snacks,496.0,0,15439.0,14,False,547.0,477.0,516.1428571428571,505.2142857142857,494.2857142857143,21.857142857142833,4,29.91226127871575
2026-01-31,SKU-1019,Snacks,395.0,0,15044.0,14,False,496.0,513.0,518.8571428571429,510.2142857142857,501.57142857142856,17.285714285714334,5,28.99449339207048
2026-02-01,SKU-1019,Snacks,535.0,0,14509.0,14,False,395.0,552.0,502.0,499.85714285714283,497.7142857142857,4.285714285714278,6,28.90239043824701
2026-02-02,SKU-1019,Snacks,346.0,0,14509.0,14,False,535.0,324.0,499.57142857142856,507.57142857142856,515.5714285714286,-16.0,0,29.042893909064915
2026-02-03,SKU-1019,Snacks,590.0,0,13573.0,14,False,346.0,681.0,502.7142857142857,497.14285714285717,491.57142857142856,11.142857142857167,1,26.99943165672066
2026-02-04,SKU-1019,Snacks,604.0,0,12969.0,14,False,590.0,519.0,489.7142857142857,502.2857142857143,514.8571428571429,-25.142857142857167,2,26.482788798133022
2026-02-05,SKU-1019,Snacks,397.0,0,12572.0,14,False,604.0,547.0,501.85714285714283,500.2142857142857,498.57142857142856,3.2857142857142776,3,25.050953600910905
2026-02-06,SKU-1019,Snacks,613.0,0,11959.0,14,False,397.0,496.0,480.42857142857144,498.2857142857143,516.1428571428571,-35.714285714285666,4,24.892358013678262
2026-02-07,SKU-1019,Snacks,617.0,0,11342.0,14,False,613.0,395.0,497.14285714285717,508.0,518.8571428571429,-21.714285714285722,5,22.814367816091952
2026-02-08,SKU-1019,Snacks,390.0,0,10952.0,14,False,617.0,535.0,528.8571428571429,515.4285714285714,502.0,26.85714285714289,6,20.70880605078336
2026-02-09,SKU-1019,Snacks,367.0,0,10585.0,14,False,390.0,346.0,508.14285714285717,503.85714285714283,499.57142857142856,8.571428571428612,0,20.830756255271297
2026-02-10,SKU-1019,Snacks,670.0,0,9915.0,14,False,367.0,590.0,511.14285714285717,506.92857142857144,502.7142857142857,8.428571428571445,1,19.39770821688094
2026-02-11,SKU-1019,Snacks,375.0,0,9540.0,14,False,670.0,604.0,522.5714285714286,506.14285714285717,489.7142857142857,32.85714285714283,2,18.25587752870421
2026-02-12,SKU-1019,Snacks,355.0,0,9185.0,14,False,375.0,397.0,489.85714285714283,495.85714285714283,501.85714285714283,-12.0,3,18.750364537766114
2026-02-13,SKU-1019,Snacks,360.0,0,8825.0,14,False,355.0,613.0,483.85714285714283,482.14285714285717,480.42857142857144,3.428571428571388,4,18.23885444346029
2026-02-14,SKU-1019,Snacks,550.0,0,8275.0,14,False,360.0,617.0,447.7142857142857,472.42857142857144,497.14285714285717,-49.428571428571445,5,18.482769623484366
2026-02-15,SKU-1019,Snacks,430.0,0,7845.0,14,False,550.0,390.0,438.14285714285717,483.5,528.8571428571429,-90.71428571428572,6,17.90511900880339
2026-02-16,SKU-1019,Snacks,621.0,0,7224.0,14,False,430.0,367.0,443.85714285714283,476.0,508.14285714285717,-64.28571428571433,0,16.275506919858387
2026-02-17,SKU-1019,Snacks,375.0,9201,16050.0,14,False,621.0,670.0,480.14285714285717,495.64285714285717,511.14285714285717,-31.0,1,33.42755132401071
2026-02-18,SKU-1019,Snacks,646.0,0,15404.0,14,False,375.0,375.0,438.0,480.2857142857143,522.5714285714286,-84.57142857142856,2,35.1689497716895
2026-02-19,SKU-1019,Snacks,506.0,0,14898.0,14,False,646.0,355.0,476.7142857142857,483.2857142857143,489.85714285714283,-13.14285714285711,3,31.251423434222353
2026-02-20,SKU-1019,Snacks,562.0,0,14336.0,14,False,506.0,360.0,498.2857142857143,491.07142857142856,483.85714285714283,14.428571428571445,4,28.770642201834864
2026-02-21,SKU-1019,Snacks,171.0,0,14165.0,14,False,562.0,550.0,527.1428571428571,487.42857142857144,447.7142857142857,79.42857142857139,5,26.87127371273713
2026-02-22,SKU-1019,Snacks,513.0,0,13652.0,14,False,171.0,430.0,473.0,455.57142857142856,438.14285714285717,34.85714285714283,6,28.862579281183933
2026-02-23,SKU-1019,Snacks,358.0,0,13294.0,14,False,513.0,621.0,484.85714285714283,464.35714285714283,443.85714285714283,41.0,0,27.418385385975252
2026-02-24,SKU-1019,Snacks,627.0,0,12667.0,14,False,358.0,375.0,447.2857142857143,463.7142857142857,480.14285714285717,-32.85714285714289,1,28.319706164164803
2026-02-25,SKU-1019,Snacks,514.0,0,12153.0,14,False,627.0,646.0,483.2857142857143,460.64285714285717,438.0,45.28571428571428,2,25.146615430091636
2026-02-26,SKU-1019,Snacks,706.0,0,11447.0,14,False,514.0,506.0,464.42857142857144,470.57142857142856,476.7142857142857,-12.285714285714278,3,24.647493079052598
2026-02-27,SKU-1019,Snacks,783.0,0,10664.0,14,False,706.0,562.0,493.0,495.64285714285717,498.2857142857143,-5.285714285714278,4,21.63083164300203
2026-02-28,SKU-1019,Snacks,390.0,0,10274.0,14,False,783.0,171.0,524.5714285714286,525.8571428571429,527.1428571428571,-2.571428571428555,5,19.585511982570807
2026-03-01,SKU-1019,Snacks,299.0,0,9975.0,14,False,390.0,513.0,555.8571428571429,514.4285714285714,473.0,82.85714285714289,6,17.94525828835775
2026-03-02,SKU-1019,Snacks,630.0,0,9345.0,14,False,299.0,358.0,525.2857142857143,505.07142857142856,484.85714285714283,40.4285714285715,0,17.790318194180035
2026-03-03,SKU-1019,Snacks,560.0,0,8785.0,14,False,630.0,627.0,564.1428571428571,505.7142857142857,447.2857142857143,116.85714285714283,1,15.572296783995949
2026-03-04,SKU-1019,Snacks,450.0,0,8335.0,14,False,560.0,514.0,554.5714285714286,518.9285714285714,483.2857142857143,71.28571428571428,2,15.029623905203504
2026-03-05,SKU-1019,Snacks,519.0,8829,16645.0,14,False,450.0,706.0,545.4285714285714,504.92857142857144,464.42857142857144,81.0,3,30.517286537454165
2026-03-06,SKU-1019,Snacks,493.0,0,16152.0,14,False,519.0,783.0,518.7142857142857,505.85714285714283,493.0,25.714285714285666,4,31.13852933076288
2026-03-07,SKU-1019,Snacks,481.0,0,15671.0,14,False,493.0,390.0,477.2857142857143,500.92857142857144,524.5714285714286,-47.28571428571428,5,32.8335827596528
2026-03-08,SKU-1019,Snacks,378.0,0,15293.0,14,False,481.0,299.0,490.2857142857143,523.0714285714286,555.8571428571429,-65.57142857142861,6,31.192016317016318
2026-03-09,SKU-1019,Snacks,559.0,0,14734.0,14,False,378.0,630.0,501.57142857142856,513.4285714285714,525.2857142857143,-23.71428571428578,0,29.375676445457135
2026-03-10,SKU-1019,Snacks,744.0,0,13990.0,14,False,559.0,560.0,491.42857142857144,527.7857142857143,564.1428571428571,-72.71428571428567,1,28.468023255813954
2026-03-11,SKU-1019,Snacks,571.0,0,13419.0,14,False,744.0,450.0,517.7142857142857,536.1428571428571,554.5714285714286,-36.85714285714289,2,25.91970198675497
2026-03-12,SKU-1019,Snacks,523.0,0,12896.0,14,False,571.0,519.0,535.0,540.2142857142857,545.4285714285714,-10.428571428571445,3,24.104672897196263
2026-03-13,SKU-1019,Snacks,652.0,0,12244.0,14,False,523.0,493.0,535.5714285714286,527.1428571428571,518.7142857142857,16.85714285714289,4,22.86156308348893
2026-03-14,SKU-1019,Snacks,652.0,0,11724.0,14,False,652.0,481.0,558.2857142857143,517.7857142857143,477.2857142857143,81.00000000000006,5,20.999999999999996
2026-03-15,SKU-1019,Snacks,498.0,0,11226.0,14,False,652.0,378.0,582.7142857142857,536.5,490.2857142857143,92.42857142857139,6,19.265015935278257
2026-03-16,SKU-1019,Snacks,668.0,0,10558.0,14,False,498.0,559.0,599.8571428571429,550.7142857142857,501.57142857142856,98.28571428571433,0,17.600857346987375
2026-03-17,SKU-1019,Snacks,715.0,0,9843.0,14,False,668.0,744.0,615.4285714285714,553.4285714285714,491.42857142857144,124.0,1,15.993732590529248
2026-03-18,SKU-1019,Snacks,587.0,0,9256.0,14,False,715.0,571.0,611.2857142857143,564.5,517.7142857142857,93.57142857142867,2,15.14185557373218
2026-03-19,SKU-1019,Snacks,426.0,0,8830.0,14,False,587.0,523.0,613.5714285714286,574.2857142857143,535.0,78.57142857142856,3,14.39115250291036
2026-03-20,SKU-1019,Snacks,476.0,0,8354.0,14,False,426.0,652.0,599.7142857142857,567.6428571428571,535.5714285714286,64.14285714285711,4,13.92996665078609
2026-03-21,SKU-1019,Snacks,429.0,0,7925.0,14,False,476.0,652.0,574.5714285714286,566.4285714285714,558.2857142857143,16.28571428571422,5,13.792889109895574
2026-03-22,SKU-1019,Snacks,375.0,0,7550.0,14,False,429.0,498.0,542.7142857142857,562.7142857142857,582.7142857142857,-40.0,6,13.911555672545408
2026-03-23,SKU-1019,Snacks,633.0,9206,16123.0,14,False,375.0,668.0,525.1428571428571,562.5,599.8571428571429,-74.71428571428578,0,30.702121871599566
2026-03-24,SKU-1019,Snacks,576.0,0,15547.0,14,False,633.0,715.0,520.1428571428571,567.7857142857143,615.4285714285714,-95.28571428571433,1,29.889865421587476
2026-03-25,SKU-1019,Snacks,753.0,0,14794.0,14,False,576.0,587.0,500.2857142857143,555.7857142857143,611.2857142857143,-111.00000000000006,2,29.571102227298688
2026-03-26,SKU-1019,Snacks,454.0,0,14340.0,14,False,753.0,426.0,524.0,568.7857142857143,613.5714285714286,-89.57142857142856,3,27.366412213740457
2026-03-27,SKU-1019,Snacks,428.0,0,13912.0,14,False,454.0,476.0,528.0,563.8571428571429,599.7142857142857,-71.71428571428567,4,26.348484848484848
2026-03-28,SKU-1019,Snacks,486.0,0,13426.0,14,False,428.0,429.0,521.1428571428571,547.8571428571429,574.5714285714286,-53.428571428571445,5,25.76260964912281
2026-03-29,SKU-1019,Snacks,598.0,0,12828.0,14,False,486.0,375.0,529.2857142857143,536.0,542.7142857142857,-13.428571428571331,6,24.23643724696356
2026-03-30,SKU-1019,Snacks,614.0,0,12214.0,14,False,598.0,633.0,561.1428571428571,543.1428571428571,525.1428571428571,36.0,0,21.766293279022406
2026-03-31,SKU-1019,Snacks,587.0,0,11627.0,14,False,614.0,576.0,558.4285714285714,539.2857142857143,520.1428571428571,38.285714285714334,1,20.820926068048095
2026-04-01,SKU-1019,Snacks,694.0,0,10933.0,14,False,587.0,753.0,560.0,530.1428571428571,500.2857142857143,59.71428571428572,2,19.523214285714285
2026-04-02,SKU-1019,Snacks,502.0,0,10431.0,14,False,694.0,454.0,551.5714285714286,537.7857142857143,524.0,27.571428571428555,3,18.91142191142191
2026-04-03,SKU-1019,Snacks,208.0,0,10223.0,14,False,502.0,428.0,558.4285714285714,543.2142857142857,528.0,30.428571428571445,4,18.306728063443334
2026-04-04,SKU-1019,Snacks,538.0,0,9685.0,14,False,208.0,486.0,527.0,524.0714285714286,521.1428571428571,5.85714285714289,5,18.377609108159394
2026-04-05,SKU-1019,Snacks,511.0,0,9174.0,14,False,538.0,598.0,534.4285714285714,531.8571428571429,529.2857142857143,5.14285714285711,6,17.165998396150762
2026-04-06,SKU-1019,Snacks,691.0,0,8483.0,14,False,511.0,614.0,522.0,541.5714285714286,561.1428571428571,-39.14285714285711,0,16.25095785440613
2026-04-07,SKU-1019,Snacks,644.0,0,7839.0,14,False,691.0,587.0,533.0,545.7142857142857,558.4285714285714,-25.428571428571445,1,14.707317073170731
2026-04-08,SKU-1019,Snacks,376.0,0,7463.0,14,False,644.0,694.0,541.1428571428571,550.5714285714286,560.0,-18.85714285714289,2,13.791182682154172
2026-04-09,SKU-1019,Snacks,686.0,0,6777.0,14,False,376.0,502.0,495.7142857142857,523.6428571428571,551.5714285714286,-55.85714285714283,3,13.671181556195965
2026-04-10,SKU-1019,Snacks,639.0,0,6138.0,14,False,686.0,208.0,522.0,540.2142857142857,558.4285714285714,-36.428571428571445,4,11.758620689655173
2026-04-11,SKU-1019,Snacks,609.0,0,5529.0,14,False,639.0,538.0,583.5714285714286,555.2857142857143,527.0,56.571428571428555,5,9.474418604651163
2026-04-12,SKU-1019,Snacks,514.0,0,5015.0,14,False,609.0,511.0,593.7142857142857,564.0714285714286,534.4285714285714,59.28571428571422,6,8.44682386910491
2026-04-13,SKU-1019,Snacks,786.0,0,4229.0,14,False,514.0,691.0,594.1428571428571,558.0714285714286,522.0,72.14285714285711,0,7.1178167828805
2026-04-14,SKU-1019,Snacks,440.0,0,3789.0,14,False,786.0,644.0,607.7142857142857,570.3571428571429,533.0,74.71428571428567,1,6.234837799717913
2026-04-15,SKU-1019,Snacks,700.0,0,3089.0,14,False,440.0,376.0,578.5714285714286,559.8571428571429,541.1428571428571,37.428571428571445,2,5.339012345679013
2026-04-16,SKU-1019,Snacks,688.0,0,2401.0,14,False,700.0,686.0,624.8571428571429,560.2857142857143,495.7142857142857,129.14285714285717,3,3.8424782807498854
2026-04-17,SKU-1019,Snacks,406.0,0,1995.0,14,False,688.0,639.0,625.1428571428571,573.5714285714286,522.0,103.14285714285711,4,3.191270566727605
2026-04-18,SKU-1019,Snacks,388.0,7655,9262.0,14,False,406.0,609.0,591.8571428571429,587.7142857142857,583.5714285714286,8.285714285714334,5,15.64904658460053
2026-04-19,SKU-1019,Snacks,547.0,0,8715.0,14,False,388.0,514.0,560.2857142857143,577.0,593.7142857142857,-33.42857142857133,6,15.554563997960223
2026-04-20,SKU-1019,Snacks,742.0,8291,16264.0,14,False,547.0,786.0,565.0,579.5714285714286,594.1428571428571,-29.14285714285711,0,28.785840707964603
2026-04-21,SKU-1019,Snacks,391.0,0,15873.0,14,False,742.0,440.0,558.7142857142857,583.2142857142857,607.7142857142857,-49.0,1,28.409869598568143
2026-04-22,SKU-1019,Snacks,615.0,0,15258.0,14,False,391.0,700.0,551.7142857142857,565.1428571428571,578.5714285714286,-26.85714285714289,2,27.655618850336616
2026-04-23,SKU-1019,Snacks,656.0,0,14602.0,14,False,615.0,688.0,539.5714285714286,582.2142857142857,624.8571428571429,-85.28571428571433,3,27.062218692083665
2026-04-24,SKU-1019,Snacks,651.0,0,13951.0,14,False,656.0,406.0,535.0,580.0714285714286,625.1428571428571,-90.14285714285711,4,26.07663551401869
2026-04-25,SKU-1019,Snacks,696.0,0,13255.0,14,False,651.0,388.0,570.0,580.9285714285714,591.8571428571429,-21.85714285714289,5,23.25438596491228
2026-04-26,SKU-1019,Snacks,483.0,0,12772.0,14,False,696.0,547.0,614.0,587.1428571428571,560.2857142857143,53.714285714285666,6,20.80130293159609
2026-04-27,SKU-1019,Snacks,630.0,0,12142.0,14,False,483.0,742.0,604.8571428571429,584.9285714285714,565.0,39.85714285714289,0,20.074161549362305
2026-04-28,SKU-1019,Snacks,426.0,0,11716.0,14,False,630.0,391.0,588.8571428571429,573.7857142857143,558.7142857142857,30.142857142857224,1,19.896166909267343
2026-04-29,SKU-1019,Snacks,492.0,0,11224.0,14,False,426.0,615.0,593.8571428571429,572.7857142857143,551.7142857142857,42.142857142857224,2,18.900168390666344
2026-04-30,SKU-1019,Snacks,521.0,0,10703.0,14,False,492.0,656.0,576.2857142857143,557.9285714285714,539.5714285714286,36.71428571428578,3,18.572384729796727
2026-05-01,SKU-1019,Snacks,372.0,0,10331.0,14,False,521.0,651.0,557.0,546.0,535.0,22.0,4,18.5475763016158
2026-05-02,SKU-1019,Snacks,345.0,0,9986.0,14,False,372.0,696.0,517.1428571428571,543.5714285714286,570.0,-52.85714285714289,5,19.309944751381217
2026-05-03,SKU-1019,Snacks,345.0,0,9436.0,14,False,345.0,483.0,467.0,540.5,614.0,-147.0,6,20.20556745182013
2026-05-04,SKU-1019,Snacks,496.0,0,8940.0,14,False,345.0,630.0,447.2857142857143,526.0714285714286,604.8571428571429,-157.5714285714286,0,19.987224528904505
2026-05-05,SKU-1019,Snacks,590.0,0,8350.0,14,False,496.0,426.0,428.14285714285717,508.5,588.8571428571429,-160.71428571428572,1,19.502836169502835
2026-05-06,SKU-1019,Snacks,595.0,0,7755.0,14,False,590.0,492.0,451.57142857142856,522.7142857142857,593.8571428571429,-142.28571428571433,2,17.17336285985448
2026-05-07,SKU-1019,Snacks,733.0,0,7022.0,14,False,595.0,521.0,466.2857142857143,521.2857142857143,576.2857142857143,-110.00000000000006,3,15.059436274509805
2026-05-08,SKU-1019,Snacks,634.0,0,6388.0,14,False,733.0,372.0,496.57142857142856,526.7857142857143,557.0,-60.428571428571445,4,12.864211737629459
2026-05-09,SKU-1019,Snacks,391.0,0,5997.0,14,False,634.0,345.0,534.0,525.5714285714286,517.1428571428571,16.85714285714289,5,11.230337078651685
2026-05-10,SKU-1019,Snacks,578.0,0,5419.0,14,False,391.0,345.0,540.5714285714286,503.7857142857143,467.0,73.57142857142856,6,10.024577167019027
2026-05-11,SKU-1019,Snacks,442.0,7505,12482.0,14,False,578.0,496.0,573.8571428571429,510.57142857142856,447.2857142857143,126.57142857142861,0,21.751058003485188
2026-05-12,SKU-1019,Snacks,758.0,0,11724.0,14,False,442.0,590.0,566.1428571428571,497.14285714285717,428.14285714285717,137.99999999999994,1,20.708554125662378
2026-05-13,SKU-1019,Snacks,782.0,0,10942.0,14,False,758.0,595.0,590.1428571428571,520.8571428571429,451.57142857142856,138.57142857142856,2,18.541273299443237
2026-05-14,SKU-1019,Snacks,711.0,0,10231.0,14,False,782.0,733.0,616.8571428571429,541.5714285714286,466.2857142857143,150.5714285714286,3,16.585687818434458
2026-05-15,SKU-1019,Snacks,527.0,0,9704.0,14,False,711.0,634.0,613.7142857142857,555.1428571428571,496.57142857142856,117.14285714285711,4,15.811918063314712
2026-05-16,SKU-1019,Snacks,502.0,0,9202.0,14,False,527.0,391.0,598.4285714285714,566.2142857142857,534.0,64.42857142857144,5,15.376939603724038
2026-05-17,SKU-1019,Snacks,475.0,0,8727.0,14,False,502.0,578.0,614.2857142857143,577.4285714285714,540.5714285714286,73.71428571428578,6,14.20674418604651
2026-05-18,SKU-1019,Snacks,670.0,0,8057.0,14,False,475.0,442.0,599.5714285714286,586.7142857142857,573.8571428571429,25.714285714285666,0,13.437931856087681
2026-05-19,SKU-1019,Snacks,716.0,0,7341.0,14,False,670.0,758.0,632.1428571428571,599.1428571428571,566.1428571428571,66.0,1,11.612881355932204
2026-05-20,SKU-1019,Snacks,679.0,9388,16050.0,14,False,716.0,782.0,626.1428571428571,608.1428571428571,590.1428571428571,36.0,2,25.6331279945243
2026-05-21,SKU-1019,Snacks,657.0,0,15393.0,14,False,679.0,711.0,611.4285714285714,614.1428571428571,616.8571428571429,-5.428571428571445,3,25.175467289719627
2026-05-22,SKU-1019,Snacks,562.0,0,14831.0,14,False,657.0,527.0,603.7142857142857,608.7142857142857,613.7142857142857,-10.0,4,24.566256507335545
2026-05-23,SKU-1019,Snacks,483.0,0,14348.0,14,False,562.0,502.0,608.7142857142857,603.5714285714286,598.4285714285714,10.28571428571422,5,23.57099272471251
2026-05-24,SKU-1019,Snacks,467.0,0,13881.0,14,False,483.0,475.0,606.0,610.1428571428571,614.2857142857143,-8.285714285714334,6,22.905940594059405
2026-05-25,SKU-1019,Snacks,486.0,0,13395.0,14,False,467.0,670.0,604.8571428571429,602.2142857142857,599.5714285714286,5.285714285714334,0,22.145725082664146
2026-05-26,SKU-1019,Snacks,530.0,0,12865.0,14,False,486.0,716.0,578.5714285714286,605.3571428571429,632.1428571428571,-53.571428571428555,1,22.235802469135802
2026-05-27,SKU-1019,Snacks,757.0,0,12108.0,14,False,530.0,679.0,552.0,589.0714285714286,626.1428571428571,-74.14285714285711,2,21.934782608695652
2026-05-28,SKU-1019,Snacks,454.0,0,11654.0,14,False,757.0,657.0,563.1428571428571,587.2857142857143,611.4285714285714,-48.285714285714334,3,20.69457128361238
2026-05-29,SKU-1019,Snacks,707.0,0,10947.0,14,False,454.0,562.0,534.1428571428571,568.9285714285714,603.7142857142857,-69.57142857142856,4,20.494517250601767
2026-05-30,SKU-1019,Snacks,381.0,0,10566.0,14,False,707.0,483.0,554.8571428571429,581.7857142857143,608.7142857142857,-53.857142857142776,5,19.042739443872296
2026-05-31,SKU-1019,Snacks,398.0,0,10168.0,14,False,381.0,467.0,540.2857142857143,573.1428571428571,606.0,-65.71428571428567,6,18.819672131147538
2026-06-01,SKU-1019,Snacks,385.0,0,9783.0,14,False,398.0,486.0,530.4285714285714,567.6428571428571,604.8571428571429,-74.42857142857144,0,18.44357662267708
2026-06-02,SKU-1019,Snacks,669.0,0,9114.0,14,False,385.0,530.0,516.0,547.2857142857143,578.5714285714286,-62.571428571428555,1,17.662790697674417
2026-06-03,SKU-1019,Snacks,565.0,0,8549.0,14,False,669.0,757.0,535.8571428571429,543.9285714285714,552.0,-16.14285714285711,2,15.953878965609169
2026-06-04,SKU-1019,Snacks,496.0,0,8053.0,14,False,565.0,454.0,508.42857142857144,535.7857142857143,563.1428571428571,-54.714285714285666,3,15.838999719022198
2026-06-05,SKU-1019,Snacks,557.0,8017,15513.0,14,False,496.0,707.0,514.4285714285714,524.2857142857143,534.1428571428571,-19.714285714285666,4,30.155790058317134
2026-06-06,SKU-1019,Snacks,465.0,0,15048.0,14,False,557.0,381.0,493.0,523.9285714285714,554.8571428571429,-61.85714285714289,5,30.523326572008113
2026-06-07,SKU-1019,Snacks,577.0,0,14471.0,14,False,465.0,398.0,505.0,522.6428571428571,540.2857142857143,-35.285714285714334,6,28.655445544554457
2026-06-08,SKU-1019,Snacks,426.0,0,14045.0,14,False,577.0,385.0,530.5714285714286,530.5,530.4285714285714,0.14285714285711038,0,26.47145934302639
2026-06-09,SKU-1019,Snacks,552.0,0,13493.0,14,False,426.0,669.0,536.4285714285714,526.2142857142857,516.0,20.428571428571445,1,25.15339547270306
2026-06-10,SKU-1019,Snacks,687.0,0,12806.0,14,False,552.0,565.0,519.7142857142857,527.7857142857143,535.8571428571429,-16.142857142857224,2,24.640461792193516
2026-06-11,SKU-1019,Snacks,653.0,0,12153.0,14,False,687.0,496.0,537.1428571428571,522.7857142857143,508.42857142857144,28.714285714285666,3,22.62526595744681
2026-06-12,SKU-1019,Snacks,695.0,0,11458.0,14,False,653.0,557.0,559.5714285714286,537.0,514.4285714285714,45.14285714285711,4,20.476384988511615
2026-06-13,SKU-1019,Snacks,307.0,0,11151.0,14,False,695.0,465.0,579.2857142857143,536.1428571428571,493.0,86.28571428571433,5,19.249568434032057
2026-06-14,SKU-1019,Snacks,682.0,0,10469.0,14,False,307.0,577.0,556.7142857142857,530.8571428571429,505.0,51.714285714285666,6,18.804978188350013
2026-06-15,SKU-1019,Snacks,648.0,0,9821.0,14,False,682.0,426.0,571.7142857142857,551.1428571428571,530.5714285714286,41.14285714285711,0,17.178160919540232
2026-06-16,SKU-1019,Snacks,582.0,0,9239.0,14,False,648.0,552.0,603.4285714285714,569.9285714285714,536.4285714285714,67.0,1,15.310842803030303
2026-06-17,SKU-1019,Snacks,278.0,0,8961.0,14,False,582.0,687.0,607.7142857142857,563.7142857142857,519.7142857142857,88.0,2,14.745416078984487
2026-06-18,SKU-1019,Snacks,851.0,0,8110.0,14,False,278.0,653.0,549.2857142857143,543.2142857142857,537.1428571428571,12.142857142857224,3,14.764629388816644
2026-06-19,SKU-1019,Snacks,545.0,0,7565.0,14,False,851.0,695.0,577.5714285714286,568.5714285714286,559.5714285714286,18.0,4,13.097947069008162
2026-06-20,SKU-1019,Snacks,707.0,0,6858.0,14,False,545.0,307.0,556.1428571428571,567.7142857142857,579.2857142857143,-23.142857142857224,5,12.331363986642693
2026-06-21,SKU-1019,Snacks,707.0,6998,13164.0,14,False,707.0,682.0,613.2857142857143,585.0,556.7142857142857,56.57142857142867,6,21.46470999301188
2026-06-22,SKU-1019,Snacks,592.0,0,12572.0,14,False,707.0,648.0,616.8571428571429,594.2857142857143,571.7142857142857,45.142857142857224,0,20.38073182028717
2026-06-23,SKU-1019,Snacks,464.0,0,12108.0,14,False,592.0,582.0,608.8571428571429,606.1428571428571,603.4285714285714,5.428571428571445,1,19.886438291881745
2026-06-24,SKU-1019,Snacks,720.0,0,11388.0,14,False,464.0,278.0,592.0,599.8571428571429,607.7142857142857,-15.714285714285666,2,19.236486486486488
2026-06-25,SKU-1019,Snacks,763.0,0,10625.0,14,False,720.0,851.0,655.1428571428571,602.2142857142857,549.2857142857143,105.85714285714278,3,16.217836894897516
2026-06-26,SKU-1019,Snacks,748.0,0,9877.0,14,False,763.0,545.0,642.5714285714286,610.0714285714286,577.5714285714286,65.0,4,15.37105380168964
2026-06-27,SKU-1019,Snacks,490.0,0,9387.0,14,False,748.0,707.0,671.5714285714286,613.8571428571429,556.1428571428571,115.42857142857144,5,13.977664326738992
2026-06-28,SKU-1019,Snacks,403.0,0,8984.0,14,False,490.0,707.0,640.5714285714286,626.9285714285714,613.2857142857143,27.28571428571422,6,14.024977698483497
2026-06-29,SKU-1019,Snacks,252.0,0,8732.0,14,False,403.0,592.0,597.1428571428571,607.0,616.8571428571429,-19.71428571428578,0,14.622966507177035
2026-01-01,SKU-1020,Pasta,403.0,0,1006.0,14,False,,,,,,,3,
2026-01-02,SKU-1020,Pasta,390.0,7981,8597.0,14,False,403.0,,,,,,4,
2026-01-03,SKU-1020,Pasta,324.0,0,8273.0,14,False,390.0,,,,,,5,
2026-01-04,SKU-1020,Pasta,480.0,0,7793.0,14,False,324.0,,,,,,6,
2026-01-05,SKU-1020,Pasta,409.0,0,7384.0,14,False,480.0,,,,,,0,
2026-01-06,SKU-1020,Pasta,264.0,0,7120.0,14,False,409.0,,,,,,1,
2026-01-07,SKU-1020,Pasta,329.0,0,6791.0,14,False,264.0,,,,,,2,
2026-01-08,SKU-1020,Pasta,464.0,0,6327.0,14,False,329.0,403.0,371.2857142857143,,,,3,17.040784917275875
2026-01-09,SKU-1020,Pasta,326.0,0,6001.0,14,False,464.0,390.0,380.0,,,,4,15.792105263157895
2026-01-09,SKU-1020,Pasta,326.0,0,6001.0,14,False,326.0,324.0,370.85714285714283,,,,4,16.181432973805855
2026-01-10,SKU-1020,Pasta,404.0,0,5597.0,14,False,326.0,480.0,371.14285714285717,,,,5,15.08044649730562
2026-01-11,SKU-1020,Pasta,425.0,0,5172.0,14,False,404.0,409.0,360.2857142857143,,,,6,14.355273592386995
2026-01-12,SKU-1020,Pasta,467.0,0,4705.0,14,False,425.0,264.0,362.57142857142856,,,,0,12.976753349093775
2026-01-13,SKU-1020,Pasta,367.0,0,4338.0,14,False,467.0,329.0,391.57142857142856,,,,1,11.078438526085371
2026-01-14,SKU-1020,Pasta,473.0,0,3865.0,14,False,367.0,464.0,397.0,384.14285714285717,371.2857142857143,25.714285714285722,2,9.73551637279597
2026-01-15,SKU-1020,Pasta,314.0,5990,9541.0,14,False,473.0,326.0,398.2857142857143,389.14285714285717,380.0,18.285714285714278,3,23.9551649928264
2026-01-16,SKU-1020,Pasta,437.0,0,9104.0,14,False,314.0,326.0,396.57142857142856,383.7142857142857,370.85714285714283,25.714285714285722,4,22.956772334293948
2026-01-17,SKU-1020,Pasta,447.0,0,8657.0,14,False,437.0,404.0,412.42857142857144,391.7857142857143,371.14285714285717,41.28571428571428,5,20.990301350883268
2026-01-18,SKU-1020,Pasta,632.0,0,8025.0,14,False,447.0,425.0,418.57142857142856,389.42857142857144,360.2857142857143,58.28571428571428,6,19.172354948805463
2026-01-19,SKU-1020,Pasta,305.0,0,7720.0,14,False,632.0,467.0,448.14285714285717,405.35714285714283,362.57142857142856,85.57142857142861,0,17.226649665285304
2026-01-20,SKU-1020,Pasta,405.0,0,7315.0,14,False,305.0,367.0,425.0,408.2857142857143,391.57142857142856,33.428571428571445,1,17.211764705882352
2026-01-21,SKU-1020,Pasta,469.0,0,6846.0,14,False,405.0,473.0,430.42857142857144,413.7142857142857,397.0,33.428571428571445,2,15.905077995353468
2026-01-22,SKU-1020,Pasta,462.0,0,6384.0,14,False,469.0,314.0,429.85714285714283,414.07142857142856,398.2857142857143,31.571428571428555,3,14.851445663010969
2026-01-23,SKU-1020,Pasta,503.0,0,5881.0,14,False,462.0,437.0,451.0,423.7857142857143,396.57142857142856,54.428571428571445,4,13.03991130820399
2026-01-24,SKU-1020,Pasta,725.0,0,5156.0,14,False,503.0,447.0,460.42857142857144,436.42857142857144,412.42857142857144,48.0,5,11.198262488364877
2026-01-25,SKU-1020,Pasta,292.0,0,4864.0,14,False,725.0,632.0,500.14285714285717,459.35714285714283,418.57142857142856,81.57142857142861,6,9.725221365324193
2026-01-26,SKU-1020,Pasta,320.0,0,4544.0,14,False,292.0,305.0,451.57142857142856,449.85714285714283,448.14285714285717,3.428571428571388,0,10.062638405567858
2026-01-27,SKU-1020,Pasta,326.0,0,4218.0,14,False,320.0,405.0,453.7142857142857,439.35714285714283,425.0,28.714285714285722,1,9.296599496221662
2026-01-28,SKU-1020,Pasta,330.0,0,3888.0,14,False,326.0,469.0,442.42857142857144,436.42857142857144,430.42857142857144,12.0,2,8.787859218598644
2026-01-29,SKU-1020,Pasta,397.0,0,3491.0,14,False,330.0,462.0,422.57142857142856,426.2142857142857,429.85714285714283,-7.285714285714278,3,8.26132521974307
2026-01-30,SKU-1020,Pasta,425.0,7522,10588.0,14,False,397.0,503.0,413.2857142857143,432.14285714285717,451.0,-37.71428571428572,4,25.61908053923263
2026-01-31,SKU-1020,Pasta,393.0,0,10195.0,14,False,425.0,725.0,402.14285714285717,431.2857142857143,460.42857142857144,-58.28571428571428,5,25.351687388987564
2026-02-01,SKU-1020,Pasta,261.0,0,9934.0,14,False,393.0,292.0,354.7142857142857,427.42857142857144,500.14285714285717,-145.42857142857144,6,28.005638340716875
2026-02-02,SKU-1020,Pasta,383.0,0,9551.0,14,False,261.0,320.0,350.2857142857143,400.92857142857144,451.57142857142856,-101.28571428571428,0,27.2663132137031
2026-02-03,SKU-1020,Pasta,403.0,0,9148.0,14,False,383.0,326.0,359.2857142857143,406.5,453.7142857142857,-94.42857142857144,1,25.461630218687873
2026-02-04,SKU-1020,Pasta,409.0,0,8739.0,14,False,403.0,330.0,370.2857142857143,406.35714285714283,442.42857142857144,-72.14285714285717,2,23.600694444444446
2026-02-05,SKU-1020,Pasta,244.0,0,8495.0,14,False,409.0,397.0,381.57142857142856,402.07142857142856,422.57142857142856,-41.0,3,22.263197304380384
2026-02-06,SKU-1020,Pasta,417.0,0,8078.0,14,False,244.0,425.0,359.7142857142857,386.5,413.2857142857143,-53.571428571428555,4,22.45671167593328
2026-02-07,SKU-1020,Pasta,295.0,0,7783.0,14,False,417.0,393.0,358.57142857142856,380.35714285714283,402.14285714285717,-43.57142857142861,5,21.70557768924303
2026-02-08,SKU-1020,Pasta,358.0,0,7425.0,14,False,295.0,261.0,344.57142857142856,349.64285714285717,354.7142857142857,-10.142857142857167,6,21.54850746268657
2026-02-09,SKU-1020,Pasta,510.0,0,6915.0,14,False,358.0,383.0,358.42857142857144,354.35714285714283,350.2857142857143,8.142857142857167,0,19.292546831406934
2026-02-10,SKU-1020,Pasta,386.0,0,6529.0,14,False,510.0,403.0,376.57142857142856,367.92857142857144,359.2857142857143,17.285714285714278,1,17.338012139605464
2026-02-11,SKU-1020,Pasta,298.0,0,6231.0,14,False,386.0,409.0,374.14285714285717,372.2142857142857,370.2857142857143,3.8571428571428896,2,16.65406643757159
2026-02-12,SKU-1020,Pasta,427.0,0,5804.0,14,False,298.0,244.0,358.2857142857143,369.92857142857144,381.57142857142856,-23.285714285714278,3,16.199362041467307
2026-02-13,SKU-1020,Pasta,384.0,0,5420.0,14,False,427.0,417.0,384.42857142857144,372.07142857142856,359.7142857142857,24.714285714285722,4,14.098848011891489
2026-02-14,SKU-1020,Pasta,372.0,0,5048.0,14,False,384.0,295.0,379.7142857142857,369.14285714285717,358.57142857142856,21.142857142857167,5,13.294206170052671
2026-02-15,SKU-1020,Pasta,467.0,0,4581.0,14,False,372.0,358.0,390.7142857142857,367.64285714285717,344.57142857142856,46.14285714285717,6,11.724680073126143
2026-02-16,SKU-1020,Pasta,425.0,7018,11174.0,14,False,467.0,510.0,406.2857142857143,382.35714285714283,358.42857142857144,47.85714285714283,0,27.5028129395218
2026-02-17,SKU-1020,Pasta,472.0,0,10702.0,14,False,425.0,386.0,394.14285714285717,385.35714285714283,376.57142857142856,17.571428571428612,1,27.15259151866618
2026-02-18,SKU-1020,Pasta,523.0,0,10179.0,14,False,472.0,298.0,406.42857142857144,390.2857142857143,374.14285714285717,32.28571428571428,2,25.044991212653777
2026-02-19,SKU-1020,Pasta,270.0,0,9909.0,14,False,523.0,427.0,438.57142857142856,398.42857142857144,358.2857142857143,80.28571428571428,3,22.593811074918566
2026-02-20,SKU-1020,Pasta,503.0,0,9406.0,14,False,270.0,384.0,416.14285714285717,400.2857142857143,384.42857142857144,31.714285714285722,4,22.602814967387573
2026-02-21,SKU-1020,Pasta,264.0,0,9142.0,14,False,503.0,372.0,433.14285714285717,406.42857142857144,379.7142857142857,53.428571428571445,5,21.106200527704484
2026-02-22,SKU-1020,Pasta,348.0,0,8794.0,14,False,264.0,467.0,417.7142857142857,404.2142857142857,390.7142857142857,27.0,6,21.05266757865937
2026-02-23,SKU-1020,Pasta,600.0,0,8194.0,14,False,348.0,425.0,400.7142857142857,403.5,406.2857142857143,-5.571428571428555,0,20.44848484848485
2026-02-24,SKU-1020,Pasta,476.0,0,7718.0,14,False,600.0,472.0,425.7142857142857,409.92857142857144,394.14285714285717,31.571428571428555,1,18.12953020134228
2026-02-25,SKU-1020,Pasta,469.0,0,7249.0,14,False,476.0,523.0,426.2857142857143,416.35714285714283,406.42857142857144,19.857142857142833,2,17.005026809651476
2026-02-26,SKU-1020,Pasta,311.0,0,6938.0,14,False,469.0,270.0,418.57142857142856,428.57142857142856,438.57142857142856,-20.0,3,16.57542662116041
2026-02-27,SKU-1020,Pasta,406.0,0,6532.0,14,False,311.0,503.0,424.42857142857144,420.2857142857143,416.14285714285717,8.285714285714278,4,15.3901043419724
2026-02-28,SKU-1020,Pasta,466.0,0,6066.0,14,False,406.0,264.0,410.57142857142856,421.85714285714283,433.14285714285717,-22.571428571428612,5,14.774530271398747
2026-03-01,SKU-1020,Pasta,409.0,0,5657.0,14,False,466.0,348.0,439.42857142857144,428.57142857142856,417.7142857142857,21.714285714285722,6,12.873537061118334
2026-03-02,SKU-1020,Pasta,357.0,0,5300.0,14,False,409.0,600.0,448.14285714285717,424.42857142857144,400.7142857142857,47.428571428571445,0,11.826585910105196
2026-03-03,SKU-1020,Pasta,471.0,0,4829.0,14,False,357.0,476.0,413.42857142857144,419.57142857142856,425.7142857142857,-12.285714285714278,1,11.680373185901866
2026-03-04,SKU-1020,Pasta,592.0,0,4237.0,14,False,471.0,469.0,412.7142857142857,419.5,426.2857142857143,-13.571428571428555,2,10.266182069920388
2026-03-05,SKU-1020,Pasta,390.0,5490,9337.0,14,False,592.0,311.0,430.2857142857143,424.42857142857144,418.57142857142856,11.714285714285722,3,21.699535192563083
2026-03-06,SKU-1020,Pasta,330.0,0,9007.0,14,False,390.0,406.0,441.57142857142856,433.0,424.42857142857144,17.14285714285711,4,20.397605952766096
2026-03-07,SKU-1020,Pasta,333.0,0,8674.0,14,False,330.0,466.0,430.7142857142857,420.64285714285717,410.57142857142856,20.142857142857167,5,20.138640132669984
2026-03-08,SKU-1020,Pasta,406.0,0,8268.0,14,False,333.0,409.0,411.7142857142857,425.57142857142856,439.42857142857144,-27.714285714285722,6,20.081887578070784
2026-03-09,SKU-1020,Pasta,510.0,0,7758.0,14,False,406.0,357.0,411.2857142857143,429.7142857142857,448.14285714285717,-36.85714285714289,0,18.862799583188607
2026-03-10,SKU-1020,Pasta,299.0,0,7459.0,14,False,510.0,471.0,433.14285714285717,423.2857142857143,413.42857142857144,19.714285714285722,1,17.220646437994723
2026-03-11,SKU-1020,Pasta,468.0,0,6991.0,14,False,299.0,592.0,408.57142857142856,410.64285714285717,412.7142857142857,-4.142857142857167,2,17.110839160839163
2026-03-12,SKU-1020,Pasta,363.0,0,6628.0,14,False,468.0,390.0,390.85714285714283,410.57142857142856,430.2857142857143,-39.428571428571445,3,16.95760233918129
2026-03-13,SKU-1020,Pasta,318.0,0,6310.0,14,False,363.0,330.0,387.0,414.2857142857143,441.57142857142856,-54.571428571428555,4,16.304909560723516
2026-03-14,SKU-1020,Pasta,360.0,0,5950.0,14,False,318.0,333.0,385.2857142857143,408.0,430.7142857142857,-45.428571428571445,5,15.443084909158324
2026-03-15,SKU-1020,Pasta,307.0,0,5643.0,14,False,360.0,406.0,389.14285714285717,400.42857142857144,411.7142857142857,-22.571428571428555,6,14.501101321585903
2026-03-16,SKU-1020,Pasta,382.0,0,5261.0,14,False,307.0,510.0,375.0,393.14285714285717,411.2857142857143,-36.28571428571428,0,14.029333333333334
2026-03-17,SKU-1020,Pasta,344.0,0,4917.0,14,False,382.0,299.0,356.7142857142857,394.92857142857144,433.14285714285717,-76.42857142857144,1,13.784140969162996
2026-03-18,SKU-1020,Pasta,504.0,0,4413.0,14,False,344.0,468.0,363.14285714285717,385.85714285714283,408.57142857142856,-45.42857142857139,2,12.1522423288749
2026-03-19,SKU-1020,Pasta,502.0,6823,10734.0,14,False,504.0,363.0,368.2857142857143,379.57142857142856,390.85714285714283,-22.571428571428555,3,29.145849495733128
2026-03-20,SKU-1020,Pasta,422.0,0,10312.0,14,False,502.0,318.0,388.14285714285717,387.57142857142856,387.0,1.1428571428571672,4,26.567537725432462
2026-03-21,SKU-1020,Pasta,396.0,0,9916.0,14,False,422.0,360.0,403.0,394.14285714285717,385.2857142857143,17.714285714285722,5,24.60545905707196
2026-03-22,SKU-1020,Pasta,299.0,0,9617.0,14,False,396.0,307.0,408.14285714285717,398.64285714285717,389.14285714285717,19.0,6,23.56282814140707
2026-03-23,SKU-1020,Pasta,299.0,0,9073.0,14,False,299.0,382.0,407.0,391.0,375.0,32.0,0,22.292383292383292
2026-03-24,SKU-1020,Pasta,293.0,0,8780.0,14,False,299.0,344.0,395.14285714285717,375.92857142857144,356.7142857142857,38.428571428571445,1,22.21981200289226
2026-03-25,SKU-1020,Pasta,293.0,0,8314.0,14,False,293.0,504.0,387.85714285714283,375.5,363.14285714285717,24.714285714285666,2,21.435727440147332
2026-03-26,SKU-1020,Pasta,161.0,0,8153.0,14,False,293.0,502.0,357.7142857142857,363.0,368.2857142857143,-10.571428571428555,3,22.791932907348244
2026-03-27,SKU-1020,Pasta,385.0,0,7768.0,14,False,161.0,422.0,309.0,348.57142857142856,388.14285714285717,-79.14285714285717,4,25.13915857605178
2026-03-28,SKU-1020,Pasta,508.0,0,7260.0,14,False,385.0,396.0,303.7142857142857,353.35714285714283,403.0,-99.28571428571428,5,23.904045155221073
2026-03-29,SKU-1020,Pasta,374.0,0,6886.0,14,False,508.0,299.0,319.7142857142857,363.92857142857144,408.14285714285717,-88.42857142857144,6,21.53798033958892
2026-03-30,SKU-1020,Pasta,381.0,0,6505.0,14,False,374.0,299.0,330.42857142857144,368.7142857142857,407.0,-76.57142857142856,0,19.686554258538692
2026-03-31,SKU-1020,Pasta,459.0,0,6046.0,14,False,381.0,293.0,342.14285714285717,368.64285714285717,395.14285714285717,-53.0,1,17.67098121085595
2026-04-01,SKU-1020,Pasta,460.0,0,5586.0,14,False,459.0,293.0,365.85714285714283,376.85714285714283,387.85714285714283,-22.0,2,15.268254588051544
2026-04-02,SKU-1020,Pasta,380.0,0,5206.0,14,False,460.0,161.0,389.7142857142857,373.7142857142857,357.7142857142857,32.0,3,13.358504398826978
2026-04-03,SKU-1020,Pasta,804.0,0,5206.0,14,False,380.0,385.0,421.0,365.0,309.0,112.0,4,12.365795724465558
2026-04-04,SKU-1020,Pasta,262.0,0,4140.0,14,False,804.0,508.0,480.85714285714283,392.2857142857143,303.7142857142857,177.1428571428571,5,8.609625668449198
2026-04-05,SKU-1020,Pasta,423.0,0,3717.0,14,False,262.0,374.0,445.7142857142857,382.7142857142857,319.7142857142857,126.0,6,8.339423076923076
2026-04-06,SKU-1020,Pasta,255.0,5771,9233.0,14,False,423.0,381.0,452.7142857142857,391.57142857142856,330.42857142857144,122.28571428571428,0,20.394761754496685
2026-04-07,SKU-1020,Pasta,358.0,0,8875.0,14,False,255.0,459.0,434.7142857142857,388.42857142857144,342.14285714285717,92.57142857142856,1,20.415708182714425
2026-04-08,SKU-1020,Pasta,450.0,0,8425.0,14,False,358.0,460.0,420.2857142857143,393.07142857142856,365.85714285714283,54.428571428571445,2,20.045887151597555
2026-04-09,SKU-1020,Pasta,298.0,0,8127.0,14,False,450.0,380.0,418.85714285714283,404.2857142857143,389.7142857142857,29.14285714285711,3,19.402796725784448
2026-04-10,SKU-1020,Pasta,540.0,0,7587.0,14,False,298.0,804.0,407.14285714285717,414.07142857142856,421.0,-13.857142857142833,4,18.634736842105262
2026-04-11,SKU-1020,Pasta,498.0,0,7089.0,14,False,540.0,262.0,369.42857142857144,425.14285714285717,480.85714285714283,-111.42857142857139,5,19.18909512761021
2026-04-12,SKU-1020,Pasta,380.0,0,6709.0,14,False,498.0,423.0,403.14285714285717,424.42857142857144,445.7142857142857,-42.571428571428555,6,16.641743444365698
2026-04-13,SKU-1020,Pasta,117.0,0,6592.0,14,False,380.0,255.0,397.0,424.85714285714283,452.7142857142857,-55.71428571428572,0,16.604534005037785
2026-04-14,SKU-1020,Pasta,591.0,0,6001.0,14,False,117.0,358.0,377.2857142857143,406.0,434.7142857142857,-57.428571428571445,1,15.905717531238167
2026-04-15,SKU-1020,Pasta,370.0,0,5631.0,14,False,591.0,450.0,410.57142857142856,415.42857142857144,420.2857142857143,-9.714285714285722,2,13.715031315240084
2026-04-16,SKU-1020,Pasta,479.0,0,5152.0,14,False,370.0,298.0,399.14285714285717,409.0,418.85714285714283,-19.714285714285666,3,12.907659269863993
2026-04-17,SKU-1020,Pasta,429.0,0,4723.0,14,False,479.0,540.0,425.0,416.07142857142856,407.14285714285717,17.857142857142833,4,11.112941176470589
2026-04-18,SKU-1020,Pasta,289.0,0,4434.0,14,False,429.0,498.0,409.14285714285717,389.2857142857143,369.42857142857144,39.71428571428572,5,10.837290502793296
2026-04-19,SKU-1020,Pasta,433.0,6581,10582.0,14,False,289.0,380.0,379.2857142857143,391.2142857142857,403.14285714285717,-23.85714285714289,6,27.899811676082862
2026-04-20,SKU-1020,Pasta,353.0,0,10229.0,14,False,433.0,117.0,386.85714285714283,391.92857142857144,397.0,-10.142857142857167,0,26.44128508124077
2026-04-21,SKU-1020,Pasta,431.0,0,9798.0,14,False,353.0,591.0,420.57142857142856,398.92857142857144,377.2857142857143,43.28571428571428,1,23.296875
2026-04-22,SKU-1020,Pasta,393.0,0,9405.0,14,False,431.0,370.0,397.7142857142857,404.14285714285717,410.57142857142856,-12.857142857142833,2,23.647629310344826
2026-04-23,SKU-1020,Pasta,529.0,0,8876.0,14,False,393.0,479.0,401.0,400.07142857142856,399.14285714285717,1.8571428571428328,3,22.134663341645886
2026-04-24,SKU-1020,Pasta,488.0,0,8388.0,14,False,529.0,429.0,408.14285714285717,416.57142857142856,425.0,-16.857142857142833,4,20.55162758137907
2026-04-25,SKU-1020,Pasta,478.0,0,7910.0,14,False,488.0,289.0,416.57142857142856,412.85714285714283,409.14285714285717,7.428571428571388,5,18.988340192043896
2026-04-26,SKU-1020,Pasta,470.0,0,7440.0,14,False,478.0,433.0,443.57142857142856,411.42857142857144,379.2857142857143,64.28571428571428,6,16.77294685990338
2026-04-27,SKU-1020,Pasta,253.0,0,7187.0,14,False,470.0,353.0,448.85714285714283,417.85714285714283,386.85714285714283,62.0,0,16.011775938892427
2026-04-28,SKU-1020,Pasta,470.0,0,6717.0,14,False,253.0,431.0,434.57142857142856,427.57142857142856,420.57142857142856,14.0,1,15.456607495069035
2026-04-29,SKU-1020,Pasta,454.0,0,6263.0,14,False,470.0,393.0,440.14285714285717,418.92857142857144,397.7142857142857,42.428571428571445,2,14.229470950989938
2026-04-30,SKU-1020,Pasta,284.0,0,5979.0,14,False,454.0,529.0,448.85714285714283,424.92857142857144,401.0,47.85714285714283,3,13.320496499045195
2026-05-01,SKU-1020,Pasta,285.0,0,5694.0,14,False,284.0,488.0,413.85714285714283,411.0,408.14285714285717,5.714285714285666,4,13.758370728339662
2026-05-02,SKU-1020,Pasta,518.0,0,5176.0,14,False,285.0,478.0,384.85714285714283,400.7142857142857,416.57142857142856,-31.714285714285722,5,13.449146250927988
2026-05-03,SKU-1020,Pasta,323.0,0,4853.0,14,False,518.0,470.0,390.57142857142856,417.07142857142856,443.57142857142856,-53.0,6,12.425384052670081
2026-05-04,SKU-1020,Pasta,443.0,0,4410.0,14,False,323.0,253.0,369.57142857142856,409.2142857142857,448.85714285714283,-79.28571428571428,0,11.932740626207963
2026-05-05,SKU-1020,Pasta,304.0,0,4106.0,14,False,443.0,470.0,396.7142857142857,415.64285714285717,434.57142857142856,-37.85714285714283,1,10.350018005041411
2026-05-06,SKU-1020,Pasta,176.0,0,3930.0,14,False,304.0,454.0,373.0,406.57142857142856,440.14285714285717,-67.14285714285717,2,10.536193029490617
2026-05-07,SKU-1020,Pasta,557.0,0,3373.0,14,False,176.0,284.0,333.2857142857143,391.07142857142856,448.85714285714283,-115.57142857142856,3,10.120445777968282
2026-05-08,SKU-1020,Pasta,305.0,5739,8807.0,14,False,557.0,285.0,372.2857142857143,393.07142857142856,413.85714285714283,-41.571428571428555,4,23.656561780506525
2026-05-09,SKU-1020,Pasta,422.0,0,8385.0,14,False,305.0,518.0,375.14285714285717,380.0,384.85714285714283,-9.714285714285666,5,22.35148514851485
2026-05-10,SKU-1020,Pasta,294.0,0,8091.0,14,False,422.0,323.0,361.42857142857144,376.0,390.57142857142856,-29.14285714285711,6,22.38616600790514
2026-05-11,SKU-1020,Pasta,822.0,0,7269.0,14,False,294.0,443.0,357.2857142857143,363.42857142857144,369.57142857142856,-12.285714285714278,0,20.345061975209916
2026-05-12,SKU-1020,Pasta,464.0,0,6805.0,14,False,822.0,304.0,411.42857142857144,404.07142857142856,396.7142857142857,14.714285714285722,1,16.539930555555554
2026-05-13,SKU-1020,Pasta,81.0,0,6724.0,14,False,464.0,176.0,434.2857142857143,403.64285714285717,373.0,61.28571428571428,2,15.482894736842105
2026-05-14,SKU-1020,Pasta,378.0,0,6346.0,14,False,81.0,557.0,420.7142857142857,377.0,333.2857142857143,87.42857142857144,3,15.083870967741936
2026-05-15,SKU-1020,Pasta,497.0,0,5849.0,14,False,378.0,305.0,395.14285714285717,383.7142857142857,372.2857142857143,22.85714285714289,4,14.80224150397686
2026-05-16,SKU-1020,Pasta,436.0,0,5413.0,14,False,497.0,422.0,422.57142857142856,398.85714285714283,375.14285714285717,47.42857142857139,5,12.809668695064232
2026-05-17,SKU-1020,Pasta,375.0,0,5038.0,14,False,436.0,294.0,424.57142857142856,393.0,361.42857142857144,63.14285714285711,6,11.866083445491252
2026-05-18,SKU-1020,Pasta,385.0,0,4653.0,14,False,375.0,822.0,436.14285714285717,396.7142857142857,357.2857142857143,78.85714285714289,0,10.66852276449394
2026-05-19,SKU-1020,Pasta,234.0,0,4419.0,14,False,385.0,464.0,373.7142857142857,392.57142857142856,411.42857142857144,-37.71428571428572,1,11.824541284403669
2026-05-20,SKU-1020,Pasta,629.0,0,3790.0,14,False,234.0,81.0,340.85714285714283,387.57142857142856,434.2857142857143,-93.42857142857144,2,11.119027661357922
2026-05-21,SKU-1020,Pasta,423.0,5773,9140.0,14,False,629.0,378.0,419.14285714285717,419.92857142857144,420.7142857142857,-1.5714285714285552,3,21.806407634628492
2026-05-22,SKU-1020,Pasta,331.0,0,8809.0,14,False,423.0,497.0,425.57142857142856,410.35714285714283,395.14285714285717,30.428571428571388,4,20.69922792883518
2026-05-23,SKU-1020,Pasta,273.0,0,8536.0,14,False,331.0,436.0,401.85714285714283,412.2142857142857,422.57142857142856,-20.714285714285722,5,21.24137931034483
2026-05-24,SKU-1020,Pasta,628.0,0,7908.0,14,False,273.0,375.0,378.57142857142856,401.57142857142856,424.57142857142856,-46.0,6,20.889056603773586
2026-05-25,SKU-1020,Pasta,352.0,0,7556.0,14,False,628.0,385.0,414.7142857142857,425.42857142857144,436.14285714285717,-21.428571428571445,0,18.21977264898381
2026-05-26,SKU-1020,Pasta,658.0,0,6898.0,14,False,352.0,234.0,410.0,391.85714285714283,373.7142857142857,36.28571428571428,1,16.82439024390244
2026-05-27,SKU-1020,Pasta,411.0,0,6487.0,14,False,658.0,629.0,470.57142857142856,405.7142857142857,340.85714285714283,129.71428571428572,2,13.785367334547663
2026-05-28,SKU-1020,Pasta,525.0,0,5962.0,14,False,411.0,423.0,439.42857142857144,429.2857142857143,419.14285714285717,20.285714285714278,3,13.567620286085825
2026-05-29,SKU-1020,Pasta,587.0,0,5375.0,14,False,525.0,331.0,454.0,439.7857142857143,425.57142857142856,28.428571428571445,4,11.83920704845815
2026-05-30,SKU-1020,Pasta,378.0,0,4997.0,14,False,587.0,273.0,490.57142857142856,446.2142857142857,401.85714285714283,88.71428571428572,5,10.186080372743158
2026-05-31,SKU-1020,Pasta,773.0,0,4224.0,14,False,378.0,628.0,505.57142857142856,442.07142857142856,378.57142857142856,127.0,6,8.354902514834698
2026-06-01,SKU-1020,Pasta,701.0,7760,11283.0,14,False,773.0,352.0,526.2857142857143,470.5,414.7142857142857,111.57142857142861,0,21.438925081433222
2026-06-02,SKU-1020,Pasta,428.0,0,10855.0,14,False,701.0,658.0,576.1428571428571,493.07142857142856,410.0,166.1428571428571,1,18.840813290354575
2026-06-03,SKU-1020,Pasta,463.0,0,10392.0,14,False,428.0,411.0,543.2857142857143,506.92857142857144,470.57142857142856,72.71428571428578,2,19.128056797265316
2026-06-04,SKU-1020,Pasta,406.0,0,9986.0,14,False,463.0,525.0,550.7142857142857,495.07142857142856,439.42857142857144,111.28571428571422,3,18.13281452658885
2026-06-05,SKU-1020,Pasta,515.0,0,9471.0,14,False,406.0,587.0,533.7142857142857,493.85714285714283,454.0,79.71428571428567,4,17.74544967880086
2026-06-06,SKU-1020,Pasta,511.0,0,8960.0,14,False,515.0,378.0,523.4285714285714,507.0,490.57142857142856,32.85714285714289,5,17.117903930131003
2026-06-07,SKU-1020,Pasta,387.0,0,8573.0,14,False,511.0,773.0,542.4285714285714,524.0,505.57142857142856,36.85714285714289,6,15.804845930998155
2026-06-08,SKU-1020,Pasta,541.0,0,8032.0,14,False,387.0,701.0,487.2857142857143,506.7857142857143,526.2857142857143,-39.00000000000006,0,16.48314277338024
2026-06-09,SKU-1020,Pasta,412.0,0,7620.0,14,False,541.0,428.0,464.42857142857144,520.2857142857143,576.1428571428571,-111.71428571428567,1,16.40725930482928
2026-06-10,SKU-1020,Pasta,412.0,0,7208.0,14,False,412.0,463.0,462.14285714285717,502.7142857142857,543.2857142857143,-81.14285714285717,2,15.596908809891808
2026-06-11,SKU-1020,Pasta,494.0,0,6714.0,14,False,412.0,406.0,454.85714285714283,502.7857142857143,550.7142857142857,-95.85714285714283,3,14.7606783919598
2026-06-12,SKU-1020,Pasta,352.0,0,6362.0,14,False,494.0,515.0,467.42857142857144,500.57142857142856,533.7142857142857,-66.28571428571422,4,13.610635696821516
2026-06-13,SKU-1020,Pasta,337.0,0,6025.0,14,False,352.0,511.0,444.14285714285717,483.7857142857143,523.4285714285714,-79.28571428571428,5,13.565455130266965
2026-06-14,SKU-1020,Pasta,423.0,0,5602.0,14,False,337.0,387.0,419.2857142857143,480.85714285714283,542.4285714285714,-123.14285714285717,6,13.360817717206134
2026-06-15,SKU-1020,Pasta,500.0,0,5102.0,14,False,423.0,541.0,424.42857142857144,455.85714285714283,487.2857142857143,-62.85714285714283,0,12.020868394479972
2026-06-16,SKU-1020,Pasta,96.0,0,5006.0,14,False,500.0,412.0,418.57142857142856,441.5,464.42857142857144,-45.85714285714289,1,11.959726962457339
2026-06-17,SKU-1020,Pasta,531.0,0,4475.0,14,False,96.0,412.0,373.42857142857144,417.7857142857143,462.14285714285717,-88.71428571428572,2,11.98355011476664
2026-06-18,SKU-1020,Pasta,1012.0,7104,10567.0,14,False,531.0,494.0,390.42857142857144,422.64285714285717,454.85714285714283,-64.42857142857139,3,27.065129893889498
2026-06-19,SKU-1020,Pasta,464.0,0,10103.0,14,False,1012.0,352.0,464.42857142857144,465.92857142857144,467.42857142857144,-3.0,4,21.75361427253153
2026-06-20,SKU-1020,Pasta,594.0,0,9509.0,14,False,464.0,337.0,480.42857142857144,462.2857142857143,444.14285714285717,36.28571428571428,5,19.79274457329765
2026-06-21,SKU-1020,Pasta,365.0,0,9144.0,14,False,594.0,423.0,517.1428571428571,468.2142857142857,419.2857142857143,97.85714285714283,6,17.681767955801106
2026-06-22,SKU-1020,Pasta,367.0,0,8777.0,14,False,365.0,500.0,508.85714285714283,466.64285714285717,424.42857142857144,84.42857142857139,0,17.248455923638407
2026-06-23,SKU-1020,Pasta,297.0,0,8480.0,14,False,367.0,96.0,489.85714285714283,454.2142857142857,418.57142857142856,71.28571428571428,1,17.31116943715369
2026-06-24,SKU-1020,Pasta,575.0,0,7905.0,14,False,297.0,531.0,518.5714285714286,446.0,373.42857142857144,145.1428571428571,2,15.243801652892563
2026-06-25,SKU-1020,Pasta,625.0,0,7280.0,14,False,575.0,1012.0,524.8571428571429,457.64285714285717,390.42857142857144,134.42857142857144,3,13.8704409363092
2026-06-26,SKU-1020,Pasta,329.0,0,6951.0,14,False,625.0,464.0,469.57142857142856,467.0,464.42857142857144,5.14285714285711,4,14.8028597505324
2026-06-27,SKU-1020,Pasta,349.0,0,6602.0,14,False,329.0,594.0,450.2857142857143,465.35714285714283,480.42857142857144,-30.142857142857167,5,14.661802030456853
2026-06-28,SKU-1020,Pasta,420.0,0,6182.0,14,False,349.0,365.0,415.2857142857143,466.2142857142857,517.1428571428571,-101.85714285714283,6,14.886136910904714
2026-06-29,SKU-1020,Pasta,425.0,0,5757.0,14,False,420.0,367.0,423.14285714285717,466.0,508.85714285714283,-85.71428571428567,0,13.605334233625928
2026-01-01,SKU-1021,Beverages,467.0,0,1625.0,10,False,,,,,,,3,
2026-01-02,SKU-1021,Beverages,307.0,0,1318.0,10,False,467.0,,,,,,4,
2026-01-03,SKU-1021,Beverages,317.0,4989,5990.0,10,False,307.0,,,,,,5,
2026-01-04,SKU-1021,Beverages,209.0,0,5781.0,10,False,317.0,,,,,,6,
2026-01-05,SKU-1021,Beverages,413.0,0,5368.0,10,False,209.0,,,,,,0,
2026-01-06,SKU-1021,Beverages,413.0,0,5025.0,10,False,413.0,,,,,,1,
2026-01-07,SKU-1021,Beverages,378.0,0,4647.0,10,False,413.0,,,,,,2,
2026-01-08,SKU-1021,Beverages,461.0,0,4186.0,10,False,378.0,467.0,357.7142857142857,,,,3,11.702076677316294
2026-01-09,SKU-1021,Beverages,360.0,0,3826.0,10,False,461.0,307.0,356.85714285714283,,,,4,10.721377101681346
2026-01-10,SKU-1021,Beverages,230.0,0,3596.0,10,False,360.0,317.0,364.42857142857144,,,,5,9.86750294002352
2026-01-11,SKU-1021,Beverages,289.0,0,3307.0,10,False,230.0,209.0,352.0,,,,6,9.394886363636363
2026-01-12,SKU-1021,Beverages,165.0,3736,6878.0,10,False,289.0,413.0,363.42857142857144,,,,0,18.925314465408803
2026-01-13,SKU-1021,Beverages,426.0,0,6452.0,10,False,165.0,413.0,328.0,,,,1,19.670731707317074
2026-01-14,SKU-1021,Beverages,427.0,0,6025.0,10,False,426.0,378.0,329.85714285714283,,,,2,18.265482893027286
2026-01-15,SKU-1021,Beverages,286.0,0,5739.0,10,False,427.0,461.0,336.85714285714283,347.2857142857143,357.7142857142857,-20.85714285714289,3,17.036895674300254
2026-01-16,SKU-1021,Beverages,355.0,0,5384.0,10,False,286.0,360.0,311.85714285714283,334.35714285714283,356.85714285714283,-45.0,4,17.26431516262025
2026-01-17,SKU-1021,Beverages,241.0,0,5143.0,10,False,355.0,230.0,311.14285714285717,337.7857142857143,364.42857142857144,-53.28571428571428,5,16.529384756657482
2026-01-18,SKU-1021,Beverages,405.0,0,4738.0,10,False,241.0,289.0,312.7142857142857,332.35714285714283,352.0,-39.28571428571428,6,15.151210598446779
2026-01-19,SKU-1021,Beverages,363.0,0,4375.0,10,False,405.0,165.0,329.2857142857143,346.35714285714283,363.42857142857144,-34.14285714285717,0,13.286334056399133
2026-01-20,SKU-1021,Beverages,358.0,0,4017.0,10,False,363.0,426.0,357.57142857142856,342.7857142857143,328.0,29.571428571428555,1,11.234119057131442
2026-01-21,SKU-1021,Beverages,393.0,3545,7169.0,10,False,358.0,427.0,347.85714285714283,338.85714285714283,329.85714285714283,18.0,2,20.609034907597536
2026-01-22,SKU-1021,Beverages,336.0,0,6833.0,10,False,393.0,286.0,343.0,339.92857142857144,336.85714285714283,6.142857142857167,3,19.92128279883382
2026-01-23,SKU-1021,Beverages,328.0,0,6505.0,10,False,336.0,355.0,350.14285714285717,331.0,311.85714285714283,38.285714285714334,4,18.578131374949
2026-01-24,SKU-1021,Beverages,215.0,0,6290.0,10,False,328.0,241.0,346.2857142857143,328.7142857142857,311.14285714285717,35.14285714285711,5,18.164191419141915
2026-01-25,SKU-1021,Beverages,190.0,0,6100.0,10,False,215.0,405.0,342.57142857142856,327.64285714285717,312.7142857142857,29.857142857142833,6,17.806505421184323
2026-01-26,SKU-1021,Beverages,297.0,0,5803.0,10,False,190.0,363.0,311.85714285714283,320.57142857142856,329.2857142857143,-17.428571428571445,0,18.607879065506186
2026-01-27,SKU-1021,Beverages,403.0,0,5400.0,10,False,297.0,358.0,302.42857142857144,330.0,357.57142857142856,-55.14285714285711,1,17.85545583372697
2026-01-28,SKU-1021,Beverages,533.0,0,4867.0,10,False,403.0,393.0,308.85714285714283,328.35714285714283,347.85714285714283,-39.0,2,15.758094357076782
2026-01-29,SKU-1021,Beverages,374.0,0,4493.0,10,False,533.0,336.0,328.85714285714283,335.92857142857144,343.0,-14.142857142857167,3,13.662467419635101
2026-01-30,SKU-1021,Beverages,318.0,0,4175.0,10,False,374.0,328.0,334.2857142857143,342.2142857142857,350.14285714285717,-15.85714285714289,4,12.48931623931624
2026-01-31,SKU-1021,Beverages,155.0,0,4020.0,10,False,318.0,215.0,332.85714285714283,339.57142857142856,346.2857142857143,-13.428571428571445,5,12.07725321888412
2026-02-01,SKU-1021,Beverages,361.0,0,3659.0,10,False,155.0,190.0,324.2857142857143,333.42857142857144,342.57142857142856,-18.285714285714278,6,11.283259911894273
2026-02-02,SKU-1021,Beverages,389.0,0,3270.0,10,False,361.0,297.0,348.7142857142857,330.2857142857143,311.85714285714283,36.85714285714289,0,9.377304383449406
2026-02-03,SKU-1021,Beverages,501.0,0,2769.0,10,False,389.0,403.0,361.85714285714283,332.14285714285717,302.42857142857144,59.42857142857139,1,7.6521910777733915
2026-02-04,SKU-1021,Beverages,597.0,4268,6440.0,10,False,501.0,533.0,375.85714285714283,342.35714285714283,308.85714285714283,67.0,2,17.134169517293806
2026-02-05,SKU-1021,Beverages,407.0,0,6033.0,10,False,597.0,374.0,385.0,356.92857142857144,328.85714285714283,56.14285714285717,3,15.67012987012987
2026-02-06,SKU-1021,Beverages,302.0,0,5731.0,10,False,407.0,318.0,389.7142857142857,362.0,334.2857142857143,55.428571428571445,4,14.705645161290322
2026-02-07,SKU-1021,Beverages,289.0,0,5442.0,10,False,302.0,155.0,387.42857142857144,360.14285714285717,332.85714285714283,54.57142857142861,5,14.04646017699115
2026-02-08,SKU-1021,Beverages,295.0,0,5147.0,10,False,289.0,361.0,406.57142857142856,365.42857142857144,324.2857142857143,82.28571428571428,6,12.659522136331693
2026-02-09,SKU-1021,Beverages,338.0,0,4809.0,10,False,295.0,389.0,397.14285714285717,372.92857142857144,348.7142857142857,48.428571428571445,0,12.108992805755395
2026-02-10,SKU-1021,Beverages,294.0,0,4515.0,10,False,338.0,501.0,389.85714285714283,375.85714285714283,361.85714285714283,28.0,1,11.581165262000734
2026-02-11,SKU-1021,Beverages,519.0,0,3996.0,10,False,294.0,597.0,360.2857142857143,368.07142857142856,375.85714285714283,-15.571428571428555,2,11.091197462331483
2026-02-12,SKU-1021,Beverages,522.0,0,3474.0,10,False,519.0,407.0,349.14285714285717,367.07142857142856,385.0,-35.85714285714283,3,9.950081833060556
2026-02-13,SKU-1021,Beverages,414.0,5277,8337.0,10,False,522.0,302.0,365.57142857142856,377.64285714285717,389.7142857142857,-24.142857142857167,4,22.805392731535758
2026-02-14,SKU-1021,Beverages,351.0,0,7986.0,10,False,414.0,289.0,381.57142857142856,384.5,387.42857142857144,-5.85714285714289,5,20.929239985024335
2026-02-15,SKU-1021,Beverages,284.0,0,7702.0,10,False,351.0,295.0,390.42857142857144,398.5,406.57142857142856,-16.14285714285711,6,19.72703988291255
2026-02-16,SKU-1021,Beverages,330.0,0,7372.0,10,False,284.0,338.0,388.85714285714283,393.0,397.14285714285717,-8.285714285714334,0,18.95811903012491
2026-02-17,SKU-1021,Beverages,864.0,0,6508.0,10,False,330.0,294.0,387.7142857142857,388.7857142857143,389.85714285714283,-2.1428571428571104,1,16.785556374355195
2026-02-18,SKU-1021,Beverages,390.0,0,6118.0,10,False,864.0,519.0,469.14285714285717,414.7142857142857,360.2857142857143,108.85714285714289,2,13.040803897685748
2026-02-19,SKU-1021,Beverages,223.0,0,5895.0,10,False,390.0,522.0,450.7142857142857,399.92857142857144,349.14285714285717,101.57142857142856,3,13.079239302694136
2026-02-20,SKU-1021,Beverages,409.0,0,5486.0,10,False,223.0,414.0,408.0,386.7857142857143,365.57142857142856,42.428571428571445,4,13.446078431372548
2026-02-21,SKU-1021,Beverages,358.0,0,5128.0,10,False,409.0,351.0,407.2857142857143,394.42857142857144,381.57142857142856,25.714285714285722,5,12.5906699403718
2026-02-22,SKU-1021,Beverages,384.0,0,4744.0,10,False,358.0,284.0,408.2857142857143,399.35714285714283,390.42857142857144,17.857142857142833,6,11.619314205738279
2026-02-23,SKU-1021,Beverages,499.0,0,4245.0,10,False,384.0,330.0,422.57142857142856,405.7142857142857,388.85714285714283,33.71428571428572,0,10.045638945233266
2026-02-24,SKU-1021,Beverages,319.0,0,3926.0,10,False,499.0,864.0,446.7142857142857,417.2142857142857,387.7142857142857,59.0,1,8.788615286216821
2026-02-25,SKU-1021,Beverages,518.0,0,3408.0,10,False,319.0,390.0,368.85714285714283,419.0,469.14285714285717,-100.28571428571433,2,9.239349341595663
2026-02-26,SKU-1021,Beverages,349.0,0,3059.0,10,False,518.0,223.0,387.14285714285717,418.92857142857144,450.7142857142857,-63.571428571428555,3,7.9014760147601475
2026-02-27,SKU-1021,Beverages,377.0,0,2682.0,10,False,349.0,409.0,405.14285714285717,406.57142857142856,408.0,-2.857142857142833,4,6.619887165021156
2026-02-28,SKU-1021,Beverages,410.0,0,2272.0,10,False,377.0,358.0,400.57142857142856,403.92857142857144,407.2857142857143,-6.714285714285722,5,5.671897289586306
2026-03-01,SKU-1021,Beverages,191.0,0,2081.0,10,False,410.0,384.0,408.0,408.14285714285717,408.2857142857143,-0.2857142857142776,6,5.1004901960784315
2026-03-02,SKU-1021,Beverages,294.0,4283,6070.0,10,False,191.0,499.0,380.42857142857144,401.5,422.57142857142856,-42.14285714285711,0,15.955689072474652
2026-03-03,SKU-1021,Beverages,385.0,0,5685.0,10,False,294.0,319.0,351.14285714285717,398.92857142857144,446.7142857142857,-95.57142857142856,1,16.189991863303497
2026-03-04,SKU-1021,Beverages,474.0,0,5211.0,10,False,385.0,518.0,360.57142857142856,364.7142857142857,368.85714285714283,-8.285714285714278,2,14.452060221870049
2026-03-05,SKU-1021,Beverages,459.0,0,4752.0,10,False,474.0,349.0,354.2857142857143,370.7142857142857,387.14285714285717,-32.85714285714289,3,13.412903225806453
2026-03-06,SKU-1021,Beverages,339.0,0,4413.0,10,False,459.0,377.0,370.0,387.57142857142856,405.14285714285717,-35.14285714285717,4,11.927027027027027
2026-03-07,SKU-1021,Beverages,301.0,0,4112.0,10,False,339.0,410.0,364.57142857142856,382.57142857142856,400.57142857142856,-36.0,5,11.278996865203762
2026-03-08,SKU-1021,Beverages,313.0,0,3799.0,10,False,301.0,191.0,349.0,378.5,408.0,-59.0,6,10.885386819484241
2026-03-09,SKU-1021,Beverages,334.0,0,3465.0,10,False,313.0,294.0,366.42857142857144,373.42857142857144,380.42857142857144,-14.0,0,9.456140350877192
2026-03-10,SKU-1021,Beverages,463.0,4263,7265.0,10,False,334.0,385.0,372.14285714285717,361.64285714285717,351.14285714285717,21.0,1,19.52207293666027
2026-03-11,SKU-1021,Beverages,514.0,0,6751.0,10,False,463.0,474.0,383.2857142857143,371.92857142857144,360.57142857142856,22.714285714285722,2,17.613492359299293
2026-03-12,SKU-1021,Beverages,840.0,0,5911.0,10,False,514.0,459.0,389.0,371.64285714285717,354.2857142857143,34.71428571428572,3,15.195372750642674
2026-03-13,SKU-1021,Beverages,316.0,0,5595.0,10,False,840.0,339.0,443.42857142857144,406.7142857142857,370.0,73.42857142857144,4,12.617590206185566
2026-03-14,SKU-1021,Beverages,107.0,0,5488.0,10,False,316.0,301.0,440.14285714285717,402.35714285714283,364.57142857142856,75.57142857142861,5,12.468679000324569
2026-03-15,SKU-1021,Beverages,351.0,0,5137.0,10,False,107.0,313.0,412.42857142857144,380.7142857142857,349.0,63.428571428571445,6,12.45549012816072
2026-03-16,SKU-1021,Beverages,355.0,0,5137.0,10,False,351.0,334.0,417.85714285714283,392.14285714285717,366.42857142857144,51.42857142857139,0,12.293675213675215
2026-03-17,SKU-1021,Beverages,490.0,0,4292.0,10,False,355.0,463.0,420.85714285714283,396.5,372.14285714285717,48.714285714285666,1,10.198234894772574
2026-03-18,SKU-1021,Beverages,413.0,0,3879.0,10,False,490.0,514.0,424.7142857142857,404.0,383.2857142857143,41.428571428571445,2,9.133198789101916
2026-03-19,SKU-1021,Beverages,397.0,4707,8189.0,10,False,413.0,840.0,410.2857142857143,399.64285714285717,389.0,21.285714285714278,3,19.959261838440113
2026-03-20,SKU-1021,Beverages,227.0,0,7962.0,10,False,397.0,316.0,347.0,395.2142857142857,443.42857142857144,-96.42857142857144,4,22.945244956772335
2026-03-21,SKU-1021,Beverages,351.0,0,7611.0,10,False,227.0,107.0,334.2857142857143,387.2142857142857,440.14285714285717,-105.85714285714289,5,22.76794871794872
2026-03-22,SKU-1021,Beverages,661.0,0,7611.0,10,False,351.0,351.0,369.14285714285717,390.7857142857143,412.42857142857144,-43.28571428571428,6,20.618034055727552
2026-03-23,SKU-1021,Beverages,319.0,0,6631.0,10,False,661.0,355.0,413.42857142857144,415.64285714285717,417.85714285714283,-4.428571428571388,0,16.03904630269523
2026-03-24,SKU-1021,Beverages,432.0,0,6199.0,10,False,319.0,490.0,408.2857142857143,414.57142857142856,420.85714285714283,-12.571428571428555,1,15.18299510146956
2026-03-25,SKU-1021,Beverages,613.0,0,5586.0,10,False,432.0,413.0,400.0,412.35714285714283,424.7142857142857,-24.714285714285722,2,13.965
2026-03-26,SKU-1021,Beverages,387.0,0,5199.0,10,False,613.0,397.0,428.57142857142856,419.42857142857144,410.2857142857143,18.285714285714278,3,12.131
2026-03-27,SKU-1021,Beverages,294.0,0,4905.0,10,False,387.0,227.0,427.14285714285717,387.07142857142856,347.0,80.14285714285717,4,11.483277591973243
2026-03-28,SKU-1021,Beverages,163.0,0,4742.0,10,False,294.0,351.0,436.7142857142857,385.5,334.2857142857143,102.42857142857144,5,10.858357867190055
2026-03-29,SKU-1021,Beverages,486.0,0,4256.0,10,False,163.0,661.0,409.85714285714283,389.5,369.14285714285717,40.714285714285666,6,10.3841059602649
2026-03-30,SKU-1021,Beverages,191.0,0,4065.0,10,False,486.0,319.0,384.85714285714283,399.14285714285717,413.42857142857144,-28.571428571428612,0,10.562360801781738
2026-03-31,SKU-1021,Beverages,417.0,5075,8723.0,10,False,191.0,432.0,366.57142857142856,387.42857142857144,408.2857142857143,-41.71428571428572,1,23.79618082618862
2026-04-01,SKU-1021,Beverages,503.0,0,8220.0,10,False,417.0,613.0,364.42857142857144,382.2142857142857,400.0,-35.571428571428555,2,22.555860446883575
2026-04-02,SKU-1021,Beverages,503.0,0,7905.0,10,False,503.0,387.0,348.7142857142857,388.64285714285717,428.57142857142856,-79.85714285714283,3,22.668988119623105
2026-04-03,SKU-1021,Beverages,326.0,0,7579.0,10,False,503.0,294.0,365.2857142857143,396.2142857142857,427.14285714285717,-61.85714285714289,4,20.74814235432147
2026-04-04,SKU-1021,Beverages,329.0,0,7250.0,10,False,326.0,163.0,369.85714285714283,403.2857142857143,436.7142857142857,-66.85714285714289,5,19.602162997296254
2026-04-05,SKU-1021,Beverages,373.0,0,6877.0,10,False,329.0,486.0,393.57142857142856,401.7142857142857,409.85714285714283,-16.285714285714278,6,17.473321234119783
2026-04-06,SKU-1021,Beverages,392.0,0,6485.0,10,False,373.0,191.0,377.42857142857144,381.14285714285717,384.85714285714283,-7.428571428571388,0,17.182059046177137
2026-04-07,SKU-1021,Beverages,537.0,0,5948.0,10,False,392.0,417.0,406.14285714285717,386.35714285714283,366.57142857142856,39.57142857142861,1,14.64509321139641
2026-04-08,SKU-1021,Beverages,427.0,0,5521.0,10,False,537.0,503.0,423.2857142857143,393.85714285714283,364.42857142857144,58.85714285714283,2,13.04319946000675
2026-04-09,SKU-1021,Beverages,440.0,0,5081.0,10,False,427.0,503.0,412.42857142857144,380.57142857142856,348.7142857142857,63.71428571428572,3,12.319709040526497
2026-04-10,SKU-1021,Beverages,269.0,0,5081.0,10,False,440.0,326.0,403.42857142857144,384.35714285714283,365.2857142857143,38.14285714285717,4,12.594546742209632
2026-04-11,SKU-1021,Beverages,226.0,0,4586.0,10,False,269.0,329.0,395.2857142857143,382.57142857142856,369.85714285714283,25.428571428571445,5,11.60173473075533
2026-04-12,SKU-1021,Beverages,287.0,0,4299.0,10,False,226.0,373.0,380.57142857142856,387.07142857142856,393.57142857142856,-13.0,6,11.296171171171173
2026-04-13,SKU-1021,Beverages,400.0,0,3899.0,10,False,287.0,392.0,368.2857142857143,372.85714285714283,377.42857142857144,-9.142857142857167,0,10.58688906128782
2026-04-14,SKU-1021,Beverages,576.0,0,3323.0,10,False,400.0,537.0,369.42857142857144,387.7857142857143,406.14285714285717,-36.71428571428572,1,8.994972931167826
2026-04-15,SKU-1021,Beverages,420.0,0,2903.0,10,False,576.0,427.0,375.0,399.14285714285717,423.2857142857143,-48.28571428571428,2,7.741333333333333
2026-04-16,SKU-1021,Beverages,528.0,0,2375.0,10,False,420.0,440.0,374.0,393.2142857142857,412.42857142857144,-38.428571428571445,3,6.350267379679145
2026-04-17,SKU-1021,Beverages,524.0,0,1851.0,10,False,528.0,269.0,386.57142857142856,395.0,403.42857142857144,-16.85714285714289,4,4.788248337028825
2026-04-18,SKU-1021,Beverages,410.0,0,1441.0,10,False,524.0,226.0,423.0,409.14285714285717,395.2857142857143,27.714285714285722,5,3.4066193853427897
2026-04-19,SKU-1021,Beverages,242.0,0,1199.0,10,False,410.0,287.0,449.2857142857143,414.92857142857144,380.57142857142856,68.71428571428572,6,2.6686804451510335
2026-04-20,SKU-1021,Beverages,397.0,5039,5841.0,10,False,242.0,400.0,442.85714285714283,405.57142857142856,368.2857142857143,74.57142857142856,0,13.189354838709678
2026-04-21,SKU-1021,Beverages,307.0,0,5534.0,10,False,397.0,576.0,442.42857142857144,405.92857142857144,369.42857142857144,73.0,1,12.5082337746206
2026-04-22,SKU-1021,Beverages,615.0,0,4919.0,10,False,307.0,420.0,404.0,389.5,375.0,29.0,2,12.175742574257425
2026-04-23,SKU-1021,Beverages,442.0,0,4477.0,10,False,615.0,528.0,431.85714285714283,402.92857142857144,374.0,57.85714285714283,3,10.366854118425406
2026-04-24,SKU-1021,Beverages,341.0,0,4136.0,10,False,442.0,524.0,419.57142857142856,403.07142857142856,386.57142857142856,33.0,4,9.857677902621724
2026-04-25,SKU-1021,Beverages,323.0,0,3813.0,10,False,341.0,410.0,393.42857142857144,408.2142857142857,423.0,-29.571428571428555,5,9.691721132897603
2026-04-26,SKU-1021,Beverages,299.0,0,3514.0,10,False,323.0,242.0,381.0,415.14285714285717,449.2857142857143,-68.28571428571428,6,9.223097112860893
2026-04-27,SKU-1021,Beverages,274.0,0,3240.0,10,False,299.0,397.0,389.14285714285717,416.0,442.85714285714283,-53.714285714285666,0,8.325991189427313
2026-04-28,SKU-1021,Beverages,444.0,0,2796.0,10,False,274.0,307.0,371.57142857142856,407.0,442.42857142857144,-70.85714285714289,1,7.52479815455594
2026-04-29,SKU-1021,Beverages,579.0,0,2217.0,10,False,444.0,615.0,391.14285714285717,397.57142857142856,404.0,-12.857142857142833,2,5.668005843681519
2026-04-30,SKU-1021,Beverages,495.0,4210,5932.0,10,False,579.0,442.0,386.0,408.92857142857144,431.85714285714283,-45.85714285714283,3,15.367875647668393
2026-05-01,SKU-1021,Beverages,546.0,0,5386.0,10,False,495.0,341.0,393.57142857142856,406.57142857142856,419.57142857142856,-26.0,4,13.684936479128858
2026-05-02,SKU-1021,Beverages,425.0,0,4961.0,10,False,546.0,323.0,422.85714285714283,408.14285714285717,393.42857142857144,29.428571428571388,5,11.732094594594596
2026-05-03,SKU-1021,Beverages,346.0,0,4615.0,10,False,425.0,299.0,437.42857142857144,409.2142857142857,381.0,56.428571428571445,6,10.550293925538863
2026-05-04,SKU-1021,Beverages,290.0,0,4325.0,10,False,346.0,274.0,444.14285714285717,416.64285714285717,389.14285714285717,55.0,0,9.737857832100353
2026-05-05,SKU-1021,Beverages,396.0,0,3929.0,10,False,290.0,444.0,446.42857142857144,409.0,371.57142857142856,74.85714285714289,1,8.80096
2026-05-06,SKU-1021,Beverages,416.0,4621,8134.0,10,False,396.0,579.0,439.57142857142856,415.35714285714283,391.14285714285717,48.42857142857139,2,18.504387390315244
2026-05-07,SKU-1021,Beverages,397.0,0,7737.0,10,False,416.0,495.0,416.2857142857143,401.14285714285717,386.0,30.285714285714278,3,18.58579272477694
2026-05-08,SKU-1021,Beverages,301.0,0,7436.0,10,False,397.0,546.0,402.2857142857143,397.92857142857144,393.57142857142856,8.714285714285722,4,18.484375
2026-05-09,SKU-1021,Beverages,304.0,0,7132.0,10,False,301.0,425.0,367.2857142857143,395.07142857142856,422.85714285714283,-55.571428571428555,5,19.41812524309607
2026-05-10,SKU-1021,Beverages,373.0,0,6759.0,10,False,304.0,346.0,350.0,393.7142857142857,437.42857142857144,-87.42857142857144,6,19.31142857142857
2026-05-11,SKU-1021,Beverages,437.0,0,6322.0,10,False,373.0,290.0,353.85714285714283,399.0,444.14285714285717,-90.28571428571433,0,17.86596689543803
2026-05-12,SKU-1021,Beverages,507.0,0,5815.0,10,False,437.0,396.0,374.85714285714283,410.64285714285717,446.42857142857144,-71.57142857142861,1,15.512576219512196
2026-05-13,SKU-1021,Beverages,441.0,0,5374.0,10,False,507.0,416.0,390.7142857142857,415.14285714285717,439.57142857142856,-48.85714285714283,2,13.754296160877514
2026-05-14,SKU-1021,Beverages,484.0,0,4890.0,10,False,441.0,397.0,394.2857142857143,405.2857142857143,416.2857142857143,-22.0,3,12.402173913043478
2026-05-15,SKU-1021,Beverages,481.0,0,4409.0,10,False,484.0,301.0,406.7142857142857,404.5,402.2857142857143,4.428571428571445,4,10.840533895328416
2026-05-16,SKU-1021,Beverages,280.0,0,4129.0,10,False,481.0,304.0,432.42857142857144,399.85714285714283,367.2857142857143,65.14285714285717,5,9.54839775355137
2026-05-17,SKU-1021,Beverages,360.0,0,3769.0,10,False,280.0,373.0,429.0,389.5,350.0,79.0,6,8.785547785547786
2026-05-18,SKU-1021,Beverages,459.0,0,3310.0,10,False,360.0,437.0,427.14285714285717,390.5,353.85714285714283,73.28571428571433,0,7.749163879598662
2026-05-19,SKU-1021,Beverages,366.0,0,2944.0,10,False,459.0,507.0,430.2857142857143,402.57142857142856,374.85714285714283,55.428571428571445,1,6.841965471447543
2026-05-20,SKU-1021,Beverages,412.0,0,2532.0,10,False,366.0,441.0,410.14285714285717,400.42857142857144,390.7142857142857,19.428571428571445,2,6.173458725182862
2026-05-21,SKU-1021,Beverages,621.0,0,1911.0,10,False,412.0,484.0,406.0,400.14285714285717,394.2857142857143,11.714285714285722,3,4.706896551724138
2026-05-22,SKU-1021,Beverages,369.0,0,1542.0,10,False,621.0,481.0,425.57142857142856,416.14285714285717,406.7142857142857,18.857142857142833,4,3.623363544813696
2026-05-23,SKU-1021,Beverages,296.0,0,1246.0,10,False,369.0,280.0,409.57142857142856,421.0,432.42857142857144,-22.85714285714289,5,3.0422043948378095
2026-05-24,SKU-1021,Beverages,289.0,4459,5416.0,10,False,296.0,360.0,411.85714285714283,420.42857142857144,429.0,-17.142857142857167,6,13.150190773499828
2026-05-25,SKU-1021,Beverages,363.0,0,5053.0,10,False,289.0,459.0,401.7142857142857,414.42857142857144,427.14285714285717,-25.428571428571445,0,12.578591749644382
2026-05-26,SKU-1021,Beverages,434.0,0,4619.0,10,False,363.0,366.0,388.0,409.14285714285717,430.2857142857143,-42.28571428571428,1,11.904639175257731
2026-05-27,SKU-1021,Beverages,318.0,0,4301.0,10,False,434.0,412.0,397.7142857142857,403.92857142857144,410.14285714285717,-12.428571428571445,2,10.814295977011493
2026-05-28,SKU-1021,Beverages,526.0,0,3775.0,10,False,318.0,621.0,384.2857142857143,395.14285714285717,406.0,-21.714285714285722,3,9.823420074349443
2026-05-29,SKU-1021,Beverages,306.0,4380,7849.0,10,False,526.0,369.0,370.7142857142857,398.14285714285717,425.57142857142856,-54.85714285714283,4,21.172639691714835
2026-05-30,SKU-1021,Beverages,286.0,0,7563.0,10,False,306.0,296.0,361.7142857142857,385.64285714285717,409.57142857142856,-47.85714285714283,5,20.908767772511847
2026-05-31,SKU-1021,Beverages,275.0,0,7288.0,10,False,286.0,289.0,360.2857142857143,386.07142857142856,411.85714285714283,-51.571428571428555,6,20.228390166534496
2026-06-01,SKU-1021,Beverages,275.0,0,7013.0,10,False,275.0,363.0,358.2857142857143,380.0,401.7142857142857,-43.428571428571445,0,19.573763955342905
2026-06-02,SKU-1021,Beverages,366.0,0,7013.0,10,False,275.0,434.0,345.7142857142857,366.85714285714283,388.0,-42.28571428571428,1,20.285537190082643
2026-06-03,SKU-1021,Beverages,430.0,0,6217.0,10,False,366.0,318.0,336.0,366.85714285714283,397.7142857142857,-61.71428571428572,2,18.50297619047619
2026-06-04,SKU-1021,Beverages,472.0,0,6217.0,10,False,430.0,526.0,352.0,368.14285714285717,384.2857142857143,-32.28571428571428,3,17.661931818181817
2026-06-05,SKU-1021,Beverages,246.0,0,5499.0,10,False,472.0,306.0,344.2857142857143,357.5,370.7142857142857,-26.428571428571445,4,15.972199170124481
2026-06-06,SKU-1021,Beverages,400.0,0,5099.0,10,False,246.0,286.0,335.7142857142857,348.7142857142857,361.7142857142857,-26.0,5,15.188510638297872
2026-06-07,SKU-1021,Beverages,299.0,0,4800.0,10,False,400.0,275.0,352.0,356.14285714285717,360.2857142857143,-8.285714285714278,6,13.636363636363637
2026-06-08,SKU-1021,Beverages,476.0,0,4324.0,10,False,299.0,275.0,355.42857142857144,356.85714285714283,358.2857142857143,-2.857142857142833,0,12.165594855305466
2026-06-09,SKU-1021,Beverages,625.0,0,3699.0,10,False,476.0,366.0,384.14285714285717,364.92857142857144,345.7142857142857,38.428571428571445,1,9.629230197099293
2026-06-10,SKU-1021,Beverages,412.0,0,3287.0,10,False,625.0,430.0,421.14285714285717,378.57142857142856,336.0,85.14285714285717,2,7.80495251017639
2026-06-11,SKU-1021,Beverages,412.0,0,2916.0,10,False,412.0,472.0,418.57142857142856,385.2857142857143,352.0,66.57142857142856,3,6.966552901023891
2026-06-12,SKU-1021,Beverages,297.0,0,2619.0,10,False,412.0,246.0,410.0,377.14285714285717,344.2857142857143,65.71428571428572,4,6.38780487804878
2026-06-13,SKU-1021,Beverages,420.0,0,2199.0,10,False,297.0,400.0,417.2857142857143,376.5,335.7142857142857,81.57142857142856,5,5.269770626497775
2026-06-14,SKU-1021,Beverages,348.0,0,1851.0,10,False,420.0,299.0,420.14285714285717,386.07142857142856,352.0,68.14285714285717,6,4.405644338660319
2026-06-15,SKU-1021,Beverages,476.0,0,1375.0,10,False,348.0,476.0,427.14285714285717,391.2857142857143,355.42857142857144,71.71428571428572,0,3.2190635451505014
2026-06-16,SKU-1021,Beverages,564.0,0,811.0,10,False,476.0,625.0,427.14285714285717,405.64285714285717,384.14285714285717,43.0,1,1.8986622073578594
2026-06-17,SKU-1021,Beverages,466.0,0,345.0,10,False,564.0,412.0,418.42857142857144,419.7857142857143,421.14285714285717,-2.7142857142857224,2,0.8245134858313418
2026-06-18,SKU-1021,Beverages,499.0,0,0.0,10,False,466.0,412.0,426.14285714285717,422.35714285714283,418.57142857142856,7.571428571428612,3,0.0
2026-06-19,SKU-1021,Beverages,365.0,0,0.0,10,False,499.0,297.0,438.57142857142856,424.2857142857143,410.0,28.571428571428555,4,0.0
2026-06-20,SKU-1021,Beverages,364.0,0,0.0,10,False,365.0,420.0,448.2857142857143,432.7857142857143,417.2857142857143,31.0,5,0.0
2026-06-21,SKU-1021,Beverages,328.0,0,0.0,10,False,364.0,348.0,440.2857142857143,430.2142857142857,420.14285714285717,20.14285714285711,6,0.0
2026-06-22,SKU-1021,Beverages,333.0,0,0.0,10,False,328.0,476.0,437.42857142857144,432.2857142857143,427.14285714285717,10.285714285714278,0,0.0
2026-06-23,SKU-1021,Beverages,438.0,0,0.0,10,False,333.0,564.0,417.0,422.07142857142856,427.14285714285717,-10.142857142857167,1,0.0
2026-06-24,SKU-1021,Beverages,439.0,0,0.0,10,False,438.0,466.0,399.0,408.7142857142857,418.42857142857144,-19.428571428571445,2,0.0
2026-06-25,SKU-1021,Beverages,366.0,4495,4129.0,10,False,439.0,499.0,395.14285714285717,410.64285714285717,426.14285714285717,-31.0,3,10.449385394070859
2026-06-26,SKU-1021,Beverages,297.0,0,3832.0,10,False,366.0,365.0,376.14285714285717,407.35714285714283,438.57142857142856,-62.42857142857139,4,10.187618685909609
2026-06-27,SKU-1021,Beverages,314.0,0,3518.0,10,False,297.0,364.0,366.42857142857144,407.35714285714283,448.2857142857143,-81.85714285714283,5,9.600779727095516
2026-06-28,SKU-1021,Beverages,238.0,0,3280.0,10,False,314.0,328.0,359.2857142857143,399.7857142857143,440.2857142857143,-81.0,6,9.129224652087474
2026-06-29,SKU-1021,Beverages,439.0,3640,6481.0,10,False,238.0,333.0,346.42857142857144,391.92857142857144,437.42857142857144,-91.0,0,18.708041237113402
2026-01-01,SKU-1022,Snacks,207.0,0,834.0,3,False,,,,,,,3,
2026-01-02,SKU-1022,Snacks,141.0,0,693.0,3,False,207.0,,,,,,4,
2026-01-03,SKU-1022,Snacks,174.0,0,519.0,3,False,141.0,,,,,,5,
2026-01-04,SKU-1022,Snacks,110.0,739,1148.0,3,False,174.0,,,,,,6,
2026-01-05,SKU-1022,Snacks,211.0,0,937.0,3,False,110.0,,,,,,0,
2026-01-06,SKU-1022,Snacks,206.0,0,731.0,3,False,211.0,,,,,,1,
2026-01-07,SKU-1022,Snacks,179.0,0,552.0,3,False,206.0,,,,,,2,
2026-01-08,SKU-1022,Snacks,182.0,619,989.0,3,False,179.0,207.0,175.42857142857142,,,,3,5.637622149837134
2026-01-09,SKU-1022,Snacks,157.0,0,832.0,3,False,182.0,141.0,171.85714285714286,,,,4,4.84123025768911
2026-01-10,SKU-1022,Snacks,80.0,0,752.0,3,False,157.0,174.0,174.14285714285714,,,,5,4.318293683347006
2026-01-11,SKU-1022,Snacks,200.0,0,552.0,3,False,80.0,110.0,160.71428571428572,,,,6,3.4346666666666663
2026-01-12,SKU-1022,Snacks,164.0,545,933.0,3,False,200.0,211.0,173.57142857142858,,,,0,5.375308641975308
2026-01-13,SKU-1022,Snacks,184.0,0,749.0,3,False,164.0,206.0,166.85714285714286,,,,1,4.488869863013699
2026-01-14,SKU-1022,Snacks,184.0,0,565.0,3,False,184.0,179.0,163.71428571428572,,,,2,3.451134380453752
2026-01-15,SKU-1022,Snacks,170.0,593,988.0,3,False,184.0,182.0,164.42857142857142,169.92857142857142,175.42857142857142,-11.0,3,6.00868809730669
2026-01-16,SKU-1022,Snacks,162.0,0,826.0,3,False,170.0,157.0,162.71428571428572,167.28571428571428,171.85714285714286,-9.142857142857139,4,5.076382791922739
2026-01-17,SKU-1022,Snacks,135.0,0,691.0,3,False,162.0,80.0,163.42857142857142,168.78571428571428,174.14285714285714,-10.714285714285722,5,4.228146853146853
2026-01-18,SKU-1022,Snacks,213.0,0,478.0,3,False,135.0,200.0,171.28571428571428,166.0,160.71428571428572,10.571428571428555,6,2.7906588824020018
2026-01-19,SKU-1022,Snacks,160.0,669,987.0,3,False,213.0,164.0,173.14285714285714,173.35714285714286,173.57142857142858,-0.4285714285714448,0,5.7004950495049505
2026-01-20,SKU-1022,Snacks,203.0,0,784.0,3,False,160.0,184.0,172.57142857142858,169.71428571428572,166.85714285714286,5.714285714285722,1,4.543046357615894
2026-01-21,SKU-1022,Snacks,188.0,0,596.0,3,False,203.0,184.0,175.28571428571428,169.5,163.71428571428572,11.571428571428555,2,3.4001629991850044
2026-01-22,SKU-1022,Snacks,279.0,0,317.0,3,False,188.0,170.0,175.85714285714286,170.14285714285714,164.42857142857142,11.428571428571445,3,1.8025995125913892
2026-01-23,SKU-1022,Snacks,139.0,0,178.0,3,False,279.0,162.0,191.42857142857142,177.07142857142858,162.71428571428572,28.714285714285694,4,0.9298507462686568
2026-01-24,SKU-1022,Snacks,145.0,0,33.0,3,False,139.0,135.0,188.14285714285714,175.78571428571428,163.42857142857142,24.714285714285722,5,0.17539863325740318
2026-01-25,SKU-1022,Snacks,118.0,0,0.0,3,False,145.0,213.0,189.57142857142858,180.42857142857142,171.28571428571428,18.285714285714306,6,0.0
2026-01-26,SKU-1022,Snacks,312.0,0,0.0,3,False,118.0,160.0,176.0,174.57142857142858,173.14285714285714,2.857142857142861,0,0.0
2026-01-27,SKU-1022,Snacks,248.0,0,0.0,3,False,312.0,203.0,197.71428571428572,185.14285714285714,172.57142857142858,25.14285714285714,1,0.0
2026-01-28,SKU-1022,Snacks,277.0,0,0.0,3,False,248.0,188.0,204.14285714285714,189.71428571428572,175.28571428571428,28.85714285714286,2,0.0
2026-01-29,SKU-1022,Snacks,277.0,0,0.0,3,False,277.0,279.0,216.85714285714286,196.35714285714286,175.85714285714286,41.0,3,0.0
2026-01-30,SKU-1022,Snacks,277.0,0,0.0,3,False,277.0,139.0,216.57142857142858,204.0,191.42857142857142,25.142857142857167,4,0.0
2026-01-31,SKU-1022,Snacks,120.0,0,0.0,3,False,277.0,145.0,236.28571428571428,212.21428571428572,188.14285714285714,48.14285714285714,5,0.0
2026-02-01,SKU-1022,Snacks,125.0,0,0.0,3,False,120.0,118.0,232.71428571428572,211.14285714285714,189.57142857142858,43.14285714285714,6,0.0
2026-02-02,SKU-1022,Snacks,186.0,634,448.0,3,False,125.0,312.0,233.71428571428572,204.85714285714286,176.0,57.71428571428572,0,1.9168704156479217
2026-02-03,SKU-1022,Snacks,170.0,0,278.0,3,False,186.0,248.0,215.71428571428572,206.71428571428572,197.71428571428572,18.0,1,1.2887417218543047
2026-02-04,SKU-1022,Snacks,167.0,0,111.0,3,False,170.0,277.0,204.57142857142858,204.35714285714286,204.14285714285714,0.4285714285714448,2,0.5425977653631284
2026-02-05,SKU-1022,Snacks,141.0,519,489.0,3,False,167.0,277.0,188.85714285714286,202.85714285714286,216.85714285714286,-28.0,3,2.5892586989409985
2026-02-06,SKU-1022,Snacks,175.0,696,1010.0,3,False,141.0,277.0,169.42857142857142,193.0,216.57142857142858,-47.14285714285717,4,5.961214165261383
2026-02-07,SKU-1022,Snacks,110.0,0,900.0,3,False,175.0,120.0,154.85714285714286,195.57142857142858,236.28571428571428,-81.42857142857142,5,5.8118081180811805
2026-02-08,SKU-1022,Snacks,124.0,0,776.0,3,False,110.0,125.0,153.42857142857142,193.07142857142858,232.71428571428572,-79.2857142857143,6,5.057728119180633
2026-02-09,SKU-1022,Snacks,218.0,0,558.0,3,False,124.0,186.0,153.28571428571428,193.5,233.71428571428572,-80.42857142857144,0,3.6402609506057786
2026-02-10,SKU-1022,Snacks,87.0,0,471.0,3,False,218.0,170.0,157.85714285714286,186.78571428571428,215.71428571428572,-57.85714285714286,1,2.983710407239819
2026-02-11,SKU-1022,Snacks,177.0,0,294.0,3,False,87.0,167.0,146.0,175.28571428571428,204.57142857142858,-58.571428571428584,2,2.0136986301369864
2026-02-12,SKU-1022,Snacks,151.0,0,143.0,3,False,177.0,141.0,147.42857142857142,168.14285714285714,188.85714285714286,-41.428571428571445,3,0.9699612403100776
2026-02-13,SKU-1022,Snacks,138.0,0,5.0,3,False,151.0,175.0,148.85714285714286,159.14285714285714,169.42857142857142,-20.571428571428555,4,0.03358925143953935
2026-02-14,SKU-1022,Snacks,161.0,0,0.0,3,False,138.0,110.0,143.57142857142858,149.21428571428572,154.85714285714286,-11.285714285714278,5,0.0
2026-02-15,SKU-1022,Snacks,225.0,0,0.0,3,False,161.0,124.0,150.85714285714286,152.14285714285714,153.42857142857142,-2.571428571428555,6,0.0
2026-02-16,SKU-1022,Snacks,179.0,0,0.0,3,False,225.0,218.0,165.28571428571428,159.28571428571428,153.28571428571428,12.0,0,0.0
2026-02-17,SKU-1022,Snacks,233.0,567,334.0,3,False,179.0,87.0,159.71428571428572,158.78571428571428,157.85714285714286,1.8571428571428612,1,2.0912343470483004
2026-02-18,SKU-1022,Snacks,245.0,0,89.0,3,False,233.0,177.0,180.57142857142858,163.28571428571428,146.0,34.571428571428584,2,0.492879746835443
2026-02-19,SKU-1022,Snacks,277.0,0,0.0,3,False,245.0,151.0,190.28571428571428,168.85714285714286,147.42857142857142,42.85714285714286,3,0.0
2026-02-20,SKU-1022,Snacks,181.0,623,442.0,3,False,277.0,138.0,208.28571428571428,178.57142857142858,148.85714285714286,59.428571428571416,4,2.122085048010974
2026-02-21,SKU-1022,Snacks,115.0,0,327.0,3,False,181.0,161.0,214.42857142857142,179.0,143.57142857142858,70.85714285714283,5,1.524983344437042
2026-02-22,SKU-1022,Snacks,107.0,711,931.0,3,False,115.0,225.0,207.85714285714286,179.35714285714286,150.85714285714286,57.0,6,4.479037800687285
2026-02-23,SKU-1022,Snacks,270.0,0,661.0,3,False,107.0,179.0,191.0,178.14285714285714,165.28571428571428,25.714285714285722,0,3.4607329842931938
2026-02-24,SKU-1022,Snacks,143.0,0,518.0,3,False,270.0,233.0,204.0,181.85714285714286,159.71428571428572,44.28571428571428,1,2.5392156862745097
2026-02-25,SKU-1022,Snacks,208.0,709,1019.0,3,False,143.0,245.0,191.14285714285714,185.85714285714286,180.57142857142858,10.571428571428555,2,5.331091180866966
2026-02-26,SKU-1022,Snacks,243.0,0,776.0,3,False,208.0,277.0,185.85714285714286,188.07142857142858,190.28571428571428,-4.428571428571416,3,4.175249807840123
2026-02-27,SKU-1022,Snacks,206.0,0,570.0,3,False,243.0,181.0,181.0,194.64285714285714,208.28571428571428,-27.285714285714278,4,3.149171270718232
2026-02-28,SKU-1022,Snacks,125.0,507,952.0,3,False,206.0,115.0,184.57142857142858,199.5,214.42857142857142,-29.857142857142833,5,5.157894736842105
2026-03-01,SKU-1022,Snacks,139.0,0,813.0,3,False,125.0,107.0,186.0,196.92857142857142,207.85714285714286,-21.85714285714286,6,4.370967741935484
2026-03-02,SKU-1022,Snacks,155.0,0,658.0,3,False,139.0,270.0,190.57142857142858,190.78571428571428,191.0,-0.4285714285714164,0,3.4527736131934033
2026-03-03,SKU-1022,Snacks,256.0,0,402.0,3,False,155.0,143.0,174.14285714285714,189.07142857142858,204.0,-29.85714285714286,1,2.3084495488105006
2026-03-04,SKU-1022,Snacks,276.0,0,126.0,3,False,256.0,208.0,190.28571428571428,190.71428571428572,191.14285714285714,-0.8571428571428612,2,0.6621621621621622
2026-03-05,SKU-1022,Snacks,101.0,0,25.0,3,False,276.0,243.0,200.0,192.92857142857142,185.85714285714286,14.142857142857139,3,0.125
2026-03-06,SKU-1022,Snacks,185.0,0,0.0,3,False,101.0,206.0,179.71428571428572,180.35714285714286,181.0,-1.2857142857142776,4,0.0
2026-03-07,SKU-1022,Snacks,180.0,0,0.0,3,False,185.0,125.0,176.71428571428572,180.64285714285714,184.57142857142858,-7.857142857142861,5,0.0
2026-03-08,SKU-1022,Snacks,109.0,660,551.0,3,False,180.0,139.0,184.57142857142858,185.28571428571428,186.0,-1.4285714285714164,6,2.9852941176470584
2026-03-09,SKU-1022,Snacks,176.0,758,1133.0,3,False,109.0,155.0,180.28571428571428,185.42857142857142,190.57142857142858,-10.285714285714306,0,6.284469096671949
2026-03-10,SKU-1022,Snacks,280.0,0,853.0,3,False,176.0,256.0,183.28571428571428,178.71428571428572,174.14285714285714,9.142857142857139,1,4.653936087295402
2026-03-11,SKU-1022,Snacks,229.0,0,624.0,3,False,280.0,276.0,186.71428571428572,188.5,190.28571428571428,-3.571428571428555,2,3.3420045906656464
2026-03-12,SKU-1022,Snacks,212.0,0,412.0,3,False,229.0,101.0,180.0,190.0,200.0,-20.0,3,2.2888888888888888
2026-03-13,SKU-1022,Snacks,219.0,647,840.0,3,False,212.0,185.0,195.85714285714286,187.78571428571428,179.71428571428572,16.14285714285714,4,4.288840262582057
2026-03-14,SKU-1022,Snacks,122.0,0,718.0,3,False,219.0,180.0,200.71428571428572,188.71428571428572,176.71428571428572,24.0,5,3.5772241992882563
2026-03-15,SKU-1022,Snacks,174.0,0,544.0,3,False,122.0,109.0,192.42857142857142,188.5,184.57142857142858,7.857142857142833,6,2.8270230141054196
2026-03-16,SKU-1022,Snacks,174.0,575,876.0,3,False,174.0,176.0,201.71428571428572,191.0,180.28571428571428,21.428571428571445,0,4.342776203966006
2026-03-17,SKU-1022,Snacks,233.0,0,643.0,3,False,174.0,280.0,201.42857142857142,192.35714285714286,183.28571428571428,18.14285714285714,1,3.192198581560284
2026-03-18,SKU-1022,Snacks,72.0,0,571.0,3,False,233.0,229.0,194.71428571428572,190.71428571428572,186.71428571428572,8.0,2,2.932501834189288
2026-03-19,SKU-1022,Snacks,255.0,0,316.0,3,False,72.0,212.0,172.28571428571428,176.14285714285714,180.0,-7.714285714285722,3,1.834162520729685
2026-03-20,SKU-1022,Snacks,377.0,0,0.0,3,False,255.0,219.0,178.42857142857142,187.14285714285714,195.85714285714286,-17.428571428571445,4,0.0
2026-03-21,SKU-1022,Snacks,114.0,0,0.0,3,False,377.0,122.0,201.0,200.85714285714286,200.71428571428572,0.2857142857142776,5,0.0
2026-03-22,SKU-1022,Snacks,156.0,541,385.0,3,False,114.0,174.0,199.85714285714286,196.14285714285714,192.42857142857142,7.428571428571445,6,1.9263759828448892
2026-03-23,SKU-1022,Snacks,209.0,725,901.0,3,False,156.0,174.0,197.28571428571428,199.5,201.71428571428572,-4.428571428571445,0,4.566980448950036
2026-03-24,SKU-1022,Snacks,200.0,0,701.0,3,False,209.0,233.0,202.28571428571428,201.85714285714286,201.42857142857142,0.8571428571428612,1,3.4653954802259888
2026-03-25,SKU-1022,Snacks,210.0,0,491.0,3,False,200.0,72.0,197.57142857142858,196.14285714285714,194.71428571428572,2.857142857142861,2,2.4851771511207517
2026-03-26,SKU-1022,Snacks,173.0,0,318.0,3,False,210.0,255.0,217.28571428571428,194.78571428571428,172.28571428571428,45.0,3,1.4635108481262329
2026-03-27,SKU-1022,Snacks,171.0,0,147.0,3,False,173.0,377.0,205.57142857142858,192.0,178.42857142857142,27.142857142857167,4,0.715079916608756
2026-03-28,SKU-1022,Snacks,119.0,0,28.0,3,False,171.0,114.0,176.14285714285714,188.57142857142858,201.0,-24.85714285714286,5,0.15896188158961883
2026-03-29,SKU-1022,Snacks,185.0,711,554.0,3,False,119.0,156.0,176.85714285714286,188.35714285714286,199.85714285714286,-23.0,6,3.132471728594507
2026-03-30,SKU-1022,Snacks,179.0,0,375.0,3,False,185.0,209.0,181.0,189.14285714285714,197.28571428571428,-16.285714285714278,0,2.0718232044198897
2026-03-31,SKU-1022,Snacks,239.0,721,857.0,3,False,179.0,200.0,176.71428571428572,189.5,202.28571428571428,-25.571428571428555,1,4.8496362166531926
2026-04-01,SKU-1022,Snacks,248.0,0,609.0,3,False,239.0,210.0,182.28571428571428,189.92857142857142,197.57142857142858,-15.285714285714306,2,3.3409090909090913
2026-04-02,SKU-1022,Snacks,161.0,0,448.0,3,False,248.0,173.0,187.71428571428572,202.5,217.28571428571428,-29.571428571428555,3,2.3866057838660577
2026-04-03,SKU-1022,Snacks,207.0,0,241.0,3,False,161.0,171.0,186.0,195.78571428571428,205.57142857142858,-19.571428571428584,4,1.2956989247311828
2026-04-04,SKU-1022,Snacks,162.0,0,79.0,3,False,207.0,119.0,191.14285714285714,183.64285714285714,176.14285714285714,15.0,5,0.4133034379671151
2026-04-05,SKU-1022,Snacks,118.0,0,0.0,3,False,162.0,185.0,197.28571428571428,187.07142857142858,176.85714285714286,20.428571428571416,6,0.0
2026-04-06,SKU-1022,Snacks,144.0,0,0.0,3,False,118.0,179.0,187.71428571428572,184.35714285714286,181.0,6.714285714285722,0,0.0
2026-04-07,SKU-1022,Snacks,241.0,0,0.0,3,False,144.0,239.0,182.71428571428572,179.71428571428572,176.71428571428572,6.0,1,0.0
2026-04-08,SKU-1022,Snacks,149.0,0,0.0,3,False,241.0,248.0,183.0,182.64285714285714,182.28571428571428,0.7142857142857224,2,0.0
2026-04-09,SKU-1022,Snacks,200.0,0,0.0,3,False,149.0,161.0,168.85714285714286,178.28571428571428,187.71428571428572,-18.85714285714286,3,0.0
2026-04-10,SKU-1022,Snacks,131.0,0,0.0,3,False,200.0,207.0,174.42857142857142,180.21428571428572,186.0,-11.571428571428584,4,0.0
2026-04-11,SKU-1022,Snacks,188.0,0,0.0,3,False,131.0,162.0,163.57142857142858,177.35714285714286,191.14285714285714,-27.571428571428555,5,0.0
2026-04-12,SKU-1022,Snacks,100.0,0,0.0,3,False,188.0,118.0,167.28571428571428,182.28571428571428,197.28571428571428,-30.0,6,0.0
2026-04-13,SKU-1022,Snacks,140.0,716,576.0,3,False,100.0,144.0,164.71428571428572,176.21428571428572,187.71428571428572,-23.0,0,3.4969644405897657
2026-04-14,SKU-1022,Snacks,217.0,0,359.0,3,False,140.0,241.0,164.14285714285714,173.42857142857142,182.71428571428572,-18.571428571428584,1,2.187119234116623
2026-04-15,SKU-1022,Snacks,245.0,0,114.0,3,False,217.0,149.0,160.71428571428572,171.85714285714286,183.0,-22.285714285714278,2,0.7093333333333333
2026-04-16,SKU-1022,Snacks,220.0,693,587.0,3,False,245.0,200.0,174.42857142857142,171.64285714285714,168.85714285714286,5.571428571428555,3,3.3652743652743653
2026-04-17,SKU-1022,Snacks,196.0,0,391.0,3,False,220.0,131.0,177.28571428571428,175.85714285714286,174.42857142857142,2.857142857142861,4,2.2054794520547945
2026-04-18,SKU-1022,Snacks,162.0,0,229.0,3,False,196.0,188.0,186.57142857142858,175.07142857142858,163.57142857142858,23.0,5,1.2274119448698315
2026-04-19,SKU-1022,Snacks,193.0,0,36.0,3,False,162.0,100.0,182.85714285714286,175.07142857142858,167.28571428571428,15.571428571428584,6,0.196875
2026-04-20,SKU-1022,Snacks,210.0,647,473.0,3,False,193.0,140.0,196.14285714285714,180.42857142857142,164.71428571428572,31.428571428571416,0,2.4115076474872543
2026-04-21,SKU-1022,Snacks,138.0,521,856.0,3,False,210.0,217.0,206.14285714285714,185.14285714285714,164.14285714285714,42.0,1,4.1524601524601525
2026-04-22,SKU-1022,Snacks,154.0,0,702.0,3,False,138.0,245.0,194.85714285714286,177.78571428571428,160.71428571428572,34.14285714285714,2,3.602639296187683
2026-04-23,SKU-1022,Snacks,160.0,0,702.0,3,False,154.0,220.0,181.85714285714286,178.14285714285714,174.42857142857142,7.428571428571445,3,3.8601728201099763
2026-04-24,SKU-1022,Snacks,226.0,0,316.0,3,False,160.0,196.0,173.28571428571428,175.28571428571428,177.28571428571428,-4.0,4,1.823577906018137
2026-04-25,SKU-1022,Snacks,117.0,0,199.0,3,False,226.0,162.0,177.57142857142858,182.07142857142858,186.57142857142858,-9.0,5,1.1206757843925985
2026-04-26,SKU-1022,Snacks,163.0,521,557.0,3,False,117.0,193.0,171.14285714285714,177.0,182.85714285714286,-11.714285714285722,6,3.2545909849749584
2026-04-27,SKU-1022,Snacks,81.0,0,476.0,3,False,163.0,210.0,166.85714285714286,181.5,196.14285714285714,-29.285714285714278,0,2.852739726027397
2026-04-28,SKU-1022,Snacks,117.0,709,1068.0,3,False,81.0,138.0,148.42857142857142,177.28571428571428,206.14285714285714,-57.71428571428572,1,7.195380173243504
2026-04-29,SKU-1022,Snacks,228.0,0,840.0,3,False,117.0,154.0,145.42857142857142,170.14285714285714,194.85714285714286,-49.428571428571445,2,5.776031434184676
2026-04-30,SKU-1022,Snacks,277.0,0,563.0,3,False,228.0,160.0,156.0,168.92857142857142,181.85714285714286,-25.85714285714286,3,3.608974358974359
2026-05-01,SKU-1022,Snacks,168.0,0,395.0,3,False,277.0,226.0,172.71428571428572,173.0,173.28571428571428,-0.5714285714285552,4,2.2870140612076093
2026-05-02,SKU-1022,Snacks,148.0,0,247.0,3,False,168.0,117.0,164.42857142857142,171.0,177.57142857142858,-13.142857142857167,5,1.5021720243266725
2026-05-03,SKU-1022,Snacks,161.0,0,86.0,3,False,148.0,163.0,168.85714285714286,170.0,171.14285714285714,-2.2857142857142776,6,0.509306260575296
2026-05-04,SKU-1022,Snacks,187.0,712,611.0,3,False,161.0,81.0,168.57142857142858,167.71428571428572,166.85714285714286,1.7142857142857224,0,3.62457627118644
2026-05-05,SKU-1022,Snacks,130.0,0,481.0,3,False,187.0,117.0,183.71428571428572,166.07142857142858,148.42857142857142,35.285714285714306,1,2.6181959564541213
2026-05-06,SKU-1022,Snacks,215.0,0,266.0,3,False,130.0,228.0,185.57142857142858,165.5,145.42857142857142,40.14285714285717,2,1.4334103156274056
2026-05-07,SKU-1022,Snacks,206.0,574,634.0,3,False,215.0,277.0,183.71428571428572,169.85714285714286,156.0,27.714285714285722,3,3.4510108864696734
2026-05-08,SKU-1022,Snacks,211.0,0,423.0,3,False,206.0,168.0,173.57142857142858,173.14285714285714,172.71428571428572,0.8571428571428612,4,2.4370370370370367
2026-05-09,SKU-1022,Snacks,134.0,0,289.0,3,False,211.0,148.0,179.71428571428572,172.07142857142858,164.42857142857142,15.285714285714306,5,1.6081081081081081
2026-05-10,SKU-1022,Snacks,153.0,652,788.0,3,False,134.0,161.0,177.71428571428572,173.28571428571428,168.85714285714286,8.857142857142861,6,4.434083601286173
2026-05-11,SKU-1022,Snacks,271.0,0,517.0,3,False,153.0,187.0,176.57142857142858,172.57142857142858,168.57142857142858,8.0,0,2.9279935275080904
2026-05-12,SKU-1022,Snacks,194.0,646,969.0,3,False,271.0,130.0,188.57142857142858,186.14285714285714,183.71428571428572,4.857142857142861,1,5.138636363636364
2026-05-13,SKU-1022,Snacks,206.0,0,763.0,3,False,194.0,215.0,197.71428571428572,191.64285714285714,185.57142857142858,12.142857142857139,2,3.8591040462427744
2026-05-14,SKU-1022,Snacks,180.0,0,583.0,3,False,206.0,206.0,196.42857142857142,190.07142857142858,183.71428571428572,12.714285714285694,3,2.968
2026-05-15,SKU-1022,Snacks,220.0,0,363.0,3,False,180.0,211.0,192.71428571428572,183.14285714285714,173.57142857142858,19.14285714285714,4,1.8836174944403261
2026-05-16,SKU-1022,Snacks,217.0,720,866.0,3,False,220.0,134.0,194.0,186.85714285714286,179.71428571428572,14.285714285714278,5,4.463917525773196
2026-05-17,SKU-1022,Snacks,143.0,0,723.0,3,False,217.0,153.0,205.85714285714286,191.78571428571428,177.71428571428572,28.14285714285714,6,3.5121443442054128
2026-05-18,SKU-1022,Snacks,218.0,0,505.0,3,False,143.0,271.0,204.42857142857142,190.5,176.57142857142858,27.857142857142833,0,2.4703004891684137
2026-05-19,SKU-1022,Snacks,180.0,0,325.0,3,False,218.0,194.0,196.85714285714286,192.71428571428572,188.57142857142858,8.285714285714278,1,1.650943396226415
2026-05-20,SKU-1022,Snacks,192.0,0,133.0,3,False,180.0,206.0,194.85714285714286,196.28571428571428,197.71428571428572,-2.857142857142861,2,0.6825513196480938
2026-05-21,SKU-1022,Snacks,172.0,0,0.0,3,False,192.0,180.0,192.85714285714286,194.64285714285714,196.42857142857142,-3.571428571428555,3,0.0
2026-05-22,SKU-1022,Snacks,133.0,0,0.0,3,False,172.0,220.0,191.71428571428572,192.21428571428572,192.71428571428572,-1.0,4,0.0
2026-05-23,SKU-1022,Snacks,204.0,0,0.0,3,False,133.0,217.0,179.28571428571428,186.64285714285714,194.0,-14.714285714285722,5,0.0
2026-05-24,SKU-1022,Snacks,162.0,0,0.0,3,False,204.0,143.0,177.42857142857142,191.64285714285714,205.85714285714286,-28.428571428571445,6,0.0
2026-05-25,SKU-1022,Snacks,148.0,0,0.0,3,False,162.0,218.0,180.14285714285714,192.28571428571428,204.42857142857142,-24.285714285714278,0,0.0
2026-05-26,SKU-1022,Snacks,111.0,718,607.0,3,False,148.0,180.0,170.14285714285714,183.5,196.85714285714286,-26.714285714285722,1,3.5675902602854745
2026-05-27,SKU-1022,Snacks,212.0,0,395.0,3,False,111.0,192.0,160.28571428571428,177.57142857142858,194.85714285714286,-34.571428571428584,2,2.464349376114082
2026-05-28,SKU-1022,Snacks,275.0,0,120.0,3,False,212.0,172.0,163.14285714285714,178.0,192.85714285714286,-29.714285714285722,3,0.7355516637478109
2026-05-29,SKU-1022,Snacks,200.0,567,487.0,3,False,275.0,133.0,177.85714285714286,184.78571428571428,191.71428571428572,-13.857142857142861,4,2.738152610441767
2026-05-30,SKU-1022,Snacks,182.0,0,305.0,3,False,200.0,204.0,187.42857142857142,183.35714285714286,179.28571428571428,8.142857142857139,5,1.6272865853658538
2026-05-31,SKU-1022,Snacks,151.0,0,154.0,3,False,182.0,162.0,184.28571428571428,180.85714285714286,177.42857142857142,6.857142857142861,6,0.8356589147286823
2026-06-01,SKU-1022,Snacks,139.0,0,15.0,3,False,151.0,148.0,182.71428571428572,181.42857142857142,180.14285714285714,2.5714285714285836,0,0.08209538702111024
2026-06-02,SKU-1022,Snacks,285.0,663,393.0,3,False,139.0,111.0,181.42857142857142,175.78571428571428,170.14285714285714,11.285714285714278,1,2.1661417322834646
2026-06-03,SKU-1022,Snacks,183.0,0,210.0,3,False,285.0,212.0,206.28571428571428,183.28571428571428,160.28571428571428,46.0,2,1.018005540166205
2026-06-04,SKU-1022,Snacks,231.0,0,0.0,3,False,183.0,275.0,202.14285714285714,182.64285714285714,163.14285714285714,39.0,3,0.0
2026-06-05,SKU-1022,Snacks,165.0,0,0.0,3,False,231.0,200.0,195.85714285714286,186.85714285714286,177.85714285714286,18.0,4,0.0
2026-06-06,SKU-1022,Snacks,192.0,736,544.0,3,False,165.0,182.0,190.85714285714286,189.14285714285714,187.42857142857142,3.428571428571445,5,2.8502994011976046
2026-06-07,SKU-1022,Snacks,196.0,0,348.0,3,False,192.0,151.0,192.28571428571428,188.28571428571428,184.28571428571428,8.0,6,1.8098068350668648
2026-06-08,SKU-1022,Snacks,187.0,0,161.0,3,False,196.0,139.0,198.71428571428572,190.71428571428572,182.71428571428572,16.0,0,0.8102084831056794
2026-06-09,SKU-1022,Snacks,200.0,537,498.0,3,False,187.0,285.0,205.57142857142858,193.5,181.42857142857142,24.142857142857167,1,2.4225156358582347
2026-06-10,SKU-1022,Snacks,208.0,0,290.0,3,False,200.0,183.0,193.42857142857142,199.85714285714286,206.28571428571428,-12.857142857142861,2,1.499261447562777
2026-06-11,SKU-1022,Snacks,207.0,0,83.0,3,False,208.0,231.0,197.0,199.57142857142858,202.14285714285714,-5.142857142857139,3,0.4213197969543147
2026-06-12,SKU-1022,Snacks,234.0,0,0.0,3,False,207.0,165.0,193.57142857142858,194.71428571428572,195.85714285714286,-2.2857142857142776,4,0.0
2026-06-13,SKU-1022,Snacks,142.0,628,486.0,3,False,234.0,192.0,203.42857142857142,197.14285714285714,190.85714285714286,12.571428571428555,5,2.389044943820225
2026-06-14,SKU-1022,Snacks,149.0,0,337.0,3,False,142.0,196.0,196.28571428571428,194.28571428571428,192.28571428571428,4.0,6,1.7168850072780204
2026-06-14,SKU-1022,Snacks,149.0,0,337.0,3,False,149.0,187.0,189.57142857142858,194.14285714285714,198.71428571428572,-9.142857142857139,6,1.777694046721929
2026-06-15,SKU-1022,Snacks,258.0,0,79.0,3,False,149.0,200.0,184.14285714285714,194.85714285714286,205.57142857142858,-21.428571428571445,0,0.42901474010861135
2026-06-16,SKU-1022,Snacks,162.0,0,0.0,3,False,258.0,208.0,192.42857142857142,192.92857142857142,193.42857142857142,-1.0,1,0.0
2026-06-17,SKU-1022,Snacks,193.0,0,0.0,3,False,162.0,207.0,185.85714285714286,191.42857142857142,197.0,-11.142857142857139,2,0.0
2026-06-18,SKU-1022,Snacks,197.0,531,334.0,3,False,193.0,234.0,183.85714285714286,188.71428571428572,193.57142857142858,-9.714285714285722,3,1.8166278166278167
2026-06-19,SKU-1022,Snacks,262.0,0,72.0,3,False,197.0,142.0,178.57142857142858,191.0,203.42857142857142,-24.857142857142833,4,0.40319999999999995
2026-06-20,SKU-1022,Snacks,137.0,0,0.0,3,False,262.0,149.0,195.71428571428572,196.0,196.28571428571428,-0.5714285714285552,5,0.0
2026-06-21,SKU-1022,Snacks,121.0,534,413.0,3,False,137.0,149.0,194.0,191.78571428571428,189.57142857142858,4.428571428571416,6,2.1288659793814433
2026-06-22,SKU-1022,Snacks,217.0,667,863.0,3,False,121.0,258.0,190.0,187.07142857142858,184.14285714285714,5.857142857142861,0,4.542105263157895
2026-06-23,SKU-1022,Snacks,143.0,0,720.0,3,False,217.0,162.0,184.14285714285714,188.28571428571428,192.42857142857142,-8.285714285714278,1,3.9100077579519006
2026-06-24,SKU-1022,Snacks,197.0,0,523.0,3,False,143.0,193.0,181.42857142857142,183.64285714285714,185.85714285714286,-4.428571428571445,2,2.882677165354331
2026-06-25,SKU-1022,Snacks,155.0,0,368.0,3,False,197.0,197.0,182.0,182.92857142857142,183.85714285714286,-1.8571428571428612,3,2.021978021978022
2026-06-26,SKU-1022,Snacks,195.0,680,853.0,3,False,155.0,262.0,176.0,177.28571428571428,178.57142857142858,-2.5714285714285836,4,4.846590909090909
2026-06-27,SKU-1022,Snacks,193.0,0,660.0,3,False,195.0,137.0,166.42857142857142,181.07142857142858,195.71428571428572,-29.285714285714306,5,3.9656652360515023
2026-06-28,SKU-1022,Snacks,146.0,0,514.0,3,False,193.0,121.0,174.42857142857142,184.21428571428572,194.0,-19.571428571428584,6,2.946764946764947
2026-06-29,SKU-1022,Snacks,279.0,0,235.0,3,False,146.0,217.0,178.0,184.0,190.0,-12.0,0,1.3202247191011236
2026-01-01,SKU-1023,Flour,226.0,0,990.0,7,False,,,,,,,3,
2026-01-02,SKU-1023,Flour,230.0,2208,2968.0,7,False,226.0,,,,,,4,
2026-01-03,SKU-1023,Flour,200.0,0,2768.0,7,False,230.0,,,,,,5,
2026-01-04,SKU-1023,Flour,159.0,0,2609.0,7,False,200.0,,,,,,6,
2026-01-05,SKU-1023,Flour,257.0,0,2352.0,7,False,159.0,,,,,,0,
2026-01-06,SKU-1023,Flour,301.0,0,2051.0,7,False,257.0,,,,,,1,
2026-01-07,SKU-1023,Flour,324.0,0,1727.0,7,False,301.0,,,,,,2,
2026-01-08,SKU-1023,Flour,220.0,0,1507.0,7,False,324.0,226.0,242.42857142857142,,,,3,6.216263995285799
2026-01-09,SKU-1023,Flour,196.0,0,1311.0,7,False,220.0,230.0,241.57142857142858,,,,4,5.426966292134831
2026-01-10,SKU-1023,Flour,195.0,0,1116.0,7,False,196.0,200.0,236.71428571428572,,,,5,4.714544357272178
2026-01-11,SKU-1023,Flour,164.0,1815,2767.0,7,False,195.0,159.0,236.0,,,,6,11.724576271186441
2026-01-12,SKU-1023,Flour,264.0,0,2503.0,7,False,164.0,257.0,236.71428571428572,,,,0,10.573928786964393
2026-01-13,SKU-1023,Flour,234.0,0,2269.0,7,False,264.0,301.0,237.71428571428572,,,,1,9.545072115384615
2026-01-14,SKU-1023,Flour,250.0,0,2019.0,7,False,234.0,324.0,228.14285714285714,,,,2,8.849718221665624
2026-01-15,SKU-1023,Flour,245.0,0,1774.0,7,False,250.0,220.0,217.57142857142858,230.0,242.42857142857142,-24.857142857142833,3,8.153644123440577
2026-01-16,SKU-1023,Flour,277.0,2453,3950.0,7,False,245.0,196.0,221.14285714285714,231.35714285714286,241.57142857142858,-20.428571428571445,4,17.861757105943152
2026-01-17,SKU-1023,Flour,193.0,0,3757.0,7,False,277.0,195.0,232.71428571428572,234.71428571428572,236.71428571428572,-4.0,5,16.14426028238183
2026-01-18,SKU-1023,Flour,190.0,0,3567.0,7,False,193.0,164.0,232.42857142857142,234.21428571428572,236.0,-3.5714285714285836,6,15.346650276582668
2026-01-19,SKU-1023,Flour,217.0,0,3350.0,7,False,190.0,264.0,236.14285714285714,236.42857142857142,236.71428571428572,-0.5714285714285836,0,14.186327888687236
2026-01-20,SKU-1023,Flour,271.0,0,3079.0,7,False,217.0,234.0,229.42857142857142,233.57142857142858,237.71428571428572,-8.285714285714306,1,13.42029887920299
2026-01-21,SKU-1023,Flour,290.0,0,2789.0,7,False,271.0,250.0,234.71428571428572,231.42857142857142,228.14285714285714,6.571428571428584,2,11.882531953743152
2026-01-22,SKU-1023,Flour,244.0,0,2545.0,7,False,290.0,245.0,240.42857142857142,229.0,217.57142857142858,22.857142857142833,3,10.58526440879382
2026-01-23,SKU-1023,Flour,230.0,0,2315.0,7,False,244.0,277.0,240.28571428571428,230.71428571428572,221.14285714285714,19.14285714285714,4,9.634363852556481
2026-01-24,SKU-1023,Flour,189.0,0,2126.0,7,False,230.0,193.0,233.57142857142858,233.14285714285714,232.71428571428572,0.8571428571428612,5,9.102140672782873
2026-01-25,SKU-1023,Flour,189.0,0,1935.0,7,False,189.0,190.0,233.0,232.71428571428572,232.42857142857142,0.5714285714285836,6,8.304721030042918
2026-01-26,SKU-1023,Flour,177.0,0,1758.0,7,False,189.0,217.0,232.85714285714286,234.5,236.14285714285714,-3.2857142857142776,0,7.549693251533742
2026-01-27,SKU-1023,Flour,259.0,0,1499.0,7,False,177.0,271.0,227.14285714285714,228.28571428571428,229.42857142857142,-2.2857142857142776,1,6.59937106918239
2026-01-28,SKU-1023,Flour,355.0,0,1144.0,7,False,259.0,290.0,225.42857142857142,230.07142857142858,234.71428571428572,-9.285714285714306,2,5.074778200253486
2026-01-29,SKU-1023,Flour,290.0,2150,3004.0,7,False,355.0,244.0,234.71428571428572,237.57142857142858,240.42857142857142,-5.714285714285694,3,12.798539257455873
2026-01-30,SKU-1023,Flour,177.0,0,2827.0,7,False,290.0,230.0,241.28571428571428,240.78571428571428,240.28571428571428,1.0,4,11.716400236826525
2026-01-31,SKU-1023,Flour,182.0,0,2645.0,7,False,177.0,189.0,233.71428571428572,233.64285714285714,233.57142857142858,0.1428571428571388,5,11.31723716381418
2026-02-01,SKU-1023,Flour,204.0,0,2441.0,7,False,182.0,189.0,232.71428571428572,232.85714285714286,233.0,-0.2857142857142776,6,10.489257213014119
2026-02-02,SKU-1023,Flour,229.0,0,2212.0,7,False,204.0,177.0,234.85714285714286,233.85714285714286,232.85714285714286,2.0,0,9.418491484184914
2026-02-03,SKU-1023,Flour,256.0,0,1956.0,7,False,229.0,259.0,242.28571428571428,234.71428571428572,227.14285714285714,15.142857142857139,1,8.07311320754717
2026-02-04,SKU-1023,Flour,258.0,2443,4141.0,7,False,256.0,355.0,241.85714285714286,233.64285714285714,225.42857142857142,16.428571428571445,2,17.121677495569994
2026-02-05,SKU-1023,Flour,207.0,0,3934.0,7,False,258.0,290.0,228.0,231.35714285714286,234.71428571428572,-6.714285714285722,3,17.25438596491228
2026-02-06,SKU-1023,Flour,208.0,0,3726.0,7,False,207.0,177.0,216.14285714285714,228.71428571428572,241.28571428571428,-25.14285714285714,4,17.23859881031064
2026-02-07,SKU-1023,Flour,181.0,0,3545.0,7,False,208.0,182.0,220.57142857142858,227.14285714285714,233.71428571428572,-13.142857142857139,5,16.071891191709845
2026-02-08,SKU-1023,Flour,190.0,0,3355.0,7,False,181.0,204.0,220.42857142857142,226.57142857142858,232.71428571428572,-12.285714285714306,6,15.220349967595594
2026-02-09,SKU-1023,Flour,237.0,0,3118.0,7,False,190.0,229.0,218.42857142857142,226.64285714285714,234.85714285714286,-16.428571428571445,0,14.274689339437542
2026-02-10,SKU-1023,Flour,246.0,0,2872.0,7,False,237.0,256.0,219.57142857142858,230.92857142857142,242.28571428571428,-22.714285714285694,1,13.080026024723487
2026-02-11,SKU-1023,Flour,268.0,0,2604.0,7,False,246.0,258.0,218.14285714285714,230.0,241.85714285714286,-23.714285714285722,2,11.93713163064833
2026-02-12,SKU-1023,Flour,239.0,0,2365.0,7,False,268.0,207.0,219.57142857142858,223.78571428571428,228.0,-8.428571428571416,3,10.770982433311646
2026-02-13,SKU-1023,Flour,193.0,0,2172.0,7,False,239.0,208.0,224.14285714285714,220.14285714285714,216.14285714285714,8.0,4,9.690248565965584
2026-02-14,SKU-1023,Flour,186.0,0,1986.0,7,False,193.0,181.0,222.0,221.28571428571428,220.57142857142858,1.4285714285714164,5,8.945945945945946
2026-02-15,SKU-1023,Flour,200.0,0,1786.0,7,False,186.0,190.0,222.71428571428572,221.57142857142858,220.42857142857142,2.285714285714306,6,8.019243104554201
2026-02-16,SKU-1023,Flour,207.0,0,1579.0,7,False,200.0,237.0,224.14285714285714,221.28571428571428,218.42857142857142,5.714285714285722,0,7.044614404079032
2026-02-17,SKU-1023,Flour,236.0,0,1343.0,7,False,207.0,246.0,219.85714285714286,219.71428571428572,219.57142857142858,0.2857142857142776,1,6.108512020792722
2026-02-18,SKU-1023,Flour,270.0,0,1073.0,7,False,236.0,268.0,218.42857142857142,218.28571428571428,218.14285714285714,0.2857142857142776,2,4.912361020274689
2026-02-19,SKU-1023,Flour,263.0,2421,3231.0,7,False,270.0,239.0,218.71428571428572,219.14285714285714,219.57142857142858,-0.8571428571428612,3,14.772697583278902
2026-02-20,SKU-1023,Flour,217.0,0,3014.0,7,False,263.0,193.0,222.14285714285714,223.14285714285714,224.14285714285714,-2.0,4,13.567845659163988
2026-02-21,SKU-1023,Flour,212.0,0,2802.0,7,False,217.0,186.0,225.57142857142858,223.78571428571428,222.0,3.5714285714285836,5,12.42178594046865
2026-02-22,SKU-1023,Flour,175.0,0,2627.0,7,False,212.0,200.0,229.28571428571428,226.0,222.71428571428572,6.571428571428555,6,11.457320872274144
2026-02-23,SKU-1023,Flour,230.0,0,2627.0,7,False,175.0,207.0,225.71428571428572,224.92857142857142,224.14285714285714,1.5714285714285836,0,11.638607594936708
2026-02-24,SKU-1023,Flour,296.0,0,2101.0,7,False,230.0,236.0,229.0,224.42857142857142,219.85714285714286,9.142857142857139,1,9.174672489082969
2026-02-25,SKU-1023,Flour,334.0,0,1767.0,7,False,296.0,270.0,237.57142857142858,228.0,218.42857142857142,19.142857142857167,2,7.437763078773301
2026-02-26,SKU-1023,Flour,269.0,1704,3202.0,7,False,334.0,263.0,246.71428571428572,232.71428571428572,218.71428571428572,28.0,3,12.978575564562826
2026-02-27,SKU-1023,Flour,187.0,0,3015.0,7,False,269.0,217.0,247.57142857142858,234.85714285714286,222.14285714285714,25.428571428571445,4,12.178303519907674
2026-02-28,SKU-1023,Flour,187.0,0,2828.0,7,False,187.0,212.0,243.28571428571428,234.42857142857142,225.57142857142858,17.714285714285694,5,11.624192601291838
2026-03-01,SKU-1023,Flour,211.0,0,2617.0,7,False,187.0,175.0,239.71428571428572,234.5,229.28571428571428,10.428571428571445,6,10.917163289630512
2026-03-02,SKU-1023,Flour,243.0,0,2374.0,7,False,211.0,230.0,244.85714285714286,235.28571428571428,225.71428571428572,19.14285714285714,0,9.695449241540256
2026-03-03,SKU-1023,Flour,252.0,0,2122.0,7,False,243.0,296.0,246.71428571428572,237.85714285714286,229.0,17.714285714285722,1,8.601042269832078
2026-03-04,SKU-1023,Flour,682.0,0,1440.0,7,False,252.0,334.0,240.42857142857142,239.0,237.57142857142858,2.857142857142833,2,5.989304812834225
2026-03-05,SKU-1023,Flour,198.0,1840,3082.0,7,False,682.0,269.0,290.14285714285717,268.42857142857144,246.71428571428572,43.428571428571445,3,10.622353520433283
2026-03-06,SKU-1023,Flour,230.0,0,2852.0,7,False,198.0,187.0,280.0,263.7857142857143,247.57142857142858,32.428571428571416,4,10.185714285714285
2026-03-07,SKU-1023,Flour,177.0,0,2675.0,7,False,230.0,187.0,286.14285714285717,264.7142857142857,243.28571428571428,42.85714285714289,5,9.348477284073889
2026-03-08,SKU-1023,Flour,194.0,0,2481.0,7,False,177.0,211.0,284.7142857142857,262.2142857142857,239.71428571428572,45.0,6,8.713998996487707
2026-03-09,SKU-1023,Flour,199.0,0,2282.0,7,False,194.0,243.0,282.2857142857143,263.57142857142856,244.85714285714286,37.428571428571416,0,8.084008097165992
2026-03-10,SKU-1023,Flour,235.0,0,2047.0,7,False,199.0,252.0,276.0,261.35714285714283,246.71428571428572,29.285714285714278,1,7.416666666666667
2026-03-11,SKU-1023,Flour,299.0,0,1748.0,7,False,235.0,682.0,273.57142857142856,257.0,240.42857142857142,33.14285714285714,2,6.389556135770236
2026-03-12,SKU-1023,Flour,277.0,0,1748.0,7,False,299.0,198.0,218.85714285714286,254.5,290.14285714285717,-71.2857142857143,3,7.986945169712794
2026-03-13,SKU-1023,Flour,196.0,0,1275.0,7,False,277.0,230.0,230.14285714285714,255.07142857142858,280.0,-49.85714285714286,4,5.540037243947858
2026-03-14,SKU-1023,Flour,179.0,1707,2803.0,7,False,196.0,177.0,225.28571428571428,255.71428571428572,286.14285714285717,-60.85714285714289,5,12.441978440076094
2026-03-15,SKU-1023,Flour,191.0,0,2612.0,7,False,179.0,194.0,225.57142857142858,255.14285714285714,284.7142857142857,-59.14285714285714,6,11.5794806839772
2026-03-16,SKU-1023,Flour,244.0,0,2368.0,7,False,191.0,199.0,225.14285714285714,253.71428571428572,282.2857142857143,-57.14285714285714,0,10.51776649746193
2026-03-17,SKU-1023,Flour,207.0,0,2161.0,7,False,244.0,235.0,231.57142857142858,253.78571428571428,276.0,-44.428571428571416,1,9.331893892658853
2026-03-18,SKU-1023,Flour,252.0,0,1909.0,7,False,207.0,299.0,227.57142857142858,250.57142857142858,273.57142857142856,-45.99999999999997,2,8.38857501569366
2026-03-19,SKU-1023,Flour,236.0,0,1673.0,7,False,252.0,277.0,220.85714285714286,219.85714285714286,218.85714285714286,2.0,3,7.57503234152652
2026-03-20,SKU-1023,Flour,208.0,0,1465.0,7,False,236.0,196.0,215.0,222.57142857142858,230.14285714285714,-15.142857142857139,4,6.813953488372093
2026-03-21,SKU-1023,Flour,200.0,0,1265.0,7,False,208.0,179.0,216.71428571428572,221.0,225.28571428571428,-8.571428571428555,5,5.83717864205669
2026-03-22,SKU-1023,Flour,217.0,2181,3229.0,7,False,200.0,191.0,219.71428571428572,222.64285714285714,225.57142857142858,-5.857142857142861,6,14.696358907672302
2026-03-23,SKU-1023,Flour,273.0,0,2956.0,7,False,217.0,244.0,223.42857142857142,224.28571428571428,225.14285714285714,-1.7142857142857224,0,13.230179028132993
2026-03-24,SKU-1023,Flour,284.0,0,2672.0,7,False,273.0,207.0,227.57142857142858,229.57142857142858,231.57142857142858,-4.0,1,11.741368487131199
2026-03-25,SKU-1023,Flour,299.0,0,2373.0,7,False,284.0,252.0,238.57142857142858,233.07142857142858,227.57142857142858,11.0,2,9.946706586826346
2026-03-26,SKU-1023,Flour,191.0,0,2182.0,7,False,299.0,236.0,245.28571428571428,233.07142857142858,220.85714285714286,24.428571428571416,3,8.89574839836925
2026-03-27,SKU-1023,Flour,155.0,0,2027.0,7,False,191.0,208.0,238.85714285714286,226.92857142857142,215.0,23.85714285714286,4,8.486244019138756
2026-03-28,SKU-1023,Flour,193.0,0,1834.0,7,False,155.0,200.0,231.28571428571428,224.0,216.71428571428572,14.571428571428555,5,7.92958616429895
2026-03-29,SKU-1023,Flour,168.0,2171,3837.0,7,False,193.0,217.0,230.28571428571428,225.0,219.71428571428572,10.571428571428555,6,16.661910669975185
2026-03-30,SKU-1023,Flour,202.0,0,3635.0,7,False,168.0,273.0,223.28571428571428,223.35714285714286,223.42857142857142,-0.1428571428571388,0,16.27959053103007
2026-03-31,SKU-1023,Flour,259.0,0,3376.0,7,False,202.0,284.0,213.14285714285714,220.35714285714286,227.57142857142858,-14.428571428571445,1,15.839142091152816
2026-04-01,SKU-1023,Flour,269.0,0,3107.0,7,False,259.0,299.0,209.57142857142858,224.07142857142858,238.57142857142858,-29.0,2,14.825494205862304
2026-04-02,SKU-1023,Flour,421.0,0,2686.0,7,False,269.0,191.0,205.28571428571428,225.28571428571428,245.28571428571428,-40.0,3,13.084203201113432
2026-04-03,SKU-1023,Flour,216.0,0,2470.0,7,False,421.0,155.0,238.14285714285714,238.5,238.85714285714286,-0.7142857142857224,4,10.371925614877025
2026-04-04,SKU-1023,Flour,179.0,0,2291.0,7,False,216.0,193.0,246.85714285714286,239.07142857142858,231.28571428571428,15.571428571428584,5,9.280671296296296
2026-04-05,SKU-1023,Flour,181.0,0,2110.0,7,False,179.0,168.0,244.85714285714286,237.57142857142858,230.28571428571428,14.571428571428584,6,8.617269544924154
2026-04-06,SKU-1023,Flour,199.0,0,1911.0,7,False,181.0,202.0,246.71428571428572,235.0,223.28571428571428,23.428571428571445,0,7.745801968731905
2026-04-07,SKU-1023,Flour,99.0,0,1812.0,7,False,199.0,259.0,246.28571428571428,229.71428571428572,213.14285714285714,33.14285714285714,1,7.357308584686775
2026-04-08,SKU-1023,Flour,305.0,0,1507.0,7,False,99.0,269.0,223.42857142857142,216.5,209.57142857142858,13.857142857142833,2,6.744884910485934
2026-04-09,SKU-1023,Flour,196.0,0,1311.0,7,False,305.0,421.0,228.57142857142858,216.92857142857142,205.28571428571428,23.285714285714306,3,5.735625
2026-04-10,SKU-1023,Flour,196.0,0,1099.0,7,False,196.0,216.0,196.42857142857142,217.28571428571428,238.14285714285714,-41.71428571428572,4,5.594909090909091
2026-04-11,SKU-1023,Flour,175.0,0,924.0,7,False,196.0,179.0,193.57142857142858,220.21428571428572,246.85714285714286,-53.28571428571428,5,4.7734317343173425
2026-04-12,SKU-1023,Flour,175.0,1950,2713.0,7,False,175.0,181.0,193.0,218.92857142857142,244.85714285714286,-51.85714285714286,6,14.05699481865285
2026-04-13,SKU-1023,Flour,213.0,0,2500.0,7,False,175.0,199.0,192.14285714285714,219.42857142857142,246.71428571428572,-54.571428571428584,0,13.011152416356877
2026-04-14,SKU-1023,Flour,290.0,0,2210.0,7,False,213.0,99.0,194.14285714285714,220.21428571428572,246.28571428571428,-52.14285714285714,1,11.383370125091979
2026-04-15,SKU-1023,Flour,276.0,0,1934.0,7,False,290.0,305.0,221.42857142857142,222.42857142857142,223.42857142857142,-2.0,2,8.734193548387097
2026-04-16,SKU-1023,Flour,252.0,0,1682.0,7,False,276.0,196.0,217.28571428571428,222.92857142857142,228.57142857142858,-11.285714285714306,3,7.740959894806049
2026-04-17,SKU-1023,Flour,190.0,0,1492.0,7,False,252.0,196.0,225.28571428571428,210.85714285714286,196.42857142857142,28.85714285714286,4,6.622701331642359
2026-04-18,SKU-1023,Flour,171.0,0,1321.0,7,False,190.0,175.0,224.42857142857142,209.0,193.57142857142858,30.857142857142833,5,5.886059834500319
2026-04-19,SKU-1023,Flour,208.0,1670,2783.0,7,False,171.0,175.0,223.85714285714286,208.42857142857142,193.0,30.85714285714286,6,12.432035737077218
2026-04-20,SKU-1023,Flour,278.0,0,2505.0,7,False,208.0,213.0,228.57142857142858,210.35714285714286,192.14285714285714,36.428571428571445,0,10.959375
2026-04-21,SKU-1023,Flour,278.0,0,2227.0,7,False,278.0,290.0,237.85714285714286,216.0,194.14285714285714,43.71428571428572,1,9.362762762762763
2026-04-22,SKU-1023,Flour,270.0,0,1957.0,7,False,278.0,276.0,236.14285714285714,228.78571428571428,221.42857142857142,14.714285714285722,2,8.28735632183908
2026-04-23,SKU-1023,Flour,194.0,0,1763.0,7,False,270.0,252.0,235.28571428571428,226.28571428571428,217.28571428571428,18.0,3,7.493017607771707
2026-04-24,SKU-1023,Flour,185.0,0,1578.0,7,False,194.0,190.0,227.0,226.14285714285714,225.28571428571428,1.7142857142857224,4,6.951541850220265
2026-04-25,SKU-1023,Flour,146.0,2216,3648.0,7,False,185.0,171.0,226.28571428571428,225.35714285714286,224.42857142857142,1.8571428571428612,5,16.12121212121212
2026-04-26,SKU-1023,Flour,207.0,0,3441.0,7,False,146.0,208.0,222.71428571428572,223.28571428571428,223.85714285714286,-1.1428571428571388,6,15.450288646568312
2026-04-27,SKU-1023,Flour,227.0,0,3214.0,7,False,207.0,278.0,222.57142857142858,225.57142857142858,228.57142857142858,-6.0,0,14.440308087291399
2026-04-28,SKU-1023,Flour,247.0,0,2967.0,7,False,227.0,278.0,215.28571428571428,226.57142857142858,237.85714285714286,-22.571428571428584,1,13.781685467816855
2026-04-29,SKU-1023,Flour,256.0,0,2711.0,7,False,247.0,270.0,210.85714285714286,223.5,236.14285714285714,-25.285714285714278,2,12.857046070460704
2026-04-30,SKU-1023,Flour,265.0,0,2446.0,7,False,256.0,194.0,208.85714285714286,222.07142857142858,235.28571428571428,-26.428571428571416,3,11.711354309165527
2026-05-01,SKU-1023,Flour,423.0,0,2023.0,7,False,265.0,185.0,219.0,223.0,227.0,-8.0,4,9.237442922374429
2026-05-02,SKU-1023,Flour,157.0,0,1866.0,7,False,423.0,146.0,253.0,239.64285714285714,226.28571428571428,26.714285714285722,5,7.375494071146245
2026-05-03,SKU-1023,Flour,214.0,0,1652.0,7,False,157.0,207.0,254.57142857142858,238.64285714285714,222.71428571428572,31.85714285714286,6,6.489337822671156
2026-05-04,SKU-1023,Flour,246.0,2355,3761.0,7,False,214.0,227.0,255.57142857142858,239.07142857142858,222.57142857142858,33.0,0,14.716042481833426
2026-05-05,SKU-1023,Flour,246.0,0,3515.0,7,False,246.0,247.0,258.2857142857143,236.78571428571428,215.28571428571428,43.0,1,13.60896017699115
2026-05-06,SKU-1023,Flour,298.0,0,3217.0,7,False,246.0,256.0,258.14285714285717,234.5,210.85714285714286,47.285714285714306,2,12.462091864969562
2026-05-07,SKU-1023,Flour,244.0,0,2973.0,7,False,298.0,265.0,264.14285714285717,236.5,208.85714285714286,55.285714285714306,3,11.255273120605732
2026-05-08,SKU-1023,Flour,183.0,0,2790.0,7,False,244.0,423.0,261.14285714285717,240.07142857142858,219.0,42.14285714285717,4,10.683807439824944
2026-05-09,SKU-1023,Flour,194.0,0,2596.0,7,False,183.0,157.0,226.85714285714286,239.92857142857142,253.0,-26.14285714285714,5,11.443324937027707
2026-05-10,SKU-1023,Flour,206.0,0,2390.0,7,False,194.0,214.0,232.14285714285714,243.35714285714286,254.57142857142858,-22.428571428571445,6,10.295384615384615
2026-05-11,SKU-1023,Flour,237.0,0,2153.0,7,False,206.0,246.0,231.0,243.28571428571428,255.57142857142858,-24.571428571428584,0,9.32034632034632
2026-05-12,SKU-1023,Flour,284.0,0,1869.0,7,False,237.0,246.0,229.71428571428572,244.0,258.2857142857143,-28.571428571428555,1,8.136194029850746
2026-05-13,SKU-1023,Flour,276.0,0,1593.0,7,False,284.0,298.0,235.14285714285714,246.64285714285714,258.14285714285717,-23.00000000000003,2,6.77460510328068
2026-05-14,SKU-1023,Flour,237.0,0,1356.0,7,False,276.0,244.0,232.0,248.07142857142858,264.14285714285717,-32.14285714285717,3,5.844827586206897
2026-05-15,SKU-1023,Flour,193.0,0,1163.0,7,False,237.0,183.0,231.0,246.07142857142858,261.14285714285717,-30.142857142857167,4,5.034632034632034
2026-05-16,SKU-1023,Flour,171.0,0,992.0,7,False,193.0,194.0,232.42857142857142,229.64285714285714,226.85714285714286,5.571428571428555,5,4.267977873386601
2026-05-17,SKU-1023,Flour,228.0,0,764.0,7,False,171.0,206.0,229.14285714285714,230.64285714285714,232.14285714285714,-3.0,6,3.334164588528678
2026-05-18,SKU-1023,Flour,546.0,1873,2091.0,7,False,228.0,237.0,232.28571428571428,231.64285714285714,231.0,1.2857142857142776,0,9.001845018450185
2026-05-19,SKU-1023,Flour,257.0,0,1834.0,7,False,546.0,284.0,276.42857142857144,253.07142857142858,229.71428571428572,46.71428571428572,1,6.634625322997415
2026-05-20,SKU-1023,Flour,269.0,1879,3444.0,7,False,257.0,276.0,272.57142857142856,253.85714285714286,235.14285714285714,37.428571428571416,2,12.635220125786164
2026-05-21,SKU-1023,Flour,261.0,0,3183.0,7,False,269.0,237.0,271.57142857142856,251.78571428571428,232.0,39.571428571428555,3,11.720673329826408
2026-05-22,SKU-1023,Flour,203.0,0,2980.0,7,False,261.0,193.0,275.0,253.0,231.0,44.0,4,10.836363636363636
2026-05-23,SKU-1023,Flour,62.0,0,2918.0,7,False,203.0,171.0,276.42857142857144,254.42857142857142,232.42857142857142,44.00000000000003,5,10.556072351421188
2026-05-24,SKU-1023,Flour,209.0,0,2709.0,7,False,62.0,228.0,260.85714285714283,245.0,229.14285714285714,31.714285714285694,6,10.384994523548741
2026-05-25,SKU-1023,Flour,220.0,0,2489.0,7,False,209.0,546.0,258.14285714285717,245.21428571428572,232.28571428571428,25.85714285714289,0,9.641947980077475
2026-05-26,SKU-1023,Flour,510.0,0,1979.0,7,False,220.0,257.0,211.57142857142858,244.0,276.42857142857144,-64.85714285714286,1,9.353814989871708
2026-05-27,SKU-1023,Flour,294.0,0,1685.0,7,False,510.0,269.0,247.71428571428572,260.14285714285717,272.57142857142856,-24.857142857142833,2,6.802191464821222
2026-05-28,SKU-1023,Flour,241.0,2287,3731.0,7,False,294.0,261.0,251.28571428571428,261.42857142857144,271.57142857142856,-20.285714285714278,3,14.847640704945993
2026-05-29,SKU-1023,Flour,227.0,0,3504.0,7,False,241.0,203.0,248.42857142857142,261.7142857142857,275.0,-26.571428571428584,4,14.1046578493387
2026-05-30,SKU-1023,Flour,161.0,0,3343.0,7,False,227.0,62.0,251.85714285714286,264.14285714285717,276.42857142857144,-24.571428571428584,5,13.273397617697107
2026-05-31,SKU-1023,Flour,162.0,0,3181.0,7,False,161.0,209.0,266.0,263.42857142857144,260.85714285714283,5.142857142857167,6,11.958646616541353
2026-06-01,SKU-1023,Flour,184.0,0,2997.0,7,False,162.0,220.0,259.2857142857143,258.7142857142857,258.14285714285717,1.1428571428571104,0,11.558677685950414
2026-06-02,SKU-1023,Flour,262.0,0,2735.0,7,False,184.0,510.0,254.14285714285714,232.85714285714286,211.57142857142858,42.571428571428555,1,10.761663856098933
2026-06-03,SKU-1023,Flour,269.0,0,2466.0,7,False,262.0,294.0,218.71428571428572,233.21428571428572,247.71428571428572,-29.0,2,11.274983670803396
2026-06-04,SKU-1023,Flour,242.0,0,2224.0,7,False,269.0,241.0,215.14285714285714,233.21428571428572,251.28571428571428,-36.14285714285714,3,10.337317397078353
2026-06-05,SKU-1023,Flour,176.0,0,2048.0,7,False,242.0,227.0,215.28571428571428,231.85714285714286,248.42857142857142,-33.14285714285714,4,9.512939615129396
2026-06-06,SKU-1023,Flour,195.0,0,1853.0,7,False,176.0,161.0,208.0,229.92857142857142,251.85714285714286,-43.85714285714286,5,8.908653846153847
2026-06-07,SKU-1023,Flour,217.0,2428,4064.0,7,False,195.0,162.0,212.85714285714286,239.42857142857142,266.0,-53.14285714285714,6,19.09261744966443
2026-06-08,SKU-1023,Flour,231.0,0,3833.0,7,False,217.0,184.0,220.71428571428572,240.0,259.2857142857143,-38.571428571428555,0,17.366343042071197
2026-06-09,SKU-1023,Flour,74.0,0,3759.0,7,False,231.0,262.0,227.42857142857142,240.78571428571428,254.14285714285714,-26.714285714285722,1,16.528266331658294
2026-06-10,SKU-1023,Flour,285.0,0,3474.0,7,False,74.0,269.0,200.57142857142858,209.64285714285714,218.71428571428572,-18.14285714285714,2,17.32051282051282
2026-06-11,SKU-1023,Flour,229.0,0,3245.0,7,False,285.0,242.0,202.85714285714286,209.0,215.14285714285714,-12.285714285714278,3,15.996478873239436
2026-06-12,SKU-1023,Flour,189.0,0,3056.0,7,False,229.0,176.0,201.0,208.14285714285714,215.28571428571428,-14.285714285714278,4,15.203980099502488
2026-06-13,SKU-1023,Flour,162.0,0,2894.0,7,False,189.0,195.0,202.85714285714286,205.42857142857142,208.0,-5.142857142857139,5,14.26619718309859
2026-06-14,SKU-1023,Flour,190.0,0,2704.0,7,False,162.0,217.0,198.14285714285714,205.5,212.85714285714286,-14.714285714285722,6,13.646719538572459
2026-06-15,SKU-1023,Flour,221.0,0,2483.0,7,False,190.0,231.0,194.28571428571428,207.5,220.71428571428572,-26.428571428571445,0,12.78014705882353
2026-06-16,SKU-1023,Flour,183.0,0,2300.0,7,False,221.0,74.0,192.85714285714286,210.14285714285714,227.42857142857142,-34.571428571428555,1,11.925925925925926
2026-06-17,SKU-1023,Flour,263.0,0,2037.0,7,False,183.0,285.0,208.42857142857142,204.5,200.57142857142858,7.857142857142833,2,9.773132282385196
2026-06-18,SKU-1023,Flour,269.0,0,1768.0,7,False,263.0,229.0,205.28571428571428,204.07142857142858,202.85714285714286,2.4285714285714164,3,8.612386917188587
2026-06-19,SKU-1023,Flour,201.0,0,1567.0,7,False,269.0,189.0,211.0,206.0,201.0,10.0,4,7.42654028436019
2026-06-20,SKU-1023,Flour,186.0,1892,3273.0,7,False,201.0,162.0,212.71428571428572,207.78571428571428,202.85714285714286,9.857142857142861,5,15.38683680322364
2026-06-21,SKU-1023,Flour,183.0,0,3090.0,7,False,186.0,190.0,216.14285714285714,207.14285714285714,198.14285714285714,18.0,6,14.296100462656973
2026-06-22,SKU-1023,Flour,209.0,0,2881.0,7,False,183.0,221.0,215.14285714285714,204.71428571428572,194.28571428571428,20.85714285714286,0,13.391102257636122
2026-06-23,SKU-1023,Flour,276.0,0,2605.0,7,False,209.0,183.0,213.42857142857142,203.14285714285714,192.85714285714286,20.571428571428555,1,12.205488621151272
2026-06-24,SKU-1023,Flour,292.0,0,2313.0,7,False,276.0,263.0,226.71428571428572,217.57142857142858,208.42857142857142,18.285714285714306,2,10.20226843100189
2026-06-25,SKU-1023,Flour,225.0,0,2088.0,7,False,292.0,269.0,230.85714285714286,218.07142857142858,205.28571428571428,25.571428571428584,3,9.044554455445544
2026-06-26,SKU-1023,Flour,169.0,0,1919.0,7,False,225.0,201.0,224.57142857142858,217.78571428571428,211.0,13.571428571428584,4,8.545165394402035
2026-06-27,SKU-1023,Flour,188.0,0,1731.0,7,False,169.0,186.0,220.0,216.35714285714286,212.71428571428572,7.285714285714278,5,7.868181818181818
2026-06-28,SKU-1023,Flour,198.0,0,1533.0,7,False,188.0,183.0,220.28571428571428,218.21428571428572,216.14285714285714,4.142857142857139,6,6.9591439688715955
2026-06-29,SKU-1023,Flour,208.0,0,1325.0,7,False,198.0,209.0,222.42857142857142,218.78571428571428,215.14285714285714,7.285714285714278,0,5.9569685292228645
2026-01-01,SKU-1024,Flour,259.0,0,1064.0,7,False,,,,,,,3,
2026-01-02,SKU-1024,Flour,89.0,0,975.0,7,False,259.0,,,,,,4,
2026-01-03,SKU-1024,Flour,218.0,0,757.0,7,False,89.0,,,,,,5,
2026-01-04,SKU-1024,Flour,165.0,0,592.0,7,False,218.0,,,,,,6,
2026-01-05,SKU-1024,Flour,255.0,0,337.0,7,False,165.0,,,,,,0,
2026-01-06,SKU-1024,Flour,296.0,0,41.0,7,False,255.0,,,,,,1,
2026-01-07,SKU-1024,Flour,234.0,0,0.0,7,False,296.0,,,,,,2,
2026-01-08,SKU-1024,Flour,257.0,0,0.0,7,False,234.0,259.0,216.57142857142858,,,,3,0.0
2026-01-09,SKU-1024,Flour,162.0,0,0.0,7,False,257.0,89.0,216.28571428571428,,,,4,0.0
2026-01-10,SKU-1024,Flour,234.0,2123,1889.0,7,False,162.0,218.0,226.71428571428572,,,,5,8.33207309388784
2026-01-11,SKU-1024,Flour,166.0,0,1723.0,7,False,234.0,165.0,229.0,,,,6,7.524017467248909
2026-01-12,SKU-1024,Flour,197.0,0,1526.0,7,False,166.0,255.0,229.14285714285714,,,,0,6.659600997506234
2026-01-13,SKU-1024,Flour,340.0,2581,3767.0,7,False,197.0,296.0,220.85714285714286,,,,1,17.05627425614489
2026-01-14,SKU-1024,Flour,308.0,0,3459.0,7,False,340.0,234.0,227.14285714285714,,,,2,15.228301886792453
2026-01-15,SKU-1024,Flour,183.0,0,3276.0,7,False,308.0,257.0,237.71428571428572,227.14285714285714,216.57142857142858,21.14285714285714,3,13.78125
2026-01-16,SKU-1024,Flour,137.0,0,3139.0,7,False,183.0,162.0,227.14285714285714,221.71428571428572,216.28571428571428,10.857142857142861,4,13.819496855345912
2026-01-17,SKU-1024,Flour,273.0,0,2866.0,7,False,137.0,234.0,223.57142857142858,225.14285714285714,226.71428571428572,-3.142857142857139,5,12.819169329073482
2026-01-18,SKU-1024,Flour,227.0,0,2639.0,7,False,273.0,166.0,229.14285714285714,229.07142857142858,229.0,0.1428571428571388,6,11.516832917705736
2026-01-19,SKU-1024,Flour,268.0,0,2371.0,7,False,227.0,197.0,237.85714285714286,233.5,229.14285714285714,8.714285714285722,0,9.968168168168168
2026-01-20,SKU-1024,Flour,226.0,0,2145.0,7,False,268.0,340.0,248.0,234.42857142857142,220.85714285714286,27.14285714285714,1,8.649193548387096
2026-01-21,SKU-1024,Flour,277.0,0,1868.0,7,False,226.0,308.0,231.71428571428572,229.42857142857142,227.14285714285714,4.571428571428584,2,8.061652281134402
2026-01-22,SKU-1024,Flour,84.0,2376,4160.0,7,False,277.0,183.0,227.28571428571428,232.5,237.71428571428572,-10.428571428571445,3,18.302954116907607
2026-01-23,SKU-1024,Flour,209.0,0,3951.0,7,False,84.0,137.0,213.14285714285714,220.14285714285714,227.14285714285714,-14.0,4,18.53686327077748
2026-01-24,SKU-1024,Flour,189.0,0,3762.0,7,False,209.0,273.0,223.42857142857142,223.5,223.57142857142858,-0.14285714285716722,5,16.83759590792839
2026-01-25,SKU-1024,Flour,36.0,0,3726.0,7,False,189.0,227.0,211.42857142857142,220.28571428571428,229.14285714285714,-17.714285714285722,6,17.622972972972974
2026-01-26,SKU-1024,Flour,256.0,0,3470.0,7,False,36.0,268.0,184.14285714285714,211.0,237.85714285714286,-53.71428571428572,0,18.844065166795968
2026-01-27,SKU-1024,Flour,125.0,0,3345.0,7,False,256.0,226.0,182.42857142857142,215.21428571428572,248.0,-65.57142857142858,1,18.335943617854348
2026-01-28,SKU-1024,Flour,198.0,0,3147.0,7,False,125.0,277.0,168.0,199.85714285714286,231.71428571428572,-63.71428571428572,2,18.732142857142858
2026-01-29,SKU-1024,Flour,397.0,0,2750.0,7,False,198.0,84.0,156.71428571428572,192.0,227.28571428571428,-70.57142857142856,3,17.547857793983592
2026-01-30,SKU-1024,Flour,258.0,0,2492.0,7,False,397.0,209.0,201.42857142857142,207.28571428571428,213.14285714285714,-11.714285714285722,4,12.37163120567376
2026-01-31,SKU-1024,Flour,186.0,0,2306.0,7,False,258.0,189.0,208.42857142857142,215.92857142857142,223.42857142857142,-15.0,5,11.063742289239206
2026-02-01,SKU-1024,Flour,187.0,0,2119.0,7,False,186.0,36.0,208.0,209.71428571428572,211.42857142857142,-3.4285714285714164,6,10.1875
2026-02-02,SKU-1024,Flour,239.0,0,1880.0,7,False,187.0,256.0,229.57142857142858,206.85714285714286,184.14285714285714,45.428571428571445,0,8.189172370877412
2026-02-03,SKU-1024,Flour,190.0,2042,3732.0,7,False,239.0,125.0,227.14285714285714,204.78571428571428,182.42857142857142,44.71428571428572,1,16.430188679245283
2026-02-04,SKU-1024,Flour,297.0,0,3435.0,7,False,190.0,198.0,236.42857142857142,202.21428571428572,168.0,68.42857142857142,2,14.528700906344412
2026-02-05,SKU-1024,Flour,179.0,0,3256.0,7,False,297.0,397.0,250.57142857142858,203.64285714285714,156.71428571428572,93.85714285714286,3,12.994298745724059
2026-02-06,SKU-1024,Flour,199.0,0,3057.0,7,False,179.0,258.0,219.42857142857142,210.42857142857142,201.42857142857142,18.0,4,13.931640625
2026-02-07,SKU-1024,Flour,194.0,0,2863.0,7,False,199.0,186.0,211.0,209.71428571428572,208.42857142857142,2.5714285714285836,5,13.568720379146919
2026-02-08,SKU-1024,Flour,201.0,0,2662.0,7,False,194.0,187.0,212.14285714285714,210.07142857142858,208.0,4.142857142857139,6,12.54814814814815
2026-02-09,SKU-1024,Flour,201.0,0,2377.0,7,False,201.0,239.0,214.14285714285714,221.85714285714286,229.57142857142858,-15.428571428571445,0,11.10006671114076
2026-02-10,SKU-1024,Flour,264.0,0,2113.0,7,False,201.0,190.0,208.71428571428572,217.92857142857142,227.14285714285714,-18.428571428571416,1,10.123887748117728
2026-02-11,SKU-1024,Flour,309.0,0,1804.0,7,False,264.0,297.0,219.28571428571428,227.85714285714286,236.42857142857142,-17.14285714285714,2,8.22671009771987
2026-02-12,SKU-1024,Flour,289.0,0,1515.0,7,False,309.0,179.0,221.0,235.78571428571428,250.57142857142858,-29.571428571428584,3,6.855203619909502
2026-02-13,SKU-1024,Flour,246.0,1888,3157.0,7,False,289.0,199.0,236.71428571428572,228.07142857142858,219.42857142857142,17.285714285714306,4,13.336753168376584
2026-02-14,SKU-1024,Flour,237.0,0,2920.0,7,False,246.0,194.0,243.42857142857142,227.21428571428572,211.0,32.428571428571416,5,11.99530516431925
2026-02-15,SKU-1024,Flour,207.0,0,2713.0,7,False,237.0,201.0,249.57142857142858,230.85714285714286,212.14285714285714,37.428571428571445,6,10.870635374928447
2026-02-16,SKU-1024,Flour,185.0,0,2528.0,7,False,207.0,201.0,250.42857142857142,232.28571428571428,214.14285714285714,36.28571428571428,0,10.09469480889903
2026-02-17,SKU-1024,Flour,293.0,0,2235.0,7,False,185.0,264.0,248.14285714285714,228.42857142857142,208.71428571428572,39.428571428571416,1,9.006908462867012
2026-02-18,SKU-1024,Flour,313.0,0,1922.0,7,False,293.0,309.0,252.28571428571428,235.78571428571428,219.28571428571428,33.0,2,7.618346545866365
2026-02-19,SKU-1024,Flour,286.0,0,1636.0,7,False,313.0,289.0,252.85714285714286,236.92857142857142,221.0,31.85714285714286,3,6.4700564971751415
2026-02-20,SKU-1024,Flour,298.0,0,1338.0,7,False,286.0,246.0,252.42857142857142,244.57142857142858,236.71428571428572,15.714285714285694,4,5.300509337860781
2026-02-21,SKU-1024,Flour,193.0,0,1145.0,7,False,298.0,237.0,259.85714285714283,251.64285714285714,243.42857142857142,16.428571428571416,5,4.406267179769104
2026-02-22,SKU-1024,Flour,220.0,2456,3381.0,7,False,193.0,207.0,253.57142857142858,251.57142857142858,249.57142857142858,4.0,6,13.333521126760562
2026-02-23,SKU-1024,Flour,318.0,0,3063.0,7,False,220.0,185.0,255.42857142857142,252.92857142857142,250.42857142857142,5.0,0,11.991610738255034
2026-02-24,SKU-1024,Flour,243.0,0,2820.0,7,False,318.0,293.0,274.42857142857144,261.2857142857143,248.14285714285714,26.285714285714306,1,10.275897969807392
2026-02-25,SKU-1024,Flour,289.0,0,2531.0,7,False,243.0,313.0,267.2857142857143,259.7857142857143,252.28571428571428,15.0,2,9.469267771245324
2026-02-26,SKU-1024,Flour,340.0,0,2191.0,7,False,289.0,286.0,263.85714285714283,258.35714285714283,252.85714285714286,10.999999999999972,3,8.303735787763943
2026-02-27,SKU-1024,Flour,169.0,0,2022.0,7,False,340.0,298.0,271.57142857142856,262.0,252.42857142857142,19.14285714285714,4,7.4455549710678595
2026-02-28,SKU-1024,Flour,195.0,0,1827.0,7,False,169.0,193.0,253.14285714285714,256.5,259.85714285714283,-6.714285714285694,5,7.217268623024831
2026-03-01,SKU-1024,Flour,203.0,2148,3772.0,7,False,195.0,220.0,253.42857142857142,253.5,253.57142857142858,-0.14285714285716722,6,14.883878241262684
2026-03-02,SKU-1024,Flour,166.0,0,3606.0,7,False,203.0,318.0,251.0,253.21428571428572,255.42857142857142,-4.428571428571416,0,14.366533864541832
2026-03-03,SKU-1024,Flour,273.0,0,3333.0,7,False,166.0,243.0,229.28571428571428,251.85714285714286,274.42857142857144,-45.14285714285717,1,14.536448598130841
2026-03-04,SKU-1024,Flour,190.0,0,3143.0,7,False,273.0,289.0,233.57142857142858,250.42857142857142,267.2857142857143,-33.714285714285694,2,13.456269113149846
2026-03-05,SKU-1024,Flour,258.0,0,2885.0,7,False,190.0,340.0,219.42857142857142,241.64285714285714,263.85714285714283,-44.428571428571416,3,13.147786458333334
2026-03-06,SKU-1024,Flour,227.0,0,2658.0,7,False,258.0,169.0,207.71428571428572,239.64285714285714,271.57142857142856,-63.85714285714283,4,12.796423658872076
2026-03-07,SKU-1024,Flour,251.0,0,2407.0,7,False,227.0,195.0,216.0,234.57142857142858,253.14285714285714,-37.14285714285714,5,11.143518518518519
2026-03-08,SKU-1024,Flour,160.0,0,2247.0,7,False,251.0,203.0,224.0,238.71428571428572,253.42857142857142,-29.428571428571416,6,10.03125
2026-03-09,SKU-1024,Flour,208.0,0,2039.0,7,False,160.0,166.0,217.85714285714286,234.42857142857142,251.0,-33.14285714285714,0,9.359344262295082
2026-03-10,SKU-1024,Flour,352.0,0,1687.0,7,False,208.0,273.0,223.85714285714286,226.57142857142858,229.28571428571428,-5.428571428571416,1,7.536056158264199
2026-03-11,SKU-1024,Flour,267.0,0,1420.0,7,False,352.0,190.0,235.14285714285714,234.35714285714286,233.57142857142858,1.5714285714285552,2,6.038882138517619
2026-03-12,SKU-1024,Flour,171.0,2424,3673.0,7,False,267.0,258.0,246.14285714285714,232.78571428571428,219.42857142857142,26.714285714285722,3,14.92222867092281
2026-03-13,SKU-1024,Flour,219.0,0,3454.0,7,False,171.0,227.0,233.71428571428572,220.71428571428572,207.71428571428572,26.0,4,14.778728606356967
2026-03-14,SKU-1024,Flour,185.0,0,3269.0,7,False,219.0,251.0,232.57142857142858,224.28571428571428,216.0,16.571428571428584,5,14.055896805896806
2026-03-15,SKU-1024,Flour,256.0,0,3013.0,7,False,185.0,160.0,223.14285714285714,223.57142857142858,224.0,-0.8571428571428612,6,13.502560819462229
2026-03-16,SKU-1024,Flour,269.0,0,2744.0,7,False,256.0,208.0,236.85714285714286,227.35714285714286,217.85714285714286,19.0,0,11.585042219541617
2026-03-17,SKU-1024,Flour,225.0,0,2744.0,7,False,269.0,352.0,245.57142857142858,234.71428571428572,223.85714285714286,21.714285714285722,1,11.173938336242001
2026-03-18,SKU-1024,Flour,350.0,0,2169.0,7,False,225.0,267.0,227.42857142857142,231.28571428571428,235.14285714285714,-7.714285714285722,2,9.537060301507537
2026-03-19,SKU-1024,Flour,216.0,0,1953.0,7,False,350.0,171.0,239.28571428571428,242.71428571428572,246.14285714285714,-6.857142857142861,3,8.16179104477612
2026-03-20,SKU-1024,Flour,169.0,0,1784.0,7,False,216.0,219.0,245.71428571428572,239.71428571428572,233.71428571428572,12.0,4,7.26046511627907
2026-03-21,SKU-1024,Flour,189.0,1826,3421.0,7,False,169.0,185.0,238.57142857142858,235.57142857142858,232.57142857142858,6.0,5,14.339520958083831
2026-03-22,SKU-1024,Flour,242.0,0,3179.0,7,False,189.0,256.0,239.14285714285714,231.14285714285714,223.14285714285714,16.0,6,13.293309438470729
2026-03-23,SKU-1024,Flour,239.0,0,2940.0,7,False,242.0,269.0,237.14285714285714,237.0,236.85714285714286,0.2857142857142776,0,12.397590361445783
2026-03-24,SKU-1024,Flour,186.0,0,2754.0,7,False,239.0,225.0,232.85714285714286,239.21428571428572,245.57142857142858,-12.714285714285722,1,11.826993865030675
2026-03-25,SKU-1024,Flour,219.0,0,2535.0,7,False,186.0,350.0,227.28571428571428,227.35714285714286,227.42857142857142,-0.1428571428571388,2,11.153362664990572
2026-03-26,SKU-1024,Flour,369.0,0,2166.0,7,False,219.0,216.0,208.57142857142858,223.92857142857142,239.28571428571428,-30.714285714285694,3,10.384931506849314
2026-03-27,SKU-1024,Flour,238.0,0,1928.0,7,False,369.0,169.0,230.42857142857142,238.07142857142858,245.71428571428572,-15.285714285714306,4,8.367017978921265
2026-03-28,SKU-1024,Flour,168.0,0,1760.0,7,False,238.0,189.0,240.28571428571428,239.42857142857142,238.57142857142858,1.714285714285694,5,7.32461355529132
2026-03-29,SKU-1024,Flour,168.0,2301,3890.0,7,False,168.0,242.0,237.28571428571428,238.21428571428572,239.14285714285714,-1.8571428571428612,6,16.393738711619505
2026-03-30,SKU-1024,Flour,406.0,0,3484.0,7,False,168.0,239.0,226.71428571428572,231.92857142857142,237.14285714285714,-10.428571428571416,0,15.367359798361688
2026-03-31,SKU-1024,Flour,213.0,0,3271.0,7,False,406.0,186.0,250.57142857142858,241.71428571428572,232.85714285714286,17.714285714285722,1,13.054161915621435
2026-04-01,SKU-1024,Flour,274.0,0,2997.0,7,False,213.0,219.0,254.42857142857142,240.85714285714286,227.28571428571428,27.14285714285714,2,11.779337450870297
2026-04-02,SKU-1024,Flour,294.0,0,2703.0,7,False,274.0,369.0,262.2857142857143,235.42857142857142,208.57142857142858,53.714285714285694,3,10.305555555555555
2026-04-03,SKU-1024,Flour,270.0,0,2433.0,7,False,294.0,238.0,251.57142857142858,241.0,230.42857142857142,21.142857142857167,4,9.671209540034072
2026-04-04,SKU-1024,Flour,100.0,0,2333.0,7,False,270.0,168.0,256.14285714285717,248.21428571428572,240.28571428571428,15.85714285714289,5,9.10819854991634
2026-04-05,SKU-1024,Flour,251.0,0,2082.0,7,False,100.0,168.0,246.42857142857142,241.85714285714286,237.28571428571428,9.142857142857139,6,8.448695652173914
2026-04-06,SKU-1024,Flour,298.0,0,1784.0,7,False,251.0,406.0,258.2857142857143,242.5,226.71428571428572,31.571428571428555,0,6.907079646017699
2026-04-07,SKU-1024,Flour,251.0,0,1784.0,7,False,298.0,213.0,242.85714285714286,246.71428571428572,250.57142857142858,-7.714285714285722,1,7.345882352941176
2026-04-08,SKU-1024,Flour,302.0,1911,3142.0,7,False,251.0,274.0,248.28571428571428,251.35714285714286,254.42857142857142,-6.142857142857139,2,12.654775604142694
2026-04-09,SKU-1024,Flour,317.0,0,2825.0,7,False,302.0,294.0,252.28571428571428,257.2857142857143,262.2857142857143,-10.0,3,11.197621744054361
2026-04-10,SKU-1024,Flour,186.0,0,2639.0,7,False,317.0,270.0,255.57142857142858,253.57142857142858,251.57142857142858,4.0,4,10.325880380100614
2026-04-11,SKU-1024,Flour,216.0,0,2423.0,7,False,186.0,100.0,243.57142857142858,249.85714285714286,256.14285714285717,-12.571428571428584,5,9.947800586510263
2026-04-12,SKU-1024,Flour,213.0,0,2210.0,7,False,216.0,251.0,260.14285714285717,253.28571428571428,246.42857142857142,13.71428571428575,6,8.495332235035693
2026-04-13,SKU-1024,Flour,222.0,0,1988.0,7,False,213.0,298.0,254.71428571428572,256.5,258.2857142857143,-3.571428571428555,0,7.804823331463825
2026-04-14,SKU-1024,Flour,161.0,0,1827.0,7,False,222.0,251.0,243.85714285714286,243.35714285714286,242.85714285714286,1.0,1,7.492091388400703
2026-04-15,SKU-1024,Flour,293.0,0,1534.0,7,False,161.0,302.0,231.0,239.64285714285714,248.28571428571428,-17.285714285714278,2,6.640692640692641
2026-04-16,SKU-1024,Flour,219.0,0,1315.0,7,False,293.0,317.0,229.71428571428572,241.0,252.28571428571428,-22.571428571428555,3,5.724502487562189
2026-04-17,SKU-1024,Flour,230.0,0,1085.0,7,False,219.0,186.0,215.71428571428572,235.64285714285714,255.57142857142858,-39.85714285714286,4,5.029801324503311
2026-04-18,SKU-1024,Flour,260.0,0,825.0,7,False,230.0,216.0,222.0,232.78571428571428,243.57142857142858,-21.571428571428584,5,3.7162162162162162
2026-04-19,SKU-1024,Flour,231.0,2073,2667.0,7,False,260.0,213.0,228.28571428571428,244.21428571428572,260.14285714285717,-31.85714285714289,6,11.682728410513143
2026-04-20,SKU-1024,Flour,313.0,0,2354.0,7,False,231.0,222.0,230.85714285714286,242.78571428571428,254.71428571428572,-23.85714285714286,0,10.196782178217822
2026-04-21,SKU-1024,Flour,355.0,0,1999.0,7,False,313.0,161.0,243.85714285714286,243.85714285714286,243.85714285714286,0.0,1,8.197422378441711
2026-04-22,SKU-1024,Flour,298.0,0,1701.0,7,False,355.0,293.0,271.57142857142856,251.28571428571428,231.0,40.571428571428555,2,6.263545502367175
2026-04-23,SKU-1024,Flour,252.0,0,1449.0,7,False,298.0,219.0,272.2857142857143,251.0,229.71428571428572,42.571428571428555,3,5.321615949632739
2026-04-24,SKU-1024,Flour,237.0,0,1212.0,7,False,252.0,230.0,277.0,246.35714285714286,215.71428571428572,61.28571428571428,4,4.375451263537906
2026-04-25,SKU-1024,Flour,286.0,0,926.0,7,False,237.0,260.0,278.0,250.0,222.0,56.0,5,3.3309352517985613
2026-04-26,SKU-1024,Flour,286.0,0,640.0,7,False,286.0,231.0,281.7142857142857,255.0,228.28571428571428,53.428571428571445,6,2.2718052738336714
2026-04-27,SKU-1024,Flour,230.0,0,410.0,7,False,286.0,313.0,289.57142857142856,260.2142857142857,230.85714285714286,58.714285714285694,0,1.415885545140602
2026-04-28,SKU-1024,Flour,230.0,0,244.0,7,False,230.0,355.0,277.7142857142857,260.7857142857143,243.85714285714286,33.85714285714286,1,0.8786008230452674
2026-04-29,SKU-1024,Flour,272.0,0,0.0,7,False,230.0,298.0,259.85714285714283,265.7142857142857,271.57142857142856,-11.714285714285722,2,0.0
2026-04-30,SKU-1024,Flour,223.0,0,0.0,7,False,272.0,252.0,256.14285714285717,264.2142857142857,272.2857142857143,-16.14285714285711,3,0.0
2026-05-01,SKU-1024,Flour,241.0,0,0.0,7,False,223.0,237.0,252.0,264.5,277.0,-25.0,4,0.0
2026-05-02,SKU-1024,Flour,220.0,1882,1662.0,7,False,241.0,286.0,252.57142857142858,265.2857142857143,278.0,-25.428571428571416,5,6.580316742081448
2026-05-03,SKU-1024,Flour,171.0,0,1491.0,7,False,220.0,286.0,243.14285714285714,262.42857142857144,281.7142857142857,-38.571428571428584,6,6.132197414806111
2026-05-04,SKU-1024,Flour,217.0,2124,3398.0,7,False,171.0,230.0,226.71428571428572,258.14285714285717,289.57142857142856,-62.85714285714283,0,14.9880277252678
2026-05-05,SKU-1024,Flour,208.0,0,3190.0,7,False,217.0,230.0,224.85714285714286,251.28571428571428,277.7142857142857,-52.85714285714286,1,14.186785260482846
2026-05-06,SKU-1024,Flour,291.0,0,2899.0,7,False,208.0,272.0,221.71428571428572,240.78571428571428,259.85714285714283,-38.14285714285711,2,13.075386597938143
2026-05-07,SKU-1024,Flour,287.0,0,2612.0,7,False,291.0,223.0,224.42857142857142,240.28571428571428,256.14285714285717,-31.71428571428575,3,11.638446849140676
2026-05-08,SKU-1024,Flour,295.0,0,2317.0,7,False,287.0,241.0,233.57142857142858,242.78571428571428,252.0,-18.428571428571416,4,9.919877675840977
2026-05-09,SKU-1024,Flour,229.0,0,2088.0,7,False,295.0,220.0,241.28571428571428,246.92857142857142,252.57142857142858,-11.285714285714306,5,8.653641207815276
2026-05-10,SKU-1024,Flour,231.0,0,1857.0,7,False,229.0,171.0,242.57142857142858,242.85714285714286,243.14285714285714,-0.5714285714285552,6,7.6554770318021195
2026-05-11,SKU-1024,Flour,365.0,0,1492.0,7,False,231.0,217.0,251.14285714285714,238.92857142857142,226.71428571428572,24.428571428571416,0,5.940841865756542
2026-05-12,SKU-1024,Flour,243.0,2004,3253.0,7,False,365.0,208.0,272.2857142857143,248.57142857142858,224.85714285714286,47.428571428571416,1,11.947009443861491
2026-05-13,SKU-1024,Flour,211.0,0,3253.0,7,False,243.0,291.0,277.2857142857143,249.5,221.71428571428572,55.571428571428555,2,11.731581658938692
2026-05-14,SKU-1024,Flour,295.0,0,2747.0,7,False,211.0,287.0,265.85714285714283,245.14285714285714,224.42857142857142,41.428571428571416,3,10.332616872649114
2026-05-15,SKU-1024,Flour,228.0,0,2519.0,7,False,295.0,295.0,267.0,250.28571428571428,233.57142857142858,33.428571428571416,4,9.434456928838951
2026-05-16,SKU-1024,Flour,166.0,0,2353.0,7,False,228.0,229.0,257.42857142857144,249.35714285714286,241.28571428571428,16.142857142857167,5,9.140399556048834
2026-05-17,SKU-1024,Flour,154.0,0,2199.0,7,False,166.0,231.0,248.42857142857142,245.5,242.57142857142858,5.857142857142833,6,8.85163887291547
2026-05-18,SKU-1024,Flour,182.0,0,2017.0,7,False,154.0,365.0,237.42857142857142,244.28571428571428,251.14285714285714,-13.714285714285722,0,8.495186522262335
2026-05-19,SKU-1024,Flour,332.0,0,1685.0,7,False,182.0,243.0,211.28571428571428,241.78571428571428,272.2857142857143,-61.0,1,7.974983096686951
2026-05-20,SKU-1024,Flour,298.0,2497,3884.0,7,False,332.0,211.0,224.0,250.64285714285714,277.2857142857143,-53.28571428571428,2,17.339285714285715
2026-05-21,SKU-1024,Flour,274.0,0,3610.0,7,False,298.0,295.0,236.42857142857142,251.14285714285714,265.85714285714283,-29.428571428571416,3,15.268882175226587
2026-05-22,SKU-1024,Flour,233.0,0,3377.0,7,False,274.0,228.0,233.42857142857142,250.21428571428572,267.0,-33.571428571428584,4,14.466952264381886
2026-05-23,SKU-1024,Flour,199.0,0,3178.0,7,False,233.0,166.0,234.14285714285714,245.78571428571428,257.42857142857144,-23.285714285714306,5,13.572910311165344
2026-05-24,SKU-1024,Flour,266.0,0,2912.0,7,False,199.0,154.0,238.85714285714286,243.64285714285714,248.42857142857142,-9.571428571428555,6,12.191387559808613
2026-05-25,SKU-1024,Flour,288.0,0,2624.0,7,False,266.0,182.0,254.85714285714286,246.14285714285714,237.42857142857142,17.428571428571445,0,10.295964125560538
2026-05-26,SKU-1024,Flour,231.0,0,2393.0,7,False,288.0,332.0,270.0,240.64285714285714,211.28571428571428,58.71428571428572,1,8.862962962962962
2026-05-27,SKU-1024,Flour,356.0,0,2037.0,7,False,231.0,298.0,255.57142857142858,239.78571428571428,224.0,31.571428571428584,2,7.970374510899943
2026-05-28,SKU-1024,Flour,315.0,0,1722.0,7,False,356.0,274.0,263.85714285714283,250.14285714285714,236.42857142857142,27.428571428571416,3,6.526258798050894
2026-05-29,SKU-1024,Flour,287.0,2258,3693.0,7,False,315.0,233.0,269.7142857142857,251.57142857142858,233.42857142857142,36.285714285714306,4,13.692266949152541
2026-05-30,SKU-1024,Flour,245.0,0,3448.0,7,False,287.0,199.0,277.42857142857144,255.78571428571428,234.14285714285714,43.285714285714306,5,12.42842430484037
2026-05-31,SKU-1024,Flour,225.0,0,3223.0,7,False,245.0,266.0,284.0,261.42857142857144,238.85714285714286,45.14285714285714,6,11.348591549295774
2026-06-01,SKU-1024,Flour,171.0,0,3052.0,7,False,225.0,288.0,278.14285714285717,266.5,254.85714285714286,23.285714285714306,0,10.972778633795581
2026-06-02,SKU-1024,Flour,366.0,0,2686.0,7,False,171.0,231.0,261.42857142857144,265.7142857142857,270.0,-8.571428571428555,1,10.27431693989071
2026-06-03,SKU-1024,Flour,290.0,0,2396.0,7,False,366.0,356.0,280.7142857142857,268.14285714285717,255.57142857142858,25.14285714285714,2,8.535368956743003
2026-06-04,SKU-1024,Flour,212.0,0,2184.0,7,False,290.0,315.0,271.2857142857143,267.57142857142856,263.85714285714283,7.428571428571445,3,8.050552922590837
2026-06-05,SKU-1024,Flour,259.0,0,1925.0,7,False,212.0,287.0,256.57142857142856,263.14285714285717,269.7142857142857,-13.142857142857167,4,7.502783964365257
2026-06-06,SKU-1024,Flour,252.0,0,1673.0,7,False,259.0,245.0,252.57142857142858,265.0,277.42857142857144,-24.85714285714286,5,6.623868778280543
2026-06-07,SKU-1024,Flour,153.0,0,1520.0,7,False,252.0,225.0,253.57142857142858,268.7857142857143,284.0,-30.428571428571416,6,5.994366197183099
2026-06-08,SKU-1024,Flour,220.0,2248,3548.0,7,False,153.0,171.0,243.28571428571428,260.7142857142857,278.14285714285717,-34.85714285714289,0,14.583675866118615
2026-06-09,SKU-1024,Flour,266.0,0,3282.0,7,False,220.0,366.0,250.28571428571428,255.85714285714286,261.42857142857144,-11.142857142857167,1,13.113013698630137
2026-06-10,SKU-1024,Flour,299.0,0,2983.0,7,False,266.0,290.0,236.0,258.35714285714283,280.7142857142857,-44.71428571428572,2,12.639830508474576
2026-06-11,SKU-1024,Flour,402.0,0,2581.0,7,False,299.0,212.0,237.28571428571428,254.28571428571428,271.2857142857143,-34.0,3,10.877182420228777
2026-06-12,SKU-1024,Flour,245.0,0,2336.0,7,False,402.0,259.0,264.42857142857144,260.5,256.57142857142856,7.85714285714289,4,8.834143706104808
2026-06-13,SKU-1024,Flour,227.0,0,2109.0,7,False,245.0,252.0,262.42857142857144,257.5,252.57142857142858,9.857142857142861,5,8.036472509526401
2026-06-14,SKU-1024,Flour,189.0,0,1920.0,7,False,227.0,153.0,258.85714285714283,256.2142857142857,253.57142857142858,5.285714285714249,6,7.417218543046358
2026-06-15,SKU-1024,Flour,145.0,0,1775.0,7,False,189.0,220.0,264.0,253.64285714285714,243.28571428571428,20.714285714285722,0,6.723484848484849
2026-06-16,SKU-1024,Flour,668.0,2565,3672.0,7,False,145.0,266.0,253.28571428571428,251.78571428571428,250.28571428571428,3.0,1,14.49746192893401
2026-06-17,SKU-1024,Flour,341.0,0,3331.0,7,False,668.0,299.0,310.7142857142857,273.35714285714283,236.0,74.71428571428572,2,10.720459770114942
2026-06-18,SKU-1024,Flour,330.0,0,3001.0,7,False,341.0,402.0,316.7142857142857,277.0,237.28571428571428,79.42857142857144,3,9.475417230491654
2026-06-19,SKU-1024,Flour,233.0,0,2768.0,7,False,330.0,245.0,306.42857142857144,285.42857142857144,264.42857142857144,42.0,4,9.033100233100233
2026-06-20,SKU-1024,Flour,190.0,0,2578.0,7,False,233.0,227.0,304.7142857142857,283.57142857142856,262.42857142857144,42.28571428571428,5,8.46038443506798
2026-06-21,SKU-1024,Flour,182.0,0,2396.0,7,False,190.0,189.0,299.42857142857144,279.14285714285717,258.85714285714283,40.57142857142861,6,8.001908396946565
2026-06-22,SKU-1024,Flour,121.0,0,2275.0,7,False,182.0,145.0,298.42857142857144,281.2142857142857,264.0,34.428571428571445,0,7.623264719961703
2026-06-23,SKU-1024,Flour,257.0,0,2018.0,7,False,121.0,668.0,295.0,274.14285714285717,253.28571428571428,41.71428571428572,1,6.840677966101695
2026-06-24,SKU-1024,Flour,288.0,0,1730.0,7,False,257.0,341.0,236.28571428571428,273.5,310.7142857142857,-74.42857142857144,2,7.321644498186216
2026-06-25,SKU-1024,Flour,224.0,0,1506.0,7,False,288.0,330.0,228.71428571428572,272.7142857142857,316.7142857142857,-88.0,3,6.5846346033728915
2026-06-26,SKU-1024,Flour,168.0,0,1338.0,7,False,224.0,233.0,213.57142857142858,260.0,306.42857142857144,-92.85714285714286,4,6.264882943143812
2026-06-27,SKU-1024,Flour,153.0,2551,3736.0,7,False,168.0,190.0,204.28571428571428,254.5,304.7142857142857,-100.42857142857144,5,18.28811188811189
2026-06-28,SKU-1024,Flour,203.0,0,3533.0,7,False,153.0,182.0,199.0,249.21428571428572,299.42857142857144,-100.42857142857144,6,17.753768844221106
2026-06-29,SKU-1024,Flour,244.0,0,3289.0,7,False,203.0,121.0,202.0,250.21428571428572,298.42857142857144,-96.42857142857144,0,16.282178217821784
2026-06-18,SKU-2000,Snacks,147.0,0,437.0,7,True,,,,,,,3,
2026-06-19,SKU-2000,Snacks,308.0,0,129.0,7,True,147.0,,,,,,4,
2026-06-20,SKU-2000,Snacks,186.0,0,0.0,7,True,308.0,,,,,,5,
2026-06-21,SKU-2000,Snacks,204.0,0,0.0,7,True,186.0,,,,,,6,
2026-06-22,SKU-2000,Snacks,257.0,0,0.0,7,True,204.0,,,,,,0,
2026-06-23,SKU-2000,Snacks,130.0,0,0.0,7,True,257.0,,,,,,1,
2026-06-24,SKU-2000,Snacks,214.0,0,0.0,7,True,130.0,,,,,,2,
2026-06-25,SKU-2000,Snacks,270.0,0,0.0,7,True,214.0,147.0,206.57142857142858,,,,3,0.0
2026-06-26,SKU-2000,Snacks,170.0,0,0.0,7,True,270.0,308.0,224.14285714285714,,,,4,0.0
2026-06-27,SKU-2000,Snacks,238.0,0,0.0,7,True,170.0,186.0,204.42857142857142,,,,5,0.0
2026-06-28,SKU-2000,Snacks,293.0,0,0.0,7,True,238.0,204.0,211.85714285714286,,,,6,0.0
2026-06-29,SKU-2000,Snacks,224.0,0,0.0,7,True,293.0,257.0,224.57142857142858,,,,0,0.0
2026-06-18,SKU-2001,Beverages,353.0,0,729.0,10,True,,,,,,,3,
2026-06-19,SKU-2001,Beverages,215.0,0,514.0,10,True,353.0,,,,,,4,
2026-06-20,SKU-2001,Beverages,353.0,0,161.0,10,True,215.0,,,,,,5,
2026-06-21,SKU-2001,Beverages,228.0,0,0.0,10,True,353.0,,,,,,6,
2026-06-22,SKU-2001,Beverages,298.0,0,0.0,10,True,228.0,,,,,,0,
2026-06-23,SKU-2001,Beverages,240.0,0,0.0,10,True,298.0,,,,,,1,
2026-06-24,SKU-2001,Beverages,232.0,0,0.0,10,True,240.0,,,,,,2,
2026-06-25,SKU-2001,Beverages,283.0,0,0.0,10,True,232.0,353.0,274.14285714285717,,,,3,0.0
2026-06-26,SKU-2001,Beverages,316.0,0,0.0,10,True,283.0,215.0,264.14285714285717,,,,4,0.0
2026-06-27,SKU-2001,Beverages,256.0,0,0.0,10,True,316.0,353.0,278.57142857142856,,,,5,0.0
2026-06-28,SKU-2001,Beverages,348.0,0,0.0,10,True,256.0,228.0,264.7142857142857,,,,6,0.0
2026-06-29,SKU-2001,Beverages,277.0,0,0.0,10,True,348.0,298.0,281.85714285714283,,,,0,0.0
2026-06-18,SKU-2002,Flour,293.0,0,872.0,5,True,,,,,,,3,
2026-06-19,SKU-2002,Flour,336.0,0,536.0,5,True,293.0,,,,,,4,
2026-06-20,SKU-2002,Flour,256.0,0,280.0,5,True,336.0,,,,,,5,
2026-06-21,SKU-2002,Flour,200.0,0,80.0,5,True,256.0,,,,,,6,
2026-06-22,SKU-2002,Flour,234.0,0,0.0,5,True,200.0,,,,,,0,
2026-06-23,SKU-2002,Flour,358.0,0,0.0,5,True,234.0,,,,,,1,
2026-06-24,SKU-2002,Flour,307.0,0,0.0,5,True,358.0,,,,,,2,
2026-06-25,SKU-2002,Flour,213.0,0,0.0,5,True,307.0,293.0,283.42857142857144,,,,3,0.0
2026-06-26,SKU-2002,Flour,176.0,0,0.0,5,True,213.0,336.0,272.0,,,,4,0.0
2026-06-27,SKU-2002,Flour,299.0,0,0.0,5,True,176.0,256.0,249.14285714285714,,,,5,0.0
2026-06-28,SKU-2002,Flour,293.0,0,0.0,5,True,299.0,200.0,255.28571428571428,,,,6,0.0
2026-06-29,SKU-2002,Flour,252.0,0,0.0,5,True,293.0,234.0,268.57142857142856,,,,0,0.0
